variant,file_size,file_size_label,run_id,encap_us,hkdf_us,aes_enc_ms,pack_ms,total_enc_ms,throughput_MBps,ns_per_byte,expansion_pct,encap_frac_pct,aes_dec_ms,total_dec_ms
ML-KEM-512,262144,256 KB,1,266.499999,82.899998,0.792800,0.173400,1.315600,190.027364,5.018616,0.303650,20.256917,5.598900,5.598900
ML-KEM-512,262144,256 KB,2,303.700006,96.000003,0.932500,0.051000,1.383200,180.740312,5.276489,0.303650,21.956334,3.738700,3.738700
ML-KEM-512,262144,256 KB,3,252.899998,84.300002,0.842300,0.152200,1.331700,187.729970,5.080032,0.303650,18.990764,4.321600,4.321600
ML-KEM-512,262144,256 KB,4,268.800002,90.900001,0.704200,0.281900,1.345800,185.763114,5.133820,0.303650,19.973250,5.665700,5.665700
ML-KEM-512,262144,256 KB,7,183.999997,62.100000,0.973900,0.170500,1.390500,179.791443,5.304337,0.303650,13.232650,3.552800,3.552800
ML-KEM-512,262144,256 KB,8,384.100000,80.700003,0.767400,0.031200,1.263400,197.878740,4.819489,0.303650,30.402090,3.496500,3.496500
ML-KEM-512,262144,256 KB,9,343.899999,86.400003,0.920100,0.042100,1.392500,179.533214,5.311966,0.303650,24.696589,2.768400,2.768400
ML-KEM-512,262144,256 KB,10,264.199996,77.500001,0.858300,0.043300,1.243300,201.077777,4.742813,0.303650,21.249899,3.855400,3.855400
ML-KEM-512,262144,256 KB,12,241.599999,81.999999,0.715600,0.040900,1.080100,231.460051,4.120254,0.303650,22.368299,3.028200,3.028200
ML-KEM-512,262144,256 KB,13,196.399997,62.600004,0.603800,0.023900,0.886700,281.944288,3.382492,0.303650,22.149543,2.911200,2.911200
ML-KEM-512,262144,256 KB,14,195.900000,59.800004,0.711400,0.144300,1.111400,224.941515,4.239655,0.303650,17.626417,3.342100,3.342100
ML-KEM-512,262144,256 KB,15,231.200000,75.500000,0.665600,0.066700,1.039000,240.615976,3.963470,0.303650,22.252165,2.859900,2.859900
ML-KEM-512,262144,256 KB,16,299.699997,84.200001,0.809800,0.155400,1.349100,185.308724,5.146408,0.303650,22.214810,3.182700,3.182700
ML-KEM-512,262144,256 KB,17,184.000004,147.700004,1.000500,0.181700,1.513900,165.136402,5.775070,0.303650,12.154039,3.768300,3.768300
ML-KEM-512,262144,256 KB,18,200.299997,63.100000,0.677500,0.031300,0.972200,257.148736,3.708649,0.303650,20.602756,3.340700,3.340700
ML-KEM-512,262144,256 KB,19,241.000002,75.900003,0.703400,0.031400,1.051700,237.710373,4.011917,0.303650,22.915280,2.898700,2.898700
ML-KEM-512,262144,256 KB,20,178.399998,60.200000,0.595600,0.023800,0.858000,291.375289,3.273010,0.303650,20.792540,3.563500,3.563500
ML-KEM-512,262144,256 KB,21,241.100002,71.199996,0.790900,0.170200,1.273400,196.324800,4.857635,0.303650,18.933564,3.139500,3.139500
ML-KEM-512,262144,256 KB,22,185.099998,59.099999,0.587700,0.026600,0.858500,291.205593,3.274918,0.303650,21.560862,2.876600,2.876600
ML-KEM-512,262144,256 KB,23,187.300000,58.400001,0.612300,0.025700,0.883700,282.901438,3.371048,0.303650,21.194976,2.468700,2.468700
ML-KEM-512,262144,256 KB,24,221.899994,60.700004,1.054700,0.040600,1.377900,181.435518,5.256271,0.303650,16.104216,2.863600,2.863600
ML-KEM-512,262144,256 KB,25,177.299997,58.500002,0.576300,0.023000,0.835100,299.365346,3.185654,0.303650,21.230990,2.034600,2.034600
ML-KEM-512,262144,256 KB,26,135.499999,27.000002,0.433800,0.144000,0.740300,337.700933,2.824020,0.303650,18.303390,2.957800,2.957800
ML-KEM-512,262144,256 KB,27,168.099999,54.600001,0.593300,0.022900,0.838900,298.009298,3.200150,0.303650,20.038145,2.675400,2.675400
ML-KEM-512,262144,256 KB,28,226.400000,66.600005,0.829700,0.033600,1.156300,216.206867,4.410934,0.303650,19.579694,4.180100,4.180100
ML-KEM-512,262144,256 KB,29,201.200004,58.600002,0.767300,0.022900,1.050000,238.095238,4.005432,0.303650,19.161905,2.095600,2.095600
ML-KEM-512,262144,256 KB,30,133.599999,53.099997,0.823600,0.025700,1.036000,241.312741,3.952026,0.303650,12.895753,2.404900,2.404900
ML-KEM-512,262144,256 KB,31,161.700002,53.299998,0.585900,0.022200,0.823100,303.729801,3.139877,0.303650,19.645244,3.153300,3.153300
ML-KEM-512,262144,256 KB,32,186.199999,78.599995,0.896700,0.031800,1.193300,209.503059,4.552078,0.303650,15.603788,2.507400,2.507400
ML-KEM-512,262144,256 KB,33,171.300002,55.300006,0.598700,0.026300,0.851600,293.565053,3.248596,0.303650,20.115078,2.254600,2.254600
ML-KEM-512,262144,256 KB,34,166.099999,155.900001,0.882500,0.253300,1.457800,171.491288,5.561066,0.303650,11.393881,2.626800,2.626800
ML-KEM-512,262144,256 KB,35,186.199999,68.499998,0.934400,0.032600,1.221700,204.632889,4.660416,0.303650,15.241058,2.769100,2.769100
ML-KEM-512,262144,256 KB,36,212.200001,65.499997,0.749600,0.034100,1.061400,235.537967,4.048920,0.303650,19.992463,2.335400,2.335400
ML-KEM-512,262144,256 KB,37,162.800003,33.500000,0.682000,0.019100,0.897400,278.582572,3.423309,0.303650,18.141297,2.828300,2.828300
ML-KEM-512,262144,256 KB,38,181.700001,58.300000,0.604100,0.025800,0.869900,287.389354,3.318405,0.303650,20.887458,2.611400,2.611400
ML-KEM-512,262144,256 KB,39,214.299995,68.100002,0.842500,0.035100,1.160000,215.517241,4.425049,0.303650,18.474137,3.779600,3.779600
ML-KEM-512,262144,256 KB,40,192.400003,59.400001,0.798700,0.022900,1.073400,232.904788,4.094696,0.303650,17.924353,2.542700,2.542700
ML-KEM-512,262144,256 KB,41,171.600004,56.099998,0.747900,0.039300,1.014900,246.329687,3.871536,0.303650,16.908070,2.883400,2.883400
ML-KEM-512,262144,256 KB,42,213.000007,76.099997,0.517200,0.159300,0.965600,258.906378,3.683472,0.303650,22.058824,2.699600,2.699600
ML-KEM-512,262144,256 KB,43,299.399995,72.100003,1.190100,0.031900,1.593500,156.887355,6.078720,0.303650,18.788829,2.261400,2.261400
ML-KEM-512,262144,256 KB,44,165.300000,54.299999,0.575700,0.019300,0.814600,306.899093,3.107452,0.303650,20.292168,2.347900,2.347900
ML-KEM-512,262144,256 KB,45,165.599995,55.800003,0.760100,0.020200,1.001700,249.575723,3.821182,0.303650,16.531895,2.047900,2.047900
ML-KEM-512,262144,256 KB,46,130.900000,24.900000,0.528900,0.023000,0.707700,353.257031,2.699661,0.303650,18.496538,2.673000,2.673000
ML-KEM-512,262144,256 KB,47,213.799998,59.400001,0.634700,0.021200,0.929100,269.077603,3.544235,0.303650,23.011516,3.435700,3.435700
ML-KEM-512,262144,256 KB,48,166.799997,57.799996,0.763400,0.019600,1.007600,248.114330,3.843689,0.303650,16.554188,2.072200,2.072200
ML-KEM-512,262144,256 KB,49,148.400002,40.799998,0.655600,0.018700,0.863500,289.519396,3.293991,0.303650,17.185872,2.425600,2.425600
ML-KEM-512,262144,256 KB,50,160.399999,54.500000,0.489700,0.142600,0.847200,295.089708,3.231812,0.303650,18.932956,3.155900,3.155900
ML-KEM-512,262144,256 KB,51,190.400002,55.500001,0.626200,0.019600,0.891700,280.363353,3.401566,0.303650,21.352473,2.686700,2.686700
ML-KEM-512,262144,256 KB,52,166.500002,26.899994,0.530100,0.018600,0.742100,336.881820,2.830887,0.303650,22.436329,2.080200,2.080200
ML-KEM-512,262144,256 KB,53,128.100000,24.000001,0.676900,0.016800,0.845800,295.578150,3.226471,0.303650,15.145424,2.667600,2.667600
ML-KEM-512,262144,256 KB,54,161.500000,52.899995,0.571400,0.022900,0.808700,309.138125,3.084946,0.303650,19.970323,2.799100,2.799100
ML-KEM-512,262144,256 KB,55,195.799999,63.700005,1.016400,0.048300,1.324200,188.793233,5.051422,0.303650,14.786286,2.743800,2.743800
ML-KEM-512,262144,256 KB,56,187.899997,61.200000,0.780800,0.022900,1.052800,237.462005,4.016113,0.303650,17.847644,2.621800,2.621800
ML-KEM-512,262144,256 KB,57,173.500004,56.700002,0.644100,0.019800,0.894100,279.610782,3.410721,0.303650,19.404989,2.977000,2.977000
ML-KEM-512,262144,256 KB,59,246.899996,77.599994,0.684400,0.025800,1.034700,241.615928,3.947067,0.303650,23.861989,3.049700,3.049700
ML-KEM-512,262144,256 KB,60,167.500002,54.899996,0.790300,0.028800,1.041500,240.038406,3.973007,0.303650,16.082573,2.765700,2.765700
ML-KEM-512,262144,256 KB,61,397.399999,69.800000,1.101500,0.036300,1.605000,155.763239,6.122589,0.303650,24.760124,3.109100,3.109100
ML-KEM-512,262144,256 KB,62,217.499997,65.599997,0.722200,0.033100,1.038400,240.755008,3.961182,0.303650,20.945685,2.127700,2.127700
ML-KEM-512,262144,256 KB,63,160.000003,36.099998,0.557200,0.018300,0.771600,324.002072,2.943420,0.303650,20.736133,2.420400,2.420400
ML-KEM-512,262144,256 KB,64,236.799999,64.799999,1.006900,0.031700,1.340200,186.539322,5.112457,0.303650,17.669004,4.135000,4.135000
ML-KEM-512,262144,256 KB,65,257.000000,92.700000,0.952600,0.041000,1.343300,186.108837,5.124283,0.303650,19.131988,3.068600,3.068600
ML-KEM-512,262144,256 KB,66,217.000001,67.699999,0.552200,0.151200,0.988100,253.010829,3.769302,0.303650,21.961340,2.350300,2.350300
ML-KEM-512,262144,256 KB,67,213.500003,61.699997,1.164300,0.025800,1.465300,170.613527,5.589676,0.303650,14.570395,13.579800,13.579800
ML-KEM-512,262144,256 KB,68,352.899995,96.399999,0.826800,0.032700,1.308800,191.014669,4.992676,0.303650,26.963630,6.108000,6.108000
ML-KEM-512,262144,256 KB,70,220.600006,66.799999,0.704300,0.035500,1.027200,243.380062,3.918457,0.303650,21.475857,3.660500,3.660500
ML-KEM-512,262144,256 KB,75,151.200002,46.500005,0.663400,0.015500,0.876600,285.192789,3.343964,0.303650,17.248460,4.638400,4.638400
ML-KEM-512,262144,256 KB,76,259.100001,84.200001,0.857300,0.038900,1.239500,201.694231,4.728317,0.303650,20.903590,4.002800,4.002800
ML-KEM-512,262144,256 KB,77,197.900001,43.499997,1.009800,0.033600,1.284800,194.582815,4.901123,0.303650,15.403176,4.468100,4.468100
ML-KEM-512,262144,256 KB,78,276.699997,156.999995,0.882400,0.040600,1.356700,184.270657,5.175400,0.303650,20.395076,3.359100,3.359100
ML-KEM-512,262144,256 KB,79,230.499994,67.300003,0.778600,0.032900,1.109300,225.367349,4.231644,0.303650,20.778869,2.845300,2.845300
ML-KEM-512,262144,256 KB,80,186.300000,57.100006,0.799400,0.035400,1.078200,231.867927,4.113007,0.303650,17.278798,3.901700,3.901700
ML-KEM-512,262144,256 KB,81,232.599996,69.099995,0.735100,0.029400,1.066200,234.477584,4.067230,0.303650,21.815794,3.116200,3.116200
ML-KEM-512,262144,256 KB,82,201.499999,59.600003,0.527000,0.147800,0.935900,267.122555,3.570175,0.303650,21.530078,2.897900,2.897900
ML-KEM-512,262144,256 KB,83,251.200006,68.900001,0.746900,0.027400,1.094400,228.435672,4.174805,0.303650,22.953217,2.489800,2.489800
ML-KEM-512,262144,256 KB,84,213.900006,392.100003,0.848900,0.032400,1.487300,168.089827,5.673599,0.303650,14.381766,3.671100,3.671100
ML-KEM-512,262144,256 KB,85,189.300001,61.999999,0.765300,0.020200,1.036800,241.126543,3.955078,0.303650,18.258102,2.895900,2.895900
ML-KEM-512,262144,256 KB,86,221.200004,71.800001,0.788000,0.031300,1.112300,224.759507,4.243088,0.303650,19.886722,3.568700,3.568700
ML-KEM-512,262144,256 KB,88,291.199998,136.000002,0.727200,0.018000,1.172400,213.237803,4.472351,0.303650,24.837939,3.504800,3.504800
ML-KEM-512,262144,256 KB,89,214.399995,73.600000,0.918600,0.035900,1.242500,201.207243,4.739761,0.303650,17.255533,4.755300,4.755300
ML-KEM-512,262144,256 KB,92,224.600000,50.499999,0.563600,0.018200,0.856900,291.749327,3.268814,0.303650,26.210760,2.329100,2.329100
ML-KEM-512,262144,256 KB,93,137.800002,27.399998,0.693600,0.020900,0.879700,284.187792,3.355789,0.303650,15.664431,3.073700,3.073700
ML-KEM-512,262144,256 KB,94,202.100004,63.699998,0.639100,0.026300,0.931200,268.470789,3.552246,0.303650,21.703179,2.618200,2.618200
ML-KEM-512,262144,256 KB,95,171.500003,54.699995,0.587500,0.019500,0.833200,300.048008,3.178406,0.303650,20.583294,2.094400,2.094400
ML-KEM-512,262144,256 KB,96,173.299995,55.800003,0.776900,0.020400,1.026400,243.569758,3.915405,0.303650,16.884255,1.797200,1.797200
ML-KEM-512,262144,256 KB,97,168.099999,54.299999,1.065000,0.026000,1.313400,190.345667,5.010223,0.303650,12.798843,2.981700,2.981700
ML-KEM-512,262144,256 KB,98,190.800005,79.900004,0.666100,0.178800,1.115600,224.094657,4.255676,0.303650,17.102905,2.180900,2.180900
ML-KEM-512,262144,256 KB,99,136.100003,31.099997,0.536200,0.016500,0.719900,347.270456,2.746201,0.303650,18.905404,1.874900,1.874900
ML-KEM-512,262144,256 KB,100,167.599996,56.100005,0.599700,0.019700,0.843100,296.524729,3.216171,0.303650,19.879017,2.173600,2.173600
ML-KEM-512,262144,256 KB,101,171.400003,55.199998,0.753200,0.019700,0.999500,250.125063,3.812790,0.303650,17.148575,2.766200,2.766200
ML-KEM-512,262144,256 KB,102,171.500003,42.200001,0.873400,0.038400,1.125500,222.123499,4.293442,0.303650,15.237672,2.157400,2.157400
ML-KEM-512,262144,256 KB,103,132.599998,27.200003,0.526100,0.017100,0.703000,355.618774,2.681732,0.303650,18.862020,2.083000,2.083000
ML-KEM-512,262144,256 KB,104,175.599998,55.299999,0.789000,0.021000,1.040900,240.176771,3.970718,0.303650,16.870016,2.469800,2.469800
ML-KEM-512,262144,256 KB,105,131.599998,41.600004,0.456500,0.013800,0.643500,388.500391,2.454758,0.303650,20.450660,2.304300,2.304300
ML-KEM-512,262144,256 KB,106,170.899999,49.700000,0.484300,0.162300,0.867200,288.284134,3.308105,0.303650,19.707103,2.685100,2.685100
ML-KEM-512,262144,256 KB,107,218.699999,67.699999,0.643500,0.021200,0.951100,262.853539,3.628159,0.303650,22.994428,2.320700,2.320700
ML-KEM-512,262144,256 KB,108,164.199999,43.599997,0.568300,0.018100,0.794200,314.782170,3.029633,0.303650,20.674893,2.392100,2.392100
ML-KEM-512,262144,256 KB,110,326.000001,74.699994,0.636400,0.026900,1.064000,234.962405,4.058838,0.303650,30.639098,7.134200,7.134200
ML-KEM-512,262144,256 KB,111,403.000005,137.099996,0.896400,0.042200,1.478700,169.067424,5.640793,0.303650,27.253669,3.909600,3.909600
ML-KEM-512,262144,256 KB,112,319.999999,79.999998,0.881300,0.049100,1.330400,187.913409,5.075073,0.303650,24.052916,4.033600,4.033600
ML-KEM-512,262144,256 KB,113,612.500000,86.500004,0.705400,0.022100,1.426500,175.254119,5.441666,0.303650,42.937259,2.496300,2.496300
ML-KEM-512,262144,256 KB,114,180.600000,52.099997,0.494400,0.112600,0.839700,297.725379,3.203201,0.303650,21.507681,2.393800,2.393800
ML-KEM-512,262144,256 KB,115,169.600004,54.899996,0.596400,0.027400,0.848300,294.707062,3.236008,0.303650,19.992927,2.507300,2.507300
ML-KEM-512,262144,256 KB,116,208.200006,51.100003,0.738500,0.020400,1.018200,245.531331,3.884125,0.303650,20.447850,2.899100,2.899100
ML-KEM-512,262144,256 KB,117,315.200006,74.399999,0.823100,0.023700,1.236400,202.199935,4.716492,0.303650,25.493368,2.687900,2.687900
ML-KEM-512,262144,256 KB,118,197.599999,59.999998,0.615000,0.020900,0.893500,279.798545,3.408432,0.303650,22.115277,3.209300,3.209300
ML-KEM-512,262144,256 KB,119,271.400000,75.600001,0.856300,0.028000,1.231300,203.037439,4.697037,0.303650,22.041744,3.414100,3.414100
ML-KEM-512,262144,256 KB,120,194.300002,62.999999,0.783500,0.019800,1.060600,235.715633,4.045868,0.303650,18.319819,3.511900,3.511900
ML-KEM-512,262144,256 KB,121,234.499996,77.299999,0.697100,0.022000,1.030900,242.506548,3.932571,0.303650,22.747114,4.241200,4.241200
ML-KEM-512,262144,256 KB,122,206.899997,71.199996,0.565100,0.142200,0.985400,253.704079,3.759003,0.303650,20.996549,3.138300,3.138300
ML-KEM-512,262144,256 KB,123,242.800001,63.899999,0.607500,0.021700,0.935900,267.122557,3.570175,0.303650,25.942943,2.199800,2.199800
ML-KEM-512,262144,256 KB,124,135.700000,43.700005,0.440500,0.014500,0.634400,394.073140,2.420044,0.303650,21.390290,2.010900,2.010900
ML-KEM-512,262144,256 KB,125,126.100000,40.400002,0.568300,0.013700,0.748500,334.001335,2.855301,0.303650,16.847027,2.709700,2.709700
ML-KEM-512,262144,256 KB,126,139.800002,42.799998,0.447000,0.018700,0.648300,385.623942,2.473068,0.303650,21.564091,1.843000,1.843000
ML-KEM-512,262144,256 KB,127,128.100000,39.700004,0.441600,0.014200,0.623600,400.898009,2.378845,0.303650,20.542014,2.218100,2.218100
ML-KEM-512,262144,256 KB,128,171.100000,54.200005,0.778900,0.019600,1.023800,244.188319,3.905487,0.303650,16.712249,1.998800,1.998800
ML-KEM-512,262144,256 KB,129,133.399997,29.700001,0.529100,0.016800,0.709000,352.609309,2.704620,0.303650,18.815232,1.834300,1.834300
ML-KEM-512,262144,256 KB,131,178.000002,53.600001,0.748900,0.028000,1.008500,247.892910,3.847122,0.303650,17.649975,2.500600,2.500600
ML-KEM-512,262144,256 KB,133,167.999999,41.900006,0.691400,0.022200,0.923500,270.709257,3.522873,0.303650,18.191662,1.909400,1.909400
ML-KEM-512,262144,256 KB,134,189.400002,64.500004,0.603500,0.026600,0.884000,282.805430,3.372192,0.303650,21.425340,2.131100,2.131100
ML-KEM-512,262144,256 KB,135,179.699993,58.999998,0.589200,0.020100,0.848000,294.811320,3.234863,0.303650,21.191037,2.422900,2.422900
ML-KEM-512,262144,256 KB,137,194.100001,57.999998,0.695700,0.022500,0.970300,257.652274,3.701401,0.303650,20.004123,4.015500,4.015500
ML-KEM-512,262144,256 KB,138,411.000001,65.700006,0.543100,0.135600,1.155400,216.375281,4.407501,0.303650,35.572096,3.508200,3.508200
ML-KEM-512,262144,256 KB,139,246.999996,67.400004,0.665900,0.018800,0.999100,250.225203,3.811264,0.303650,24.722250,1.949400,1.949400
ML-KEM-512,262144,256 KB,140,150.100001,47.800000,0.435500,0.016200,0.649600,384.852218,2.478027,0.303650,23.106527,2.366000,2.366000
ML-KEM-512,262144,256 KB,141,165.000005,65.499997,0.599800,0.015100,0.845400,295.718001,3.224945,0.303650,19.517389,1.690000,1.690000
ML-KEM-512,262144,256 KB,142,153.299996,58.600002,0.573200,0.050800,0.835900,299.078835,3.188705,0.303650,18.339514,2.054800,2.054800
ML-KEM-512,262144,256 KB,143,151.500004,38.600003,0.557200,0.016800,0.764100,327.182307,2.914810,0.303650,19.827248,2.912700,2.912700
ML-KEM-512,262144,256 KB,144,161.299999,52.500000,0.845400,0.029600,1.088800,229.610580,4.153442,0.303650,14.814474,2.220900,2.220900
ML-KEM-512,262144,256 KB,145,142.199999,45.200002,0.509700,0.013800,0.710900,351.666901,2.711868,0.303650,20.002813,2.377100,2.377100
ML-KEM-512,262144,256 KB,146,167.300001,41.599997,0.466900,0.141300,0.817100,305.960102,3.116989,0.303650,20.474850,1.920300,1.920300
ML-KEM-512,262144,256 KB,147,163.099998,74.600001,0.579400,0.019100,0.836200,298.971540,3.189850,0.303650,19.504903,2.674500,2.674500
ML-KEM-512,262144,256 KB,148,151.399996,45.800007,0.460900,0.014000,0.672100,371.968456,2.563858,0.303650,22.526409,2.517000,2.517000
ML-KEM-512,262144,256 KB,149,130.799999,42.799998,0.522700,0.014300,0.710600,351.815369,2.710724,0.303650,18.406980,2.068900,2.068900
ML-KEM-512,262144,256 KB,150,172.299995,43.200002,0.450800,0.017600,0.683900,365.550516,2.608871,0.303650,25.193741,1.888900,1.888900
ML-KEM-512,262144,256 KB,152,152.499997,40.399995,0.599900,0.013600,0.806400,310.019841,3.076172,0.303650,18.911210,2.669100,2.669100
ML-KEM-512,262144,256 KB,153,175.100002,53.600001,0.629100,0.018500,0.876300,285.290425,3.342819,0.303650,19.981742,2.241600,2.241600
ML-KEM-512,262144,256 KB,154,176.699999,57.400001,0.505900,0.121900,0.861900,290.056851,3.287888,0.303650,20.501218,1.931000,1.931000
ML-KEM-512,262144,256 KB,155,137.600000,42.200001,0.452000,0.015000,0.646800,386.518244,2.467346,0.303650,21.273964,1.819900,1.819900
ML-KEM-512,262144,256 KB,156,128.499996,31.000003,0.487000,0.019400,0.665900,375.431747,2.540207,0.303650,19.297191,2.122900,2.122900
ML-KEM-512,262144,256 KB,157,175.200003,26.900001,0.692700,0.019200,0.914000,273.522977,3.486633,0.303650,19.168491,2.543200,2.543200
ML-KEM-512,262144,256 KB,158,141.199998,44.900000,0.480500,0.021600,0.688200,363.266491,2.625275,0.303650,20.517291,2.154900,2.154900
ML-KEM-512,262144,256 KB,159,123.200000,41.500003,0.454700,0.014300,0.633700,394.508442,2.417374,0.303650,19.441376,1.751100,1.751100
ML-KEM-512,262144,256 KB,160,117.500000,22.700006,0.538300,0.013100,0.691600,361.480625,2.638245,0.303650,16.989589,2.003200,2.003200
ML-KEM-512,262144,256 KB,161,163.200006,26.000002,0.534500,0.017300,0.741000,337.381915,2.826691,0.303650,22.024292,1.745300,1.745300
ML-KEM-512,262144,256 KB,162,127.899999,40.799998,0.372400,0.138000,0.679100,368.134297,2.590561,0.303650,18.833750,2.678100,2.678100
ML-KEM-512,262144,256 KB,163,160.099997,54.299999,0.565500,0.022200,0.802100,311.681834,3.059769,0.303650,19.960104,1.943600,1.943600
ML-KEM-512,262144,256 KB,165,189.400002,56.299999,0.753000,0.020200,1.018900,245.362645,3.886795,0.303650,18.588674,2.208800,2.208800
ML-KEM-512,262144,256 KB,166,131.399996,42.800006,0.468900,0.040300,0.683400,365.817968,2.606964,0.303650,19.227392,1.634400,1.634400
ML-KEM-512,262144,256 KB,167,154.200003,58.300000,0.641300,0.026500,0.880300,283.994092,3.358078,0.303650,17.516756,2.267500,2.267500
ML-KEM-512,262144,256 KB,168,185.500001,71.100003,0.834300,0.019400,1.110300,225.164370,4.235458,0.303650,16.707196,1.999500,1.999500
ML-KEM-512,262144,256 KB,169,122.500001,32.300006,0.582400,0.013400,0.750600,333.066881,2.863312,0.303650,16.320277,1.970300,1.970300
ML-KEM-512,262144,256 KB,170,176.600006,57.799996,0.500100,0.148400,0.882900,283.157776,3.367996,0.303650,20.002266,2.119800,2.119800
ML-KEM-512,262144,256 KB,172,127.799998,40.899999,0.448800,0.017700,0.635200,393.576827,2.423096,0.303650,20.119647,2.648900,2.648900
ML-KEM-512,262144,256 KB,173,182.799995,51.100003,0.732400,0.022300,0.988600,252.882865,3.771210,0.303650,18.490795,2.435800,2.435800
ML-KEM-512,262144,256 KB,174,188.999998,63.200001,0.646900,0.023300,0.922400,271.032092,3.518677,0.303650,20.490026,2.092000,2.092000
ML-KEM-512,262144,256 KB,175,135.300004,43.900000,0.476800,0.014500,0.670500,372.856079,2.557755,0.303650,20.178972,2.218100,2.218100
ML-KEM-512,262144,256 KB,176,169.699997,38.799997,0.545700,0.017400,0.771600,324.002075,2.943420,0.303650,21.993260,2.604300,2.604300
ML-KEM-512,262144,256 KB,177,264.700000,75.700002,0.768100,0.029000,1.137500,219.780219,4.339218,0.303650,23.270330,1.987000,1.987000
ML-KEM-512,262144,256 KB,178,178.400005,55.999997,0.639200,0.130600,1.004200,248.954392,3.830719,0.303650,17.765386,1.476400,1.476400
ML-KEM-512,262144,256 KB,182,185.099998,59.200000,0.631500,0.025100,0.900900,277.500278,3.436661,0.303650,20.546120,2.387700,2.387700
ML-KEM-512,262144,256 KB,183,183.000004,66.000001,0.935600,0.021000,1.205600,207.365627,4.598999,0.303650,15.179164,1.942300,1.942300
ML-KEM-512,262144,256 KB,184,132.100002,47.699999,0.703000,0.017300,0.900100,277.746917,3.433609,0.303650,14.676147,2.109500,2.109500
ML-KEM-512,262144,256 KB,185,175.400004,56.500001,0.640500,0.022000,0.894400,279.516995,3.411865,0.303650,19.610913,2.628700,2.628700
ML-KEM-512,262144,256 KB,187,219.000001,127.100000,0.603500,0.023600,0.973200,256.884506,3.712463,0.303650,22.503083,2.618300,2.618300
ML-KEM-512,262144,256 KB,188,179.499999,51.900002,0.574300,0.018600,0.824300,303.287639,3.144455,0.303650,21.776052,2.058300,2.058300
ML-KEM-512,262144,256 KB,189,167.299993,54.700002,0.743100,0.023400,0.988500,252.908446,3.770828,0.303650,16.924633,5.211800,5.211800
ML-KEM-512,262144,256 KB,190,194.900000,53.299998,0.436600,0.018000,0.702800,355.719979,2.680969,0.303650,27.731930,2.180700,2.180700
ML-KEM-512,262144,256 KB,191,152.400004,32.600001,0.436200,0.016200,0.637400,392.218387,2.431488,0.303650,23.909633,2.058200,2.058200
ML-KEM-512,262144,256 KB,192,175.599998,51.399998,0.681000,0.016900,0.924900,270.299490,3.528214,0.303650,18.985836,2.595400,2.595400
ML-KEM-512,262144,256 KB,193,244.399998,71.299997,0.650800,0.023400,0.989900,252.550763,3.776169,0.303650,24.689362,2.588300,2.588300
ML-KEM-512,262144,256 KB,194,505.999997,61.599996,0.558200,0.148700,1.274500,196.155355,4.861832,0.303650,39.701844,1.913400,1.913400
ML-KEM-512,262144,256 KB,195,128.799998,44.699998,0.446500,0.013200,0.633200,394.819964,2.415466,0.303650,20.341124,1.659000,1.659000
ML-KEM-512,262144,256 KB,196,132.800000,41.599997,0.617100,0.022800,0.814300,307.012157,3.106308,0.303650,16.308486,2.264600,2.264600
ML-KEM-512,262144,256 KB,197,178.499999,29.100003,0.533100,0.030800,0.771500,324.044069,2.943039,0.303650,23.136746,3.624000,3.624000
ML-KEM-512,262144,256 KB,198,174.500005,59.699996,0.573100,0.023300,0.830600,300.987237,3.168488,0.303650,21.008910,2.844700,2.844700
ML-KEM-512,262144,256 KB,199,156.900001,50.800001,0.544900,0.017200,0.769800,324.759679,2.936554,0.303650,20.381918,1.722700,1.722700
ML-KEM-512,262144,256 KB,200,102.700003,29.600000,0.561700,0.013000,0.707000,353.606790,2.696991,0.303650,14.526167,2.026800,2.026800
ML-KEM-512,262144,256 KB,201,150.500004,46.000001,0.553600,0.022500,0.772600,323.582706,2.947235,0.303650,19.479679,1.750300,1.750300
ML-KEM-512,262144,256 KB,203,169.400002,51.999996,0.490400,0.019300,0.731100,341.950485,2.788925,0.303650,23.170565,2.427000,2.427000
ML-KEM-512,262144,256 KB,204,139.500000,52.700001,0.512600,0.014500,0.719300,347.560129,2.743912,0.303650,19.393855,1.947600,1.947600
ML-KEM-512,262144,256 KB,205,160.399999,48.500006,0.700800,0.022600,0.932300,268.154026,3.556442,0.303650,17.204762,2.161300,2.161300
ML-KEM-512,262144,256 KB,206,183.700002,58.099999,1.213600,0.027900,1.483300,168.543113,5.658340,0.303650,12.384548,3.786300,3.786300
ML-KEM-512,262144,256 KB,207,266.499999,44.699998,0.446400,0.016500,0.774100,322.955690,2.952957,0.303650,34.427076,2.309700,2.309700
ML-KEM-512,262144,256 KB,208,214.399995,67.800000,0.877400,0.021300,1.180900,211.702939,4.504776,0.303650,18.155644,2.121600,2.121600
ML-KEM-512,262144,256 KB,209,133.699999,40.300001,0.443400,0.013800,0.631200,396.070978,2.407837,0.303650,21.181876,1.847000,1.847000
ML-KEM-512,262144,256 KB,210,115.300005,28.700000,0.868300,0.267200,1.279500,195.388824,4.880905,0.303650,9.011333,4.245700,4.245700
ML-KEM-512,262144,256 KB,211,365.899999,72.200004,0.551000,0.019900,1.009000,247.770069,3.849030,0.303650,36.263627,1.928800,1.928800
ML-KEM-512,262144,256 KB,213,142.299999,45.000001,0.720300,0.031100,0.938700,266.325771,3.580856,0.303650,15.159263,2.202000,2.202000
ML-KEM-512,262144,256 KB,214,125.099999,40.900006,0.859300,0.060000,1.085300,230.351055,4.140091,0.303650,11.526767,2.646100,2.646100
ML-KEM-512,262144,256 KB,215,180.099996,52.500000,1.138900,0.048000,1.419500,176.118352,5.414963,0.303650,12.687566,1.853200,1.853200
ML-KEM-512,262144,256 KB,216,158.199997,49.100003,0.734600,0.020400,0.962300,259.794245,3.670883,0.303650,16.439779,1.913900,1.913900
ML-KEM-512,262144,256 KB,217,124.300001,42.000000,0.537600,0.015000,0.718900,347.753515,2.742386,0.303650,17.290305,2.038800,2.038800
ML-KEM-512,262144,256 KB,218,147.600003,41.599997,0.432000,0.113400,0.734600,340.321264,2.802277,0.303650,20.092568,2.437300,2.437300
ML-KEM-512,262144,256 KB,219,162.700002,53.899996,0.569900,0.023100,0.809600,308.794466,3.088379,0.303650,20.096344,1.981100,1.981100
ML-KEM-512,262144,256 KB,220,179.199997,47.000001,0.703500,0.021800,0.951500,262.743038,3.629684,0.303650,18.833421,2.491600,2.491600
ML-KEM-512,262144,256 KB,221,146.099999,63.400003,0.911700,0.028700,1.149900,217.410210,4.386520,0.303650,12.705453,2.470000,2.470000
ML-KEM-512,262144,256 KB,222,127.799998,42.300002,0.567000,0.019400,0.756500,330.469267,2.885818,0.303650,16.893589,2.451100,2.451100
ML-KEM-512,262144,256 KB,223,294.300000,57.500001,0.545700,0.020000,0.917500,272.479564,3.499985,0.303650,32.076294,2.978400,2.978400
ML-KEM-512,262144,256 KB,224,182.399999,58.199999,0.668300,0.022200,0.931100,268.499625,3.551865,0.303650,19.589733,2.068900,2.068900
ML-KEM-512,262144,256 KB,225,175.800000,39.999999,0.433400,0.015500,0.664700,376.109525,2.535629,0.303650,26.448022,1.659000,1.659000
ML-KEM-512,262144,256 KB,226,114.700000,42.100000,0.443900,0.121400,0.722100,346.212437,2.754593,0.303650,15.884227,2.274200,2.274200
ML-KEM-512,262144,256 KB,227,128.300002,42.300002,0.454300,0.013200,0.638100,391.788122,2.434158,0.303650,20.106567,2.526700,2.526700
ML-KEM-512,262144,256 KB,228,198.700000,342.599997,0.535400,0.017900,1.094600,228.393933,4.175568,0.303650,18.152750,2.102200,2.102200
ML-KEM-512,262144,256 KB,229,161.199998,44.500004,0.576100,0.017500,0.799300,312.773676,3.049088,0.303650,20.167646,2.234100,2.234100
ML-KEM-512,262144,256 KB,230,125.699997,42.400003,0.526200,0.016800,0.711100,351.567996,2.712631,0.303650,17.676838,1.687300,1.687300
ML-KEM-512,262144,256 KB,231,153.900000,50.499999,0.961700,0.028700,1.194800,209.240040,4.557800,0.303650,12.880817,2.490300,2.490300
ML-KEM-512,262144,256 KB,232,145.300000,50.300005,0.766000,0.016100,0.977700,255.702158,3.729630,0.303650,14.861409,2.595600,2.595600
ML-KEM-512,262144,256 KB,234,108.000000,24.399997,0.397500,0.124100,0.654000,382.262999,2.494812,0.303650,16.513762,2.087700,2.087700
ML-KEM-512,262144,256 KB,235,137.100003,56.000004,0.441500,0.014500,0.649100,385.148666,2.476120,0.303650,21.121553,1.954500,1.954500
ML-KEM-512,262144,256 KB,236,124.999999,41.899999,0.479500,0.015200,0.661600,377.871828,2.523804,0.303650,18.893591,2.702200,2.702200
ML-KEM-512,262144,256 KB,237,174.199995,50.399998,0.607700,0.022400,0.854700,292.500294,3.260422,0.303650,20.381420,2.377700,2.377700
ML-KEM-512,262144,256 KB,238,154.399997,43.699998,0.642200,0.024100,0.864400,289.217956,3.297424,0.303650,17.862101,1.829800,1.829800
ML-KEM-512,262144,256 KB,239,163.199998,52.299998,0.540800,0.016600,0.772900,323.457110,2.948380,0.303650,21.115280,1.729100,1.729100
ML-KEM-512,262144,256 KB,240,112.700000,33.400000,0.565400,0.014300,0.725800,344.447504,2.768707,0.303650,15.527693,2.813100,2.813100
ML-KEM-512,262144,256 KB,241,137.000003,42.000000,0.894200,0.021200,1.094400,228.435674,4.174805,0.303650,12.518275,3.106400,3.106400
ML-KEM-512,262144,256 KB,242,205.900003,60.099999,0.694800,0.107900,1.068700,233.929072,4.076767,0.303650,19.266399,2.305800,2.305800
ML-KEM-512,262144,256 KB,243,247.900003,53.699994,0.562700,0.025200,0.889500,281.056774,3.393173,0.303650,27.869590,2.149300,2.149300
ML-KEM-512,262144,256 KB,244,219.100002,52.099997,0.461200,0.018300,0.750700,333.022514,2.863693,0.303650,29.186093,1.642700,1.642700
ML-KEM-512,262144,256 KB,245,124.099999,41.100000,0.578200,0.018600,0.762000,328.083988,2.906799,0.303650,16.286089,3.171600,3.171600
ML-KEM-512,262144,256 KB,246,160.900003,54.600001,0.580600,0.020400,0.816500,306.184934,3.114700,0.303650,19.706063,1.811200,1.811200
ML-KEM-512,262144,256 KB,247,156.000002,179.600007,0.760300,0.025300,1.121200,222.975383,4.277039,0.303650,13.913664,1.569200,1.569200
ML-KEM-512,262144,256 KB,248,118.900003,40.500003,0.682500,0.018800,0.860700,290.461253,3.283310,0.303650,13.814338,2.141500,2.141500
ML-KEM-512,262144,256 KB,249,141.699995,54.200005,0.452200,0.016600,0.664700,376.109525,2.535629,0.303650,21.317887,2.332500,2.332500
ML-KEM-512,262144,256 KB,250,224.999996,60.999999,0.505000,0.146100,0.937100,266.780494,3.574753,0.303650,24.010244,2.155500,2.155500
ML-KEM-512,262144,256 KB,252,173.000000,50.000002,0.536700,0.021900,0.781600,319.856704,2.981567,0.303650,22.134084,1.684200,1.684200
ML-KEM-512,262144,256 KB,253,102.500002,22.699998,0.516300,0.012400,0.653900,382.321454,2.494431,0.303650,15.675180,1.789500,1.789500
ML-KEM-512,262144,256 KB,254,130.900000,38.400001,0.537200,0.019500,0.726000,344.352614,2.769470,0.303650,18.030303,5.285000,5.285000
ML-KEM-512,262144,256 KB,255,378.500001,70.400005,0.536100,0.020100,1.005100,248.731470,3.834152,0.303650,37.657945,3.052100,3.052100
ML-KEM-512,262144,256 KB,256,163.299999,47.900001,0.641100,0.017600,0.869900,287.389354,3.318405,0.303650,18.772273,2.096200,2.096200
ML-KEM-512,262144,256 KB,257,123.300000,41.799998,0.461800,0.095200,0.722100,346.212437,2.754593,0.303650,17.075197,5.074200,5.074200
ML-KEM-512,262144,256 KB,258,217.400004,77.799996,0.611400,0.158200,1.064800,234.785875,4.061890,0.303650,20.416980,3.008400,3.008400
ML-KEM-512,262144,256 KB,259,186.800004,61.899998,0.460500,0.017100,0.726300,344.210381,2.770615,0.303650,25.719400,2.108400,2.108400
ML-KEM-512,262144,256 KB,260,153.900000,50.499999,0.617300,0.018200,0.839900,297.654483,3.203964,0.303650,18.323610,2.454900,2.454900
ML-KEM-512,262144,256 KB,261,168.000006,54.300006,0.708900,0.030800,0.962000,259.875260,3.669739,0.303650,17.463618,3.248600,3.248600
ML-KEM-512,262144,256 KB,262,291.299999,59.400001,0.601800,0.022900,0.975400,256.305106,3.720856,0.303650,29.864671,2.647900,2.647900
ML-KEM-512,262144,256 KB,263,145.999998,51.899995,0.472900,0.015100,0.685900,364.484616,2.616501,0.303650,21.285901,2.138800,2.138800
ML-KEM-512,262144,256 KB,264,136.500006,41.599997,0.674500,0.038600,0.891200,280.520647,3.399658,0.303650,15.316428,1.735200,1.735200
ML-KEM-512,262144,256 KB,265,138.600000,54.199998,0.503500,0.015400,0.711700,351.271604,2.714920,0.303650,19.474498,2.534300,2.534300
ML-KEM-512,262144,256 KB,266,229.700003,72.000003,0.558700,0.162700,1.023100,244.355391,3.902817,0.303650,22.451374,2.765000,2.765000
ML-KEM-512,262144,256 KB,267,149.799998,50.499999,0.459500,0.014400,0.674200,370.809850,2.571869,0.303650,22.218926,2.076100,2.076100
ML-KEM-512,262144,256 KB,268,152.699999,61.599996,0.586900,0.016300,0.817500,305.810396,3.118515,0.303650,18.678899,1.802100,1.802100
ML-KEM-512,262144,256 KB,269,161.100004,53.300006,0.666500,0.025600,0.906500,275.785991,3.458023,0.303650,17.771650,2.617100,2.617100
ML-KEM-512,262144,256 KB,270,215.299995,67.299996,0.578600,0.025500,0.886700,281.944288,3.382492,0.303650,24.281042,2.535900,2.535900
ML-KEM-512,262144,256 KB,271,177.900001,78.300000,0.565600,0.023500,0.845300,295.752988,3.224564,0.303650,21.045783,1.787100,1.787100
ML-KEM-512,262144,256 KB,272,124.900005,33.700002,0.580400,0.123800,0.862800,289.754288,3.291321,0.303650,14.476125,1.962400,1.962400
ML-KEM-512,262144,256 KB,273,148.500003,45.599998,0.571800,0.017100,0.783000,319.284801,2.986908,0.303650,18.965518,2.238500,2.238500
ML-KEM-512,262144,256 KB,275,316.699996,55.900004,0.617800,0.023800,1.014200,246.499704,3.868866,0.303650,31.226582,2.251900,2.251900
ML-KEM-512,262144,256 KB,276,214.699998,59.700003,0.648300,0.025500,0.948200,263.657458,3.617096,0.303650,22.642902,3.606300,3.606300
ML-KEM-512,262144,256 KB,277,183.800003,59.600003,0.794100,0.033800,1.071300,233.361336,4.086685,0.303650,17.156726,2.180400,2.180400
ML-KEM-512,262144,256 KB,279,174.500005,55.400000,0.519800,0.018700,0.768400,325.351382,2.931213,0.303650,22.709527,2.800400,2.800400
ML-KEM-512,262144,256 KB,280,194.099994,60.099999,0.855600,0.028300,1.138100,219.664353,4.341507,0.303650,17.054740,2.326700,2.326700
ML-KEM-512,262144,256 KB,281,151.900000,56.799996,0.578600,0.019000,0.806300,310.058289,3.075790,0.303650,18.839142,2.824600,2.824600
ML-KEM-512,262144,256 KB,282,140.700002,44.400003,0.397300,0.096500,0.678900,368.242744,2.589798,0.303650,20.724702,1.640600,1.640600
ML-KEM-512,262144,256 KB,284,321.299995,64.899999,0.846300,0.035500,1.268000,197.160883,4.837036,0.303650,25.339116,2.332000,2.332000
ML-KEM-512,262144,256 KB,285,137.199997,34.199998,0.583000,0.018100,0.772500,323.624597,2.946854,0.303650,17.760518,2.030000,2.030000
ML-KEM-512,262144,256 KB,286,170.600004,46.199995,0.491100,0.019400,0.727300,343.737109,2.774429,0.303650,23.456621,2.309500,2.309500
ML-KEM-512,262144,256 KB,287,128.899999,46.400004,0.515800,0.015600,0.706700,353.756900,2.695847,0.303650,18.239706,2.791700,2.791700
ML-KEM-512,262144,256 KB,288,183.000004,49.299997,0.759100,0.022800,1.014200,246.499704,3.868866,0.303650,18.043779,2.800600,2.800600
ML-KEM-512,262144,256 KB,289,188.100006,91.399997,0.617700,0.029500,0.926700,269.774469,3.535080,0.303650,20.297832,2.202900,2.202900
ML-KEM-512,262144,256 KB,290,151.599997,54.100004,0.533600,0.148000,0.887300,281.753633,3.384781,0.303650,17.085540,2.116300,2.116300
ML-KEM-512,262144,256 KB,291,129.299995,41.499996,0.457000,0.013800,0.641600,389.650871,2.447510,0.303650,20.152742,2.418400,2.418400
ML-KEM-512,262144,256 KB,292,167.000006,51.299998,0.577400,0.023300,0.819000,305.250305,3.124237,0.303650,20.390721,2.275500,2.275500
ML-KEM-512,262144,256 KB,293,161.099997,49.700000,0.658100,0.022400,0.891300,280.489174,3.400040,0.303650,18.074722,1.988300,1.988300
ML-KEM-512,262144,256 KB,294,125.899998,69.099995,0.522200,0.019800,0.737000,339.213025,2.811432,0.303650,17.082768,2.996300,2.996300
ML-KEM-512,262144,256 KB,295,178.900002,57.500001,0.666700,0.049900,0.953000,262.329485,3.635407,0.303650,18.772298,2.214500,2.214500
ML-KEM-512,262144,256 KB,296,488.899997,62.899999,0.662700,0.029500,1.244000,200.964630,4.745483,0.303650,39.300643,2.631800,2.631800
ML-KEM-512,262144,256 KB,297,249.700002,61.700004,0.493400,0.015800,0.820600,304.655131,3.130341,0.303650,30.428955,2.044300,2.044300
ML-KEM-512,262144,256 KB,298,225.900003,70.800001,0.717600,0.205400,1.219700,204.968434,4.652786,0.303650,18.520948,2.578200,2.578200
ML-KEM-512,262144,256 KB,299,245.100004,45.200002,0.431900,0.014000,0.736200,339.581634,2.808380,0.303650,33.292584,1.661200,1.661200
ML-KEM-512,524288,512 KB,1,232.099999,69.599999,0.937100,0.034200,1.273000,392.772977,2.428055,0.151825,18.232522,2.460100,2.460100
ML-KEM-512,524288,512 KB,2,174.000001,54.500000,1.071100,0.040600,1.340200,373.078646,2.556229,0.151825,12.983137,2.540700,2.540700
ML-KEM-512,524288,512 KB,3,142.100005,45.499997,0.713300,0.029200,0.930100,537.576603,1.774025,0.151825,15.277928,4.131800,4.131800
ML-KEM-512,524288,512 KB,4,204.900003,65.900000,1.077700,0.041200,1.389700,359.789884,2.650642,0.151825,14.744190,2.740400,2.740400
ML-KEM-512,524288,512 KB,5,138.500000,40.799998,0.699400,0.030100,0.908800,550.176056,1.733398,0.151825,15.239877,2.794000,2.794000
ML-KEM-512,524288,512 KB,6,274.799997,78.100005,1.166600,0.057200,1.576700,317.118031,3.007317,0.151825,17.428807,3.488100,3.488100
ML-KEM-512,524288,512 KB,7,158.899995,53.700001,0.832700,0.039600,1.084900,460.871972,2.069283,0.151825,14.646511,2.682800,2.682800
ML-KEM-512,524288,512 KB,8,184.099998,59.200000,1.386300,0.047600,1.677200,298.115907,3.199005,0.151825,10.976628,2.532600,2.532600
ML-KEM-512,524288,512 KB,9,157.100003,52.600000,0.773300,0.063000,1.046000,478.011473,1.995087,0.151825,15.019121,3.693300,3.693300
ML-KEM-512,524288,512 KB,10,173.600005,67.699999,0.887300,0.036800,1.165400,429.037239,2.222824,0.151825,14.896173,2.567000,2.567000
ML-KEM-512,524288,512 KB,11,165.400001,58.099999,0.905300,0.055300,1.184100,422.261633,2.258492,0.151825,13.968415,2.557400,2.557400
ML-KEM-512,524288,512 KB,12,171.799998,57.999998,1.163100,0.047200,1.440100,347.198111,2.746773,0.151825,11.929727,2.420900,2.420900
ML-KEM-512,524288,512 KB,13,145.200000,55.400000,0.807700,0.051300,1.059600,471.876180,2.021027,0.151825,13.703284,2.607600,2.607600
ML-KEM-512,524288,512 KB,14,190.800005,53.100004,0.809700,0.034200,1.087800,459.643316,2.074814,0.151825,17.539989,3.139300,3.139300
ML-KEM-512,524288,512 KB,15,208.999998,69.900001,0.793700,0.046200,1.118800,446.907401,2.133942,0.151825,18.680729,2.861700,2.861700
ML-KEM-512,524288,512 KB,16,135.100003,39.300001,0.876100,0.043400,1.093900,457.080172,2.086449,0.151825,12.350307,2.844700,2.844700
ML-KEM-512,524288,512 KB,17,143.500001,46.400004,0.706500,0.030400,0.926800,539.490721,1.767731,0.151825,15.483384,2.600800,2.600800
ML-KEM-512,524288,512 KB,18,146.500002,40.400002,1.012200,0.036500,1.235600,404.661703,2.356720,0.151825,11.856588,2.263200,2.263200
ML-KEM-512,524288,512 KB,19,133.300004,43.300002,0.738600,0.053200,0.968400,516.315574,1.847076,0.151825,13.764974,2.177200,2.177200
ML-KEM-512,524288,512 KB,20,118.399999,29.899995,1.012000,0.078900,1.239200,403.486120,2.363586,0.151825,9.554551,3.226200,3.226200
ML-KEM-512,524288,512 KB,21,195.000001,64.699998,0.893500,0.035000,1.188200,420.804580,2.266312,0.151825,16.411379,2.864000,2.864000
ML-KEM-512,524288,512 KB,22,149.600004,41.699997,0.873600,0.043500,1.108400,451.100683,2.114105,0.151825,13.496933,2.956900,2.956900
ML-KEM-512,524288,512 KB,23,137.100003,42.799998,0.731100,0.030800,0.941800,530.898281,1.796341,0.151825,14.557231,3.631700,3.631700
ML-KEM-512,524288,512 KB,24,204.800002,62.799998,1.087600,0.040300,1.395500,358.294519,2.661705,0.151825,14.675744,3.296700,3.296700
ML-KEM-512,524288,512 KB,25,184.099998,63.599997,0.781400,0.053200,1.082300,461.979120,2.064323,0.151825,17.010071,2.868100,2.868100
ML-KEM-512,524288,512 KB,26,218.200003,73.900002,1.259300,0.052700,1.604100,311.701266,3.059578,0.151825,13.602643,4.117300,4.117300
ML-KEM-512,524288,512 KB,27,156.199996,51.900002,0.714300,0.031300,0.953700,524.273880,1.819038,0.151825,16.378316,2.324700,2.324700
ML-KEM-512,524288,512 KB,28,144.700003,35.199999,0.896400,0.043900,1.120200,446.348865,2.136612,0.151825,12.917336,2.375700,2.375700
ML-KEM-512,524288,512 KB,29,131.399996,43.499997,0.684500,0.065900,0.925300,540.365285,1.764870,0.151825,14.200799,2.499100,2.499100
ML-KEM-512,524288,512 KB,30,325.600005,86.799999,1.312400,0.047500,1.772300,282.119280,3.380394,0.151825,18.371608,2.695400,2.695400
ML-KEM-512,524288,512 KB,31,184.500001,63.699998,0.797100,0.045000,1.090300,458.589379,2.079582,0.151825,16.921948,2.801100,2.801100
ML-KEM-512,524288,512 KB,32,254.200000,54.700002,1.111200,0.056600,1.476700,338.592808,2.816582,0.151825,17.214058,5.624200,5.624200
ML-KEM-512,524288,512 KB,33,284.900001,100.600002,1.126000,0.076300,1.587800,314.901120,3.028488,0.151825,17.943066,3.794600,3.794600
ML-KEM-512,524288,512 KB,34,218.699999,68.199995,1.192500,0.060900,1.540300,324.612089,2.937889,0.151825,14.198533,5.423400,5.423400
ML-KEM-512,524288,512 KB,35,357.699995,89.699999,0.987500,0.052000,1.486900,336.270092,2.836037,0.151825,24.056762,3.512800,3.512800
ML-KEM-512,524288,512 KB,36,208.500001,60.399994,1.072000,0.049000,1.389900,359.738110,2.651024,0.151825,15.001079,2.627700,2.627700
ML-KEM-512,524288,512 KB,37,186.500001,53.500000,1.038100,0.059800,1.337900,373.720009,2.551842,0.151825,13.939756,8.302600,8.302600
ML-KEM-512,524288,512 KB,38,232.800005,90.399997,0.979300,0.050400,1.352900,369.576466,2.580452,0.151825,17.207481,2.681400,2.681400
ML-KEM-512,524288,512 KB,39,212.400002,66.799999,0.990500,0.074300,1.344000,372.023810,2.563477,0.151825,15.803572,5.079000,5.079000
ML-KEM-512,524288,512 KB,40,178.299997,79.699996,0.981900,0.052000,1.291900,387.026860,2.464104,0.151825,13.801378,3.306000,3.306000
ML-KEM-512,524288,512 KB,41,133.999994,44.999993,0.795100,0.041900,1.016000,492.125983,1.937866,0.151825,13.188976,3.018200,3.018200
ML-KEM-512,524288,512 KB,42,170.600004,52.800002,1.104600,0.086100,1.414100,353.581782,2.697182,0.151825,12.064211,4.131100,4.131100
ML-KEM-512,524288,512 KB,43,228.799996,73.000003,1.006300,0.051900,1.360000,367.647060,2.593994,0.151825,16.823529,2.448900,2.448900
ML-KEM-512,524288,512 KB,44,131.800000,42.100000,0.895700,0.040800,1.110400,450.288184,2.117920,0.151825,11.869596,3.326900,3.326900
ML-KEM-512,524288,512 KB,45,196.499997,61.899998,0.781100,0.050000,1.089500,458.926115,2.078056,0.151825,18.035796,2.718100,2.718100
ML-KEM-512,524288,512 KB,46,197.200003,49.199996,0.881300,0.045400,1.173100,426.221124,2.237511,0.151825,16.810161,3.020200,3.020200
ML-KEM-512,524288,512 KB,47,175.299996,51.399998,0.802400,0.033100,1.062200,470.721146,2.025986,0.151825,16.503483,2.257300,2.257300
ML-KEM-512,524288,512 KB,48,194.000000,62.600004,1.020100,0.053000,1.329700,376.024668,2.536201,0.151825,14.589757,2.967400,2.967400
ML-KEM-512,524288,512 KB,49,254.500002,54.999997,0.797700,0.042900,1.150100,434.744803,2.193642,0.151825,22.128511,2.735300,2.735300
ML-KEM-512,524288,512 KB,50,167.300001,55.799996,1.061000,0.069400,1.353500,369.412633,2.581596,0.151825,12.360547,2.518300,2.518300
ML-KEM-512,524288,512 KB,51,168.099999,50.200004,0.943800,0.073600,1.235700,404.628955,2.356911,0.151825,13.603625,2.640300,2.640300
ML-KEM-512,524288,512 KB,52,171.399995,54.900003,1.278700,0.054900,1.559900,320.533368,2.975273,0.151825,10.987884,2.466900,2.466900
ML-KEM-512,524288,512 KB,54,111.199995,40.599996,0.884200,0.041700,1.077700,463.951007,2.055550,0.151825,10.318270,2.818500,2.818500
ML-KEM-512,524288,512 KB,55,169.700004,54.800003,0.913300,0.047200,1.185000,421.940928,2.260208,0.151825,14.320675,2.535700,2.535700
ML-KEM-512,524288,512 KB,56,158.800001,51.000003,0.921000,0.047400,1.178200,424.376167,2.247238,0.151825,13.478187,2.804500,2.804500
ML-KEM-512,524288,512 KB,57,142.999997,43.400003,0.921000,0.041800,1.149200,435.085278,2.191925,0.151825,12.443439,2.367900,2.367900
ML-KEM-512,524288,512 KB,58,160.199997,43.900000,0.963700,0.053500,1.221300,409.399820,2.329445,0.151825,13.117170,3.989100,3.989100
ML-KEM-512,524288,512 KB,59,183.299999,56.600002,1.090300,0.063200,1.393400,358.834505,2.657700,0.151825,13.154873,2.330800,2.330800
ML-KEM-512,524288,512 KB,60,198.299997,53.699994,1.156300,0.058300,1.466600,340.924588,2.797318,0.151825,13.521069,2.755700,2.755700
ML-KEM-512,524288,512 KB,61,125.200000,41.600004,0.739700,0.043700,0.950200,526.205012,1.812363,0.151825,13.176174,3.612000,3.612000
ML-KEM-512,524288,512 KB,62,222.200004,44.000000,1.213700,0.042000,1.521900,328.536698,2.902794,0.151825,14.600171,2.306200,2.306200
ML-KEM-512,524288,512 KB,63,136.399998,43.000000,0.734000,0.052600,0.966000,517.598344,1.842499,0.151825,14.120083,1.979000,1.979000
ML-KEM-512,524288,512 KB,64,109.499997,26.000002,0.867800,0.045500,1.048800,476.735315,2.000427,0.151825,10.440503,2.270200,2.270200
ML-KEM-512,524288,512 KB,65,107.100001,39.799997,0.967900,0.037200,1.152000,434.027779,2.197266,0.151825,9.296875,2.872500,2.872500
ML-KEM-512,524288,512 KB,66,157.700000,49.100003,0.806200,0.035600,1.048600,476.826243,2.000046,0.151825,15.039100,2.916200,2.916200
ML-KEM-512,524288,512 KB,67,138.500000,49.800001,0.824500,0.048300,1.061100,471.209124,2.023888,0.151825,13.052493,2.761500,2.761500
ML-KEM-512,524288,512 KB,68,159.899995,52.999996,0.922500,0.045400,1.180800,423.441735,2.252197,0.151825,13.541666,3.546800,3.546800
ML-KEM-512,524288,512 KB,69,174.000001,58.999998,1.008100,0.035100,1.276200,391.788122,2.434158,0.151825,13.634227,2.553300,2.553300
ML-KEM-512,524288,512 KB,70,140.600001,54.700002,0.904600,0.040300,1.140200,438.519557,2.174759,0.151825,12.331170,2.573800,2.573800
ML-KEM-512,524288,512 KB,71,214.100000,47.299996,0.801400,0.033800,1.096600,455.954767,2.091599,0.151825,19.523983,1.947700,1.947700
ML-KEM-512,524288,512 KB,72,199.100003,68.299996,1.091700,0.061900,1.421000,351.864884,2.710342,0.151825,14.011260,2.820000,2.820000
ML-KEM-512,524288,512 KB,73,134.399997,40.400002,0.685900,0.036100,0.896800,557.537915,1.710510,0.151825,14.986619,2.497700,2.497700
ML-KEM-512,524288,512 KB,74,126.100000,39.899998,0.865000,0.042900,1.073900,465.592700,2.048302,0.151825,11.742248,2.237100,2.237100
ML-KEM-512,524288,512 KB,75,126.599996,40.700004,0.735000,0.042200,0.944500,529.380623,1.801491,0.151825,13.403917,2.934400,2.934400
ML-KEM-512,524288,512 KB,76,174.800000,85.899999,0.912100,0.039900,1.212700,412.303125,2.313042,0.151825,14.414117,2.285100,2.285100
ML-KEM-512,524288,512 KB,77,126.200001,41.400002,0.746200,0.047800,0.961600,519.966725,1.834106,0.151825,13.123960,2.520400,2.520400
ML-KEM-512,524288,512 KB,78,132.599998,49.000002,0.898100,0.042100,1.121800,445.712248,2.139664,0.151825,11.820289,2.382600,2.382600
ML-KEM-512,524288,512 KB,79,124.700004,41.200001,0.822700,0.044500,1.033100,483.980253,1.970482,0.151825,12.070468,2.845300,2.845300
ML-KEM-512,524288,512 KB,80,149.600004,47.000001,1.105000,0.039700,1.341300,372.772684,2.558327,0.151825,11.153359,2.332100,2.332100
ML-KEM-512,524288,512 KB,81,135.800001,44.099994,1.117000,0.067300,1.364200,366.515172,2.602005,0.151825,9.954552,2.288300,2.288300
ML-KEM-512,524288,512 KB,82,132.999994,41.199994,0.887000,0.042000,1.103200,453.226977,2.104187,0.151825,12.055837,2.137000,2.137000
ML-KEM-512,524288,512 KB,83,180.800002,49.399998,0.907200,0.037900,1.175300,425.423296,2.241707,0.151825,15.383307,2.688700,2.688700
ML-KEM-512,524288,512 KB,84,155.199996,58.099999,0.879700,0.047700,1.140700,438.327343,2.175713,0.151825,13.605680,2.049400,2.049400
ML-KEM-512,524288,512 KB,85,168.899998,43.000000,0.811300,0.046900,1.070100,467.246052,2.041054,0.151825,15.783571,2.322700,2.322700
ML-KEM-512,524288,512 KB,86,119.799995,33.899996,0.816100,0.032800,1.002600,498.703370,1.912308,0.151825,11.948932,2.506600,2.506600
ML-KEM-512,524288,512 KB,87,142.400000,366.200002,1.006200,0.050200,1.565000,319.488817,2.985001,0.151825,9.099042,2.386800,2.386800
ML-KEM-512,524288,512 KB,88,175.900001,54.800003,1.021200,0.039900,1.291800,387.056820,2.463913,0.151825,13.616659,2.251200,2.251200
ML-KEM-512,524288,512 KB,90,127.500003,40.600004,0.881800,0.048200,1.098100,455.331936,2.094460,0.151825,11.610965,2.551800,2.551800
ML-KEM-512,524288,512 KB,91,134.300004,68.100002,1.082100,0.055400,1.339900,373.162176,2.555656,0.151825,10.023136,2.753700,2.753700
ML-KEM-512,524288,512 KB,92,147.699997,48.800001,0.815100,0.034400,1.046000,478.011470,1.995087,0.151825,14.120459,2.434400,2.434400
ML-KEM-512,524288,512 KB,93,163.800003,49.400005,0.646500,0.044000,0.903700,553.280957,1.723671,0.151825,18.125484,2.105800,2.105800
ML-KEM-512,524288,512 KB,94,146.600003,47.399997,0.850900,0.049800,1.094700,456.746142,2.087975,0.151825,13.391797,3.431600,3.431600
ML-KEM-512,524288,512 KB,95,151.699998,51.399998,1.060600,0.044300,1.308000,382.262997,2.494812,0.151825,11.597859,2.234900,2.234900
ML-KEM-512,524288,512 KB,96,169.999999,49.700000,1.086700,0.067500,1.373900,363.927504,2.620506,0.151825,12.373535,2.777700,2.777700
ML-KEM-512,524288,512 KB,97,143.700003,43.400003,0.762200,0.032200,0.981500,509.424350,1.872063,0.151825,14.640856,1.808600,1.808600
ML-KEM-512,524288,512 KB,98,120.600002,38.899998,1.447100,0.115400,1.722000,290.360046,3.284454,0.151825,7.003484,2.867900,2.867900
ML-KEM-512,524288,512 KB,99,186.600002,108.599997,0.765600,0.039700,1.100500,454.338938,2.099037,0.151825,16.955929,1.899600,1.899600
ML-KEM-512,524288,512 KB,100,175.600006,59.300000,0.933400,0.047200,1.215500,411.353352,2.318382,0.151825,14.446730,2.570000,2.570000
ML-KEM-512,524288,512 KB,101,173.400003,53.800002,0.927400,0.078800,1.233400,405.383491,2.352524,0.151825,14.058700,2.990900,2.990900
ML-KEM-512,524288,512 KB,102,211.700004,52.299998,0.810200,0.035600,1.109800,450.531629,2.116776,0.151825,19.075510,2.467700,2.467700
ML-KEM-512,524288,512 KB,104,129.100001,31.199997,0.742800,0.037100,0.940200,531.801740,1.793289,0.151825,13.731121,2.111200,2.111200
ML-KEM-512,524288,512 KB,105,145.699996,43.900000,0.772700,0.046400,1.008700,495.687520,1.923943,0.151825,14.444334,3.020900,3.020900
ML-KEM-512,524288,512 KB,106,149.100000,86.499997,0.842300,0.035100,1.113000,449.236299,2.122879,0.151825,13.396226,2.762300,2.762300
ML-KEM-512,524288,512 KB,107,162.700002,53.900003,1.164300,0.048200,1.429100,349.870549,2.725792,0.151825,11.384788,2.246900,2.246900
ML-KEM-512,524288,512 KB,108,180.399998,31.199997,0.912000,0.048400,1.172000,426.621159,2.235413,0.151825,15.392491,2.459900,2.459900
ML-KEM-512,524288,512 KB,109,157.400005,59.600003,0.679300,0.031400,0.927700,538.967339,1.769447,0.151825,16.966692,3.145100,3.145100
ML-KEM-512,524288,512 KB,110,190.200000,61.699997,1.130200,0.042300,1.424400,351.024994,2.716827,0.151825,13.352991,2.454100,2.454100
ML-KEM-512,524288,512 KB,111,202.299998,54.199998,0.896600,0.036800,1.189900,420.203378,2.269554,0.151825,17.001428,2.417400,2.417400
ML-KEM-512,524288,512 KB,112,227.500001,43.599997,0.908100,0.046600,1.225800,407.896884,2.338028,0.151825,18.559308,3.167400,3.167400
ML-KEM-512,524288,512 KB,113,287.900002,59.599995,0.795900,0.061300,1.204700,415.041090,2.297783,0.151825,23.898066,2.721100,2.721100
ML-KEM-512,524288,512 KB,114,126.800005,41.699997,0.844300,0.034400,1.047200,477.463713,1.997375,0.151825,12.108480,2.271200,2.271200
ML-KEM-512,524288,512 KB,115,151.100001,34.100005,1.036000,0.032100,1.253300,398.946779,2.390480,0.151825,12.056172,2.631900,2.631900
ML-KEM-512,524288,512 KB,116,169.399995,41.400002,0.875300,0.047300,1.133400,441.150520,2.161789,0.151825,14.946179,5.072100,5.072100
ML-KEM-512,524288,512 KB,117,228.500001,79.000005,1.429500,0.037200,1.774200,281.817157,3.384018,0.151825,12.879044,2.688900,2.688900
ML-KEM-512,524288,512 KB,118,216.999993,61.899998,0.928500,0.038300,1.245700,401.380748,2.375984,0.151825,17.419924,3.504000,3.504000
ML-KEM-512,524288,512 KB,120,227.400000,84.399995,1.288800,0.092200,1.692800,295.368621,3.228760,0.151825,13.433365,3.824700,3.824700
ML-KEM-512,524288,512 KB,121,231.099999,85.000000,1.021000,0.105500,1.442600,346.596424,2.751541,0.151825,16.019687,3.390300,3.390300
ML-KEM-512,524288,512 KB,122,212.300001,68.900001,1.296800,0.049300,1.627300,307.257420,3.103828,0.151825,13.046150,4.058200,4.058200
ML-KEM-512,524288,512 KB,124,318.700004,99.999997,1.232400,0.057200,1.708300,292.688638,3.258324,0.151825,18.655974,2.958900,2.958900
ML-KEM-512,524288,512 KB,125,186.099998,56.199999,0.711600,0.043300,0.997200,501.403929,1.902008,0.151825,18.662254,2.801200,2.801200
ML-KEM-512,524288,512 KB,127,192.200001,76.400000,0.991900,0.067700,1.328200,376.449330,2.533340,0.151825,14.470712,3.639700,3.639700
ML-KEM-512,524288,512 KB,128,300.000000,90.900001,1.168600,0.045400,1.604900,311.545890,3.061104,0.151825,18.692753,3.191900,3.191900
ML-KEM-512,524288,512 KB,129,166.800004,55.500001,0.741400,0.032500,0.996200,501.907249,1.900101,0.151825,16.743626,1.972700,1.972700
ML-KEM-512,524288,512 KB,133,297.600003,85.899999,1.040000,0.045100,1.468600,340.460302,2.801132,0.151825,20.264197,3.769600,3.769600
ML-KEM-512,524288,512 KB,134,229.100006,84.700005,1.028800,0.041200,1.383800,361.323890,2.639389,0.151825,16.555861,3.226100,3.226100
ML-KEM-512,524288,512 KB,135,284.700000,67.200002,0.783600,0.047000,1.182500,422.832982,2.255440,0.151825,24.076110,2.596400,2.596400
ML-KEM-512,524288,512 KB,136,299.899999,61.600003,0.824800,0.055500,1.241800,402.641328,2.368546,0.151825,24.150427,2.760900,2.760900
ML-KEM-512,524288,512 KB,137,136.899995,50.799994,0.959000,0.052500,1.199200,416.944630,2.287292,0.151825,11.415944,2.892200,2.892200
ML-KEM-512,524288,512 KB,139,194.500004,68.200003,1.024600,0.042700,1.330000,375.939850,2.536774,0.151825,14.624060,2.767900,2.767900
ML-KEM-512,524288,512 KB,140,230.800004,83.799998,1.127300,0.044800,1.486700,336.315329,2.835655,0.151825,15.524316,2.287400,2.287400
ML-KEM-512,524288,512 KB,141,219.499998,62.000006,0.886800,0.045900,1.214200,411.793774,2.315903,0.151825,18.077747,3.657100,3.657100
ML-KEM-512,524288,512 KB,142,196.600005,63.599997,1.077300,0.042200,1.379700,362.397623,2.631569,0.151825,14.249475,2.574900,2.574900
ML-KEM-512,524288,512 KB,143,260.200002,82.800005,1.048300,0.040600,1.431900,349.186395,2.731133,0.151825,18.171660,2.999600,2.999600
ML-KEM-512,524288,512 KB,144,195.499997,63.899999,0.924400,0.041300,1.225100,408.129948,2.336693,0.151825,15.957881,2.851000,2.851000
ML-KEM-512,524288,512 KB,145,200.399998,68.099995,0.884500,0.039300,1.192300,419.357545,2.274132,0.151825,16.807850,2.800400,2.800400
ML-KEM-512,524288,512 KB,146,182.399999,75.299999,0.997800,0.040000,1.295500,385.951371,2.470970,0.151825,14.079506,2.979900,2.979900
ML-KEM-512,524288,512 KB,147,239.900000,80.700003,0.982100,0.040500,1.343200,372.245385,2.561951,0.151825,17.860334,2.431000,2.431000
ML-KEM-512,524288,512 KB,148,205.099997,66.599998,1.139100,0.043100,1.453900,343.902606,2.773094,0.151825,14.106885,3.094800,3.094800
ML-KEM-512,524288,512 KB,149,245.099996,79.600002,1.123500,0.048800,1.497000,334.001337,2.855301,0.151825,16.372745,2.807500,2.807500
ML-KEM-512,524288,512 KB,150,147.899998,49.199996,0.743900,0.033100,0.974100,513.294321,1.857948,0.151825,15.183246,2.819200,2.819200
ML-KEM-512,524288,512 KB,151,173.599998,63.300002,0.863600,0.048800,1.149300,435.047421,2.192116,0.151825,15.104846,2.667100,2.667100
ML-KEM-512,524288,512 KB,152,182.200005,61.299994,0.848200,0.036200,1.127900,443.301710,2.151299,0.151825,16.153915,2.169400,2.169400
ML-KEM-512,524288,512 KB,153,209.200007,65.900000,1.199400,0.096300,1.570800,318.309142,2.996063,0.151825,13.318055,2.909400,2.909400
ML-KEM-512,524288,512 KB,154,200.300005,57.500001,1.058300,0.039900,1.356000,368.731563,2.586365,0.151825,14.771387,3.148900,3.148900
ML-KEM-512,524288,512 KB,155,247.099997,85.899999,0.929800,0.036400,1.299200,384.852218,2.478027,0.151825,19.019396,2.267100,2.267100
ML-KEM-512,524288,512 KB,156,145.599995,46.699999,0.832600,0.054000,1.078900,463.434980,2.057838,0.151825,13.495226,2.944300,2.944300
ML-KEM-512,524288,512 KB,157,208.699996,70.199996,0.937200,0.031300,1.247400,400.833733,2.379227,0.151825,16.730800,3.772600,3.772600
ML-KEM-512,524288,512 KB,158,222.900002,64.500004,1.129600,0.041100,1.458100,342.912009,2.781105,0.151825,15.287017,2.629600,2.629600
ML-KEM-512,524288,512 KB,159,219.100002,51.600000,0.770100,0.039100,1.079900,463.005833,2.059746,0.151825,20.288916,3.041900,3.041900
ML-KEM-512,524288,512 KB,160,229.499994,58.799997,1.022900,0.042600,1.353800,369.330771,2.582169,0.151825,16.952282,2.377600,2.377600
ML-KEM-512,524288,512 KB,162,213.300002,58.700003,1.139900,0.055900,1.467800,340.645864,2.799606,0.151825,14.531953,3.266400,3.266400
ML-KEM-512,524288,512 KB,163,237.499997,73.499999,0.994700,0.038000,1.343700,372.106869,2.562904,0.151825,17.675076,2.326400,2.326400
ML-KEM-512,524288,512 KB,164,168.899998,44.600005,0.919900,0.044000,1.177400,424.664517,2.245712,0.151825,14.345167,4.508200,4.508200
ML-KEM-512,524288,512 KB,165,201.500006,56.199999,0.787100,0.031600,1.076400,464.511336,2.053070,0.151825,18.719807,2.861300,2.861300
ML-KEM-512,524288,512 KB,166,182.900003,52.900003,0.837700,0.037300,1.110800,450.126037,2.118683,0.151825,16.465611,2.517800,2.517800
ML-KEM-512,524288,512 KB,167,152.799999,43.199994,0.757100,0.027800,0.980900,509.735959,1.870918,0.151825,15.577531,3.977500,3.977500
ML-KEM-512,524288,512 KB,168,198.700000,66.200002,1.130100,0.048800,1.443800,346.308353,2.753830,0.151825,13.762294,2.946100,2.946100
ML-KEM-512,524288,512 KB,169,171.200001,45.499997,0.733400,0.026700,0.976800,511.875511,1.863098,0.151825,17.526618,2.434400,2.434400
ML-KEM-512,524288,512 KB,170,145.800004,44.199995,0.732800,0.036300,0.959100,521.322074,1.829338,0.151825,15.201752,2.458400,2.458400
ML-KEM-512,524288,512 KB,171,143.899997,43.799999,0.798400,0.032500,1.018600,490.869821,1.942825,0.151825,14.127233,2.548500,2.548500
ML-KEM-512,524288,512 KB,172,138.600000,44.400003,0.803700,0.032400,1.019100,490.628988,1.943779,0.151825,13.600236,2.785400,2.785400
ML-KEM-512,524288,512 KB,173,149.400003,44.599998,0.792600,0.053300,1.039900,480.815462,1.983452,0.151825,14.366766,2.668600,2.668600
ML-KEM-512,524288,512 KB,174,168.699997,41.700005,0.814400,0.033400,1.058200,472.500471,2.018356,0.151825,15.942166,3.579800,3.579800
ML-KEM-512,524288,512 KB,175,215.900000,62.899999,0.660800,0.054700,0.994300,502.866336,1.896477,0.151825,21.713768,2.625900,2.625900
ML-KEM-512,524288,512 KB,176,177.499998,55.500001,1.114600,0.053000,1.400600,356.989862,2.671432,0.151825,12.673140,2.738600,2.738600
ML-KEM-512,524288,512 KB,177,162.600001,43.699998,0.700600,0.029100,0.936000,534.188036,1.785278,0.151825,17.371795,3.300600,3.300600
ML-KEM-512,524288,512 KB,179,176.199996,65.699998,1.166100,0.035900,1.443900,346.284369,2.754021,0.151825,12.203061,2.116000,2.116000
ML-KEM-512,524288,512 KB,180,221.299997,55.299999,0.862800,0.057600,1.197000,417.710945,2.283096,0.151825,18.487886,4.782700,4.782700
ML-KEM-512,524288,512 KB,181,264.900002,57.300000,0.752500,0.041300,1.116000,448.028674,2.128601,0.151825,23.736559,2.224400,2.224400
ML-KEM-512,524288,512 KB,182,122.800004,39.400002,0.831300,0.041800,1.035300,482.951800,1.974678,0.151825,11.861297,4.441500,4.441500
ML-KEM-512,524288,512 KB,183,157.700000,47.900001,0.877100,0.031200,1.113900,448.873329,2.124596,0.151825,14.157465,5.919700,5.919700
ML-KEM-512,524288,512 KB,187,246.700001,88.699999,0.877600,0.041800,1.254800,398.469875,2.393341,0.151825,19.660504,2.121900,2.121900
ML-KEM-512,524288,512 KB,188,143.300000,37.799997,0.990000,0.067300,1.238400,403.746770,2.362061,0.151825,11.571382,1.860000,1.860000
ML-KEM-512,524288,512 KB,190,186.800004,69.900001,1.079000,0.039800,1.375500,363.504181,2.623558,0.151825,13.580516,3.292400,3.292400
ML-KEM-512,524288,512 KB,191,155.399997,45.799999,0.717200,0.030700,0.949100,526.814876,1.810265,0.151825,16.373406,4.255600,4.255600
ML-KEM-512,524288,512 KB,192,269.700002,85.300002,1.144300,0.045400,1.544700,323.687448,2.946281,0.151825,17.459701,2.749500,2.749500
ML-KEM-512,524288,512 KB,193,175.600006,56.299999,0.638700,0.042300,0.912900,547.705118,1.741219,0.151825,19.235404,2.745200,2.745200
ML-KEM-512,524288,512 KB,194,243.499999,80.099999,1.262400,0.057400,1.643400,304.247292,3.134537,0.151825,14.816843,3.292800,3.292800
ML-KEM-512,524288,512 KB,195,142.999997,64.500004,0.737300,0.032200,0.977000,511.770725,1.863480,0.151825,14.636642,3.024200,3.024200
ML-KEM-512,524288,512 KB,196,173.900000,71.000002,1.251000,0.040700,1.536600,325.393728,2.930832,0.151825,11.317194,2.593400,2.593400
ML-KEM-512,524288,512 KB,197,198.700000,56.299999,0.815900,0.039600,1.110500,450.247636,2.118111,0.151825,17.892841,2.177400,2.177400
ML-KEM-512,524288,512 KB,199,210.899998,67.699999,1.041700,0.046300,1.366600,365.871506,2.606583,0.151825,15.432460,2.652200,2.652200
ML-KEM-512,524288,512 KB,200,130.199995,42.199994,0.878100,0.055500,1.106000,452.079568,2.109528,0.151825,11.772151,2.631000,2.631000
ML-KEM-512,524288,512 KB,202,139.900003,44.900000,0.756000,0.035200,0.976000,512.295084,1.861572,0.151825,14.334017,2.577400,2.577400
ML-KEM-512,524288,512 KB,203,137.800002,45.599998,0.673500,0.183400,1.040300,480.630585,1.984215,0.151825,13.246179,2.433500,2.433500
ML-KEM-512,524288,512 KB,204,259.499997,56.700002,0.985700,0.038600,1.340500,372.995151,2.556801,0.151825,19.358448,2.598200,2.598200
ML-KEM-512,524288,512 KB,205,169.400002,73.499999,0.920300,0.045400,1.208600,413.701804,2.305222,0.151825,14.016217,2.864100,2.864100
ML-KEM-512,524288,512 KB,206,154.600006,50.399998,0.891000,0.035100,1.131100,442.047565,2.157402,0.151825,13.668111,2.504800,2.504800
ML-KEM-512,524288,512 KB,208,123.899998,40.400002,0.763700,0.033200,0.961200,520.183105,1.833344,0.151825,12.890137,4.290200,4.290200
ML-KEM-512,524288,512 KB,209,209.799997,63.300002,0.986800,0.051200,1.311100,381.359164,2.500725,0.151825,16.001830,3.418400,3.418400
ML-KEM-512,524288,512 KB,210,191.400002,60.400002,1.085800,0.036000,1.373600,364.006988,2.619934,0.151825,13.934188,2.802500,2.802500
ML-KEM-512,524288,512 KB,211,150.499996,49.099996,0.738300,0.025900,0.963800,518.779827,1.838303,0.151825,15.615272,3.374800,3.374800
ML-KEM-512,524288,512 KB,212,192.200001,59.200000,0.971300,0.042800,1.265500,395.100752,2.413750,0.151825,15.187673,2.055100,2.055100
ML-KEM-512,524288,512 KB,213,145.299993,155.100002,0.786200,0.047000,1.133600,441.072691,2.162170,0.151825,12.817572,2.074300,2.074300
ML-KEM-512,524288,512 KB,214,271.199999,49.599999,0.896700,0.035200,1.252700,399.137862,2.389336,0.151825,21.649238,2.164700,2.164700
ML-KEM-512,524288,512 KB,215,162.400000,54.100004,1.303700,0.065800,1.586000,315.258512,3.025055,0.151825,10.239596,3.151000,3.151000
ML-KEM-512,524288,512 KB,216,172.599997,53.399999,0.810200,0.034800,1.071000,466.853409,2.042770,0.151825,16.115779,2.469700,2.469700
ML-KEM-512,524288,512 KB,217,169.499996,58.099999,0.827700,0.036100,1.091400,458.127176,2.081680,0.151825,15.530511,1.889400,1.889400
ML-KEM-512,524288,512 KB,218,168.100007,47.800000,0.983600,0.064500,1.264000,395.569621,2.410889,0.151825,13.299051,2.605200,2.605200
ML-KEM-512,524288,512 KB,219,161.399999,53.899996,0.885500,0.032500,1.133300,441.189447,2.161598,0.151825,14.241595,2.969000,2.969000
ML-KEM-512,524288,512 KB,220,132.299996,45.200002,0.819600,0.033300,1.030400,485.248446,1.965332,0.151825,12.839673,2.670100,2.670100
ML-KEM-512,524288,512 KB,223,177.800001,52.600000,0.639300,0.033300,0.903000,553.709856,1.722336,0.151825,19.689923,2.166000,2.166000
ML-KEM-512,524288,512 KB,224,228.999997,47.699999,0.802300,0.036200,1.115200,448.350071,2.127075,0.151825,20.534433,4.279300,4.279300
ML-KEM-512,524288,512 KB,225,179.800001,54.500000,1.076400,0.039300,1.350000,370.370369,2.574921,0.151825,13.318519,2.769300,2.769300
ML-KEM-512,524288,512 KB,226,230.600002,72.299998,1.164700,0.054400,1.522000,328.515112,2.902985,0.151825,15.151117,3.341100,3.341100
ML-KEM-512,524288,512 KB,227,186.400001,58.500002,0.812000,0.056700,1.113600,448.994255,2.124023,0.151825,16.738506,3.627700,3.627700
ML-KEM-512,524288,512 KB,228,183.100005,65.900000,0.815300,0.038100,1.102400,453.555879,2.102661,0.151825,16.609217,2.600300,2.600300
ML-KEM-512,524288,512 KB,229,210.599996,82.899998,0.839100,0.028900,1.161500,430.477829,2.215385,0.151825,18.131726,2.534700,2.534700
ML-KEM-512,524288,512 KB,230,255.200001,52.199997,0.912500,0.047700,1.267600,394.446198,2.417755,0.151825,20.132534,3.158000,3.158000
ML-KEM-512,524288,512 KB,231,213.800005,74.900003,1.023500,0.041100,1.353300,369.467228,2.581215,0.151825,15.798419,2.639100,2.639100
ML-KEM-512,524288,512 KB,232,228.400000,77.400000,1.070400,0.056300,1.432500,349.040141,2.732277,0.151825,15.944154,2.726000,2.726000
ML-KEM-512,524288,512 KB,233,204.800002,62.799998,0.807400,0.050600,1.125600,444.207534,2.146912,0.151825,18.194741,2.223200,2.223200
ML-KEM-512,524288,512 KB,234,160.600001,47.800000,1.147100,0.043200,1.398700,357.474798,2.667809,0.151825,11.482091,3.663800,3.663800
ML-KEM-512,524288,512 KB,235,157.099996,61.700004,1.037400,0.046800,1.303000,383.729855,2.485275,0.151825,12.056792,2.547000,2.547000
ML-KEM-512,524288,512 KB,236,188.999998,65.799999,1.284100,0.047300,1.586200,315.218762,3.025436,0.151825,11.915269,2.098800,2.098800
ML-KEM-512,524288,512 KB,237,143.600002,47.699999,0.827200,0.037300,1.055800,473.574541,2.013779,0.151825,13.601061,3.488900,3.488900
ML-KEM-512,524288,512 KB,238,204.099997,103.899998,1.137200,0.059300,1.504500,332.336324,2.869606,0.151825,13.565969,2.897900,2.897900
ML-KEM-512,524288,512 KB,239,191.200001,50.399998,0.984600,0.036600,1.262800,395.945519,2.408600,0.151825,15.140957,2.961200,2.961200
ML-KEM-512,524288,512 KB,241,214.799999,58.600002,1.041800,0.037400,1.352600,369.658437,2.579880,0.151825,15.880526,2.840700,2.840700
ML-KEM-512,524288,512 KB,242,180.700001,52.500000,1.047000,0.057200,1.337400,373.859727,2.550888,0.151825,13.511291,2.440200,2.440200
ML-KEM-512,524288,512 KB,244,196.499997,64.100001,1.329100,0.048600,1.638300,305.194409,3.124809,0.151825,11.994140,2.650200,2.650200
ML-KEM-512,524288,512 KB,245,192.699998,58.099999,0.796000,0.054200,1.101000,454.132609,2.099991,0.151825,17.502271,2.974900,2.974900
ML-KEM-512,524288,512 KB,247,146.800005,43.900000,0.731200,0.031900,0.953800,524.218913,1.819229,0.151825,15.391068,2.615800,2.615800
ML-KEM-512,524288,512 KB,248,190.800005,193.299995,1.143500,0.056500,1.584100,315.636639,3.021431,0.151825,12.044694,2.564300,2.564300
ML-KEM-512,524288,512 KB,250,218.499998,109.100001,0.954000,0.041400,1.323000,377.928948,2.523422,0.151825,16.515495,2.711100,2.711100
ML-KEM-512,524288,512 KB,251,121.800003,50.399998,0.769800,0.050000,0.992000,504.032257,1.892090,0.151825,12.278226,2.672300,2.672300
ML-KEM-512,524288,512 KB,252,176.900001,39.700004,1.402800,0.054400,1.673800,298.721471,3.192520,0.151825,10.568766,2.453300,2.453300
ML-KEM-512,524288,512 KB,253,177.000002,55.999997,0.878400,0.064400,1.175800,425.242387,2.242661,0.151825,15.053581,3.727800,3.727800
ML-KEM-512,524288,512 KB,254,162.100005,51.199997,0.744400,0.035000,0.992700,503.676841,1.893425,0.151825,16.329204,1.768600,1.768600
ML-KEM-512,524288,512 KB,255,122.500001,32.199998,0.797400,0.039800,0.991900,504.083073,1.891899,0.151825,12.350035,2.591100,2.591100
ML-KEM-512,524288,512 KB,256,172.200002,50.700000,1.017100,0.038100,1.278100,391.205697,2.437782,0.151825,13.473124,3.645800,3.645800
ML-KEM-512,524288,512 KB,257,185.599994,56.600002,0.844400,0.037900,1.124500,444.642064,2.144814,0.151825,16.505113,2.311300,2.311300
ML-KEM-512,524288,512 KB,258,189.500002,60.099999,1.094800,0.046400,1.390800,359.505320,2.652740,0.151825,13.625252,1.984800,1.984800
ML-KEM-512,524288,512 KB,259,151.400003,35.699995,0.751000,0.034800,0.972900,513.927433,1.855659,0.151825,15.561723,2.338800,2.338800
ML-KEM-512,524288,512 KB,260,488.899997,51.800002,1.094400,0.040700,1.675800,298.364960,3.196335,0.151825,29.174126,3.289200,3.289200
ML-KEM-512,524288,512 KB,261,175.200003,58.400001,0.780700,0.027300,1.041600,480.030722,1.986694,0.151825,16.820277,1.894800,1.894800
ML-KEM-512,524288,512 KB,262,201.499999,65.499997,1.136200,0.062600,1.465800,341.110656,2.795792,0.151825,13.746759,2.430400,2.430400
ML-KEM-512,524288,512 KB,264,182.099997,50.700000,1.092700,0.044800,1.370300,364.883604,2.613640,0.151825,13.289061,2.497000,2.497000
ML-KEM-512,524288,512 KB,265,223.099996,67.300003,0.833000,0.048900,1.172300,426.511985,2.235985,0.151825,19.030964,2.164600,2.164600
ML-KEM-512,524288,512 KB,267,149.699998,48.299997,0.991000,0.035900,1.224900,408.196588,2.336311,0.151825,12.221406,2.351800,2.351800
ML-KEM-512,524288,512 KB,268,168.999999,51.600000,0.860800,0.065800,1.147200,435.843792,2.188110,0.151825,14.731520,2.353900,2.353900
ML-KEM-512,524288,512 KB,269,181.799995,50.499999,0.693200,0.044700,0.970200,515.357657,1.850510,0.151825,18.738404,2.228600,2.228600
ML-KEM-512,524288,512 KB,270,177.200003,57.799996,1.200200,0.049400,1.484600,336.791055,2.831650,0.151825,11.935875,2.162700,2.162700
ML-KEM-512,524288,512 KB,272,205.299999,62.200001,1.037300,0.040600,1.345400,371.636688,2.566147,0.151825,15.259402,1.969700,1.969700
ML-KEM-512,524288,512 KB,273,154.800000,24.600005,0.721500,0.041700,0.942600,530.447700,1.797867,0.151825,16.422661,2.387000,2.387000
ML-KEM-512,524288,512 KB,274,176.499998,39.999999,0.707700,0.036500,0.960700,520.453838,1.832390,0.151825,18.372020,1.875000,1.875000
ML-KEM-512,524288,512 KB,275,127.500003,40.300001,0.960000,0.051400,1.179200,424.016282,2.249146,0.151825,10.812415,2.226600,2.226600
ML-KEM-512,524288,512 KB,276,172.200002,54.299999,1.125000,0.039600,1.391100,359.427791,2.653313,0.151825,12.378693,1.897500,1.897500
ML-KEM-512,524288,512 KB,278,165.199999,41.400002,0.791200,0.044900,1.042700,479.524311,1.988792,0.151825,15.843483,2.221000,2.221000
ML-KEM-512,524288,512 KB,279,117.099997,38.200000,0.729100,0.041500,0.925900,540.015121,1.766014,0.151825,12.647154,2.767700,2.767700
ML-KEM-512,524288,512 KB,280,186.099998,65.599997,0.870500,0.075100,1.197300,417.606281,2.283669,0.151825,15.543306,2.707900,2.707900
ML-KEM-512,524288,512 KB,281,167.899998,79.899997,0.849200,0.038500,1.135500,440.334656,2.165794,0.151825,14.786438,1.870200,1.870200
ML-KEM-512,524288,512 KB,282,154.200003,42.200001,0.889700,0.044500,1.130600,442.243056,2.156448,0.151825,13.638776,1.904100,1.904100
ML-KEM-512,524288,512 KB,283,167.300001,55.800003,1.069400,0.058100,1.350600,370.205834,2.576065,0.151825,12.387087,2.847100,2.847100
ML-KEM-512,524288,512 KB,284,151.399996,58.099999,0.830000,0.037500,1.077000,464.252553,2.054214,0.151825,14.057567,2.338900,2.338900
ML-KEM-512,524288,512 KB,285,177.900001,56.099998,1.095100,0.064500,1.393600,358.783007,2.658081,0.151825,12.765499,2.009900,2.009900
ML-KEM-512,524288,512 KB,286,204.299999,59.500002,1.116800,0.054100,1.434700,348.504915,2.736473,0.151825,14.239911,2.804200,2.804200
ML-KEM-512,524288,512 KB,288,188.200000,47.600006,0.829600,0.033400,1.098800,455.041864,2.095795,0.151825,17.127776,2.294700,2.294700
ML-KEM-512,524288,512 KB,289,149.799998,43.399996,0.704100,0.029800,0.927100,539.316146,1.768303,0.151825,16.157912,2.230900,2.230900
ML-KEM-512,524288,512 KB,290,214.100000,50.700000,0.772900,0.050600,1.088300,459.432142,2.075768,0.151825,19.672884,3.168000,3.168000
ML-KEM-512,524288,512 KB,291,190.899998,70.299997,0.930200,0.049800,1.241200,402.835965,2.367401,0.151825,15.380277,2.661800,2.661800
ML-KEM-512,524288,512 KB,292,139.199998,62.300001,0.744600,0.033600,0.979700,510.360317,1.868629,0.151825,14.208431,2.415100,2.415100
ML-KEM-512,524288,512 KB,293,221.700000,51.399998,0.625700,0.029200,0.928000,538.793107,1.770020,0.151825,23.890086,1.697000,1.697000
ML-KEM-512,524288,512 KB,294,109.200002,27.000002,0.773300,0.036000,0.945500,528.820728,1.803398,0.151825,11.549445,2.957100,2.957100
ML-KEM-512,524288,512 KB,295,163.700002,120.899997,0.825500,0.078500,1.188600,420.662963,2.267075,0.151825,13.772506,2.622000,2.622000
ML-KEM-512,524288,512 KB,296,129.400003,41.699997,0.720500,0.033000,0.924600,540.774391,1.763535,0.151825,13.995242,2.192600,2.192600
ML-KEM-512,524288,512 KB,297,135.299997,43.900000,0.747700,0.044300,0.971200,514.827017,1.852417,0.151825,13.931219,2.129800,2.129800
ML-KEM-512,524288,512 KB,298,114.800001,41.200001,1.131800,0.068600,1.356400,368.622824,2.587128,0.151825,8.463580,2.593700,2.593700
ML-KEM-512,524288,512 KB,299,203.199997,47.599999,0.639200,0.032700,0.922700,541.887935,1.759911,0.151825,22.022325,2.228400,2.228400
ML-KEM-512,1048576,1 MB,1,207.400000,55.400000,2.016100,0.341100,2.620000,381.679389,2.498627,0.075912,7.916031,4.205400,4.205400
ML-KEM-512,1048576,1 MB,2,266.100004,122.400001,1.956200,0.400700,2.745400,364.245647,2.618217,0.075912,9.692577,4.158900,4.158900
ML-KEM-512,1048576,1 MB,3,143.799996,47.499998,1.544800,0.408500,2.144600,466.287421,2.045250,0.075912,6.705213,4.696100,4.696100
ML-KEM-512,1048576,1 MB,4,184.600001,66.499997,1.571000,0.336400,2.158500,463.284689,2.058506,0.075912,8.552235,3.943100,3.943100
ML-KEM-512,1048576,1 MB,6,239.699999,84.100000,1.757800,0.266100,2.347700,425.948801,2.238941,0.075912,10.209993,3.488600,3.488600
ML-KEM-512,1048576,1 MB,7,188.500002,69.500005,1.650000,0.314200,2.222200,450.004501,2.119255,0.075912,8.482585,3.342600,3.342600
ML-KEM-512,1048576,1 MB,8,180.999996,49.600007,2.730700,0.297200,3.258500,306.889674,3.107548,0.075912,5.554703,3.866500,3.866500
ML-KEM-512,1048576,1 MB,9,167.899998,60.099999,1.602300,0.318700,2.149000,465.332713,2.049446,0.075912,7.812936,3.480100,3.480100
ML-KEM-512,1048576,1 MB,10,198.299997,63.799998,1.784300,0.314200,2.360600,423.621113,2.251244,0.075912,8.400407,4.118900,4.118900
ML-KEM-512,1048576,1 MB,11,213.800005,78.999998,1.677400,0.302000,2.272200,440.102104,2.166939,0.075912,9.409383,3.080200,3.080200
ML-KEM-512,1048576,1 MB,12,147.600003,44.200002,1.773800,0.349100,2.314700,432.021428,2.207470,0.075912,6.376636,3.960500,3.960500
ML-KEM-512,1048576,1 MB,13,184.199998,71.200004,1.642000,0.432500,2.329900,429.202970,2.221966,0.075912,7.905919,3.143500,3.143500
ML-KEM-512,1048576,1 MB,15,261.900001,101.899997,2.273300,0.263700,2.900800,344.732488,2.766418,0.075912,9.028544,4.052900,4.052900
ML-KEM-512,1048576,1 MB,16,183.400000,87.499997,2.120700,0.244000,2.635600,379.420246,2.513504,0.075912,6.958567,3.719100,3.719100
ML-KEM-512,1048576,1 MB,17,220.400005,63.799998,2.125100,0.340300,2.749600,363.689264,2.622223,0.075912,8.015712,3.588600,3.588600
ML-KEM-512,1048576,1 MB,18,167.099999,60.899998,1.617400,0.298900,2.144300,466.352656,2.044964,0.075912,7.792753,3.805000,3.805000
ML-KEM-512,1048576,1 MB,19,183.600001,151.100001,1.967800,0.302200,2.604700,383.921373,2.484035,0.075912,7.048796,4.166200,4.166200
ML-KEM-512,1048576,1 MB,20,210.600003,80.200000,1.822200,0.357800,2.470800,404.727214,2.356338,0.075912,8.523555,4.128200,4.128200
ML-KEM-512,1048576,1 MB,21,214.299995,75.999997,2.764300,0.478700,3.533300,283.021538,3.369617,0.075912,6.065151,3.966100,3.966100
ML-KEM-512,1048576,1 MB,22,179.600000,72.800001,1.826700,0.224400,2.303500,434.121987,2.196789,0.075912,7.796831,4.030900,4.030900
ML-KEM-512,1048576,1 MB,23,254.799997,117.600001,2.010800,0.297400,2.680600,373.050809,2.556419,0.075912,9.505335,4.324700,4.324700
ML-KEM-512,1048576,1 MB,24,239.100002,79.700003,1.988700,0.313700,2.621200,381.504655,2.499771,0.075912,9.121776,3.772400,3.772400
ML-KEM-512,1048576,1 MB,25,569.100004,87.200002,2.488000,0.247000,3.391300,294.872173,3.234196,0.075912,16.781175,3.784900,3.784900
ML-KEM-512,1048576,1 MB,26,255.500003,52.900003,1.612300,0.331400,2.252100,444.030017,2.147770,0.075912,11.344967,3.863200,3.863200
ML-KEM-512,1048576,1 MB,27,138.099997,51.300005,2.772100,0.322400,3.283900,304.515972,3.131771,0.075912,4.205365,4.054500,4.054500
ML-KEM-512,1048576,1 MB,28,190.100000,63.899999,1.536200,0.326800,2.117000,472.366556,2.018929,0.075912,8.979688,3.427300,3.427300
ML-KEM-512,1048576,1 MB,29,177.599999,56.199999,2.016800,0.452900,2.703500,369.890882,2.578259,0.075912,6.569262,4.413800,4.413800
ML-KEM-512,1048576,1 MB,30,202.700001,75.999997,1.737800,0.313400,2.329900,429.202971,2.221966,0.075912,8.699944,3.924800,3.924800
ML-KEM-512,1048576,1 MB,31,173.500004,56.600002,1.906600,0.445500,2.582200,387.266673,2.462578,0.075912,6.719077,3.947000,3.947000
ML-KEM-512,1048576,1 MB,32,193.199994,66.900000,1.607800,0.327700,2.195600,455.456368,2.093887,0.075912,8.799417,4.060700,4.060700
ML-KEM-512,1048576,1 MB,33,163.400000,52.199997,1.645900,0.324200,2.185700,457.519330,2.084446,0.075912,7.475866,4.982600,4.982600
ML-KEM-512,1048576,1 MB,34,439.399999,113.300004,1.629700,0.311500,2.493900,400.978387,2.378368,0.075912,17.618990,3.341500,3.341500
ML-KEM-512,1048576,1 MB,35,170.899999,52.099997,1.614800,0.320600,2.158400,463.306153,2.058411,0.075912,7.917902,6.148300,6.148300
ML-KEM-512,1048576,1 MB,36,355.500000,115.000003,1.659900,0.269000,2.399400,416.770859,2.288246,0.075912,14.816204,4.490700,4.490700
ML-KEM-512,1048576,1 MB,37,168.999999,64.400003,2.452200,0.400600,3.086200,324.023071,2.943230,0.075912,5.475990,4.107400,4.107400
ML-KEM-512,1048576,1 MB,38,181.099997,53.199998,1.623800,0.323700,2.181800,458.337152,2.080727,0.075912,8.300486,4.575800,4.575800
ML-KEM-512,1048576,1 MB,40,322.400003,99.500001,1.969100,0.280500,2.671500,374.321542,2.547741,0.075912,12.068127,8.576800,8.576800
ML-KEM-512,1048576,1 MB,41,239.400004,91.499998,2.095500,0.285500,2.711900,368.745161,2.586269,0.075912,8.827759,9.653700,9.653700
ML-KEM-512,1048576,1 MB,42,203.800002,88.200002,2.160300,0.466800,2.919100,342.571341,2.783871,0.075912,6.981604,4.569800,4.569800
ML-KEM-512,1048576,1 MB,43,200.200004,85.200001,2.484500,0.514200,3.284100,304.497426,3.131962,0.075912,6.096039,4.929100,4.929100
ML-KEM-512,1048576,1 MB,44,321.000000,122.000005,2.128900,0.494100,3.066000,326.157861,2.923965,0.075912,10.469667,5.143700,5.143700
ML-KEM-512,1048576,1 MB,45,235.000000,86.499997,2.460300,0.273300,3.055100,327.321528,2.913570,0.075912,7.692056,6.122100,6.122100
ML-KEM-512,1048576,1 MB,46,228.699995,93.199997,2.371100,0.723800,3.416800,292.671506,3.258514,0.075912,6.693397,5.428200,5.428200
ML-KEM-512,1048576,1 MB,47,286.200004,113.299997,2.242100,0.604800,3.246400,308.033514,3.096008,0.075912,8.815919,5.268800,5.268800
ML-KEM-512,1048576,1 MB,48,286.700000,122.600002,2.084900,0.226800,2.721000,367.511945,2.594948,0.075912,10.536567,4.019600,4.019600
ML-KEM-512,1048576,1 MB,49,260.499997,83.799998,1.837200,0.282300,2.463800,405.877100,2.349663,0.075912,10.573098,5.717400,5.717400
ML-KEM-512,1048576,1 MB,50,256.699997,86.600005,1.825400,0.289500,2.458200,406.801725,2.344322,0.075912,10.442600,4.765700,4.765700
ML-KEM-512,1048576,1 MB,51,596.099999,217.299996,2.004100,0.292500,3.110000,321.543408,2.965927,0.075912,19.167203,3.841500,3.841500
ML-KEM-512,1048576,1 MB,52,312.600001,127.799998,2.407000,0.406400,3.253800,307.332965,3.103065,0.075912,9.607229,5.203800,5.203800
ML-KEM-512,1048576,1 MB,53,230.500002,102.100006,2.489000,0.326200,3.147800,317.682191,3.001976,0.075912,7.322575,4.420000,4.420000
ML-KEM-512,1048576,1 MB,54,317.099999,126.499996,2.208400,0.291900,2.943900,339.685451,2.807522,0.075912,10.771426,5.269400,5.269400
ML-KEM-512,1048576,1 MB,55,284.700000,118.700002,2.017700,0.297800,2.718900,367.795799,2.592945,0.075912,10.471146,12.117800,12.117800
ML-KEM-512,1048576,1 MB,56,313.900004,104.599996,1.945600,0.352900,2.717000,368.053000,2.591133,0.075912,11.553184,5.033800,5.033800
ML-KEM-512,1048576,1 MB,59,257.399995,111.000001,2.152000,0.326900,2.847300,351.209918,2.715397,0.075912,9.040143,4.781500,4.781500
ML-KEM-512,1048576,1 MB,60,241.000002,68.799993,2.553400,0.421400,3.284600,304.451074,3.132439,0.075912,7.337271,5.091500,5.091500
ML-KEM-512,1048576,1 MB,61,233.200000,95.700001,2.015000,0.407800,2.751700,363.411709,2.624226,0.075912,8.474761,4.541100,4.541100
ML-KEM-512,1048576,1 MB,62,339.899998,115.300005,2.678700,0.333400,3.467300,288.408848,3.306675,0.075912,9.803017,3.997900,3.997900
ML-KEM-512,1048576,1 MB,63,240.000001,86.300002,2.144300,0.332900,2.803500,356.696986,2.673626,0.075912,8.560728,9.673100,9.673100
ML-KEM-512,1048576,1 MB,65,279.899999,277.599996,2.602200,0.321300,3.481000,287.273772,3.319740,0.075912,8.040793,4.266800,4.266800
ML-KEM-512,1048576,1 MB,67,222.000002,85.100000,1.679500,0.245500,2.232100,448.008600,2.128696,0.075912,9.945791,3.936700,3.936700
ML-KEM-512,1048576,1 MB,68,223.299998,80.999998,2.009700,0.301200,2.615200,382.379933,2.494049,0.075912,8.538544,3.943700,3.943700
ML-KEM-512,1048576,1 MB,69,288.199997,96.200005,2.465200,0.439600,3.289200,304.025295,3.136826,0.075912,8.762009,4.940200,4.940200
ML-KEM-512,1048576,1 MB,70,241.700000,78.499994,1.625900,0.405000,2.351100,425.332822,2.242184,0.075912,10.280294,3.658000,3.658000
ML-KEM-512,1048576,1 MB,71,251.600002,138.299998,1.986100,0.299300,2.675300,373.789856,2.551365,0.075912,9.404553,5.577200,5.577200
ML-KEM-512,1048576,1 MB,72,241.599999,96.299998,1.930500,0.254900,2.523300,396.306423,2.406406,0.075912,9.574763,4.532900,4.532900
ML-KEM-512,1048576,1 MB,73,257.200001,76.299999,1.487700,0.328800,2.150000,465.116279,2.050400,0.075912,11.962791,4.078200,4.078200
ML-KEM-512,1048576,1 MB,74,199.900001,81.800004,1.904900,0.308900,2.495500,400.721299,2.379894,0.075912,8.010419,4.669300,4.669300
ML-KEM-512,1048576,1 MB,75,161.099997,50.800001,1.609300,0.316700,2.137900,467.748725,2.038860,0.075912,7.535432,3.723600,3.723600
ML-KEM-512,1048576,1 MB,76,215.300002,60.400002,1.990400,0.282900,2.549000,392.310709,2.430916,0.075912,8.446450,4.009700,4.009700
ML-KEM-512,1048576,1 MB,77,207.400000,65.200002,1.680700,0.304500,2.257800,442.909027,2.153206,0.075912,9.185933,4.040300,4.040300
ML-KEM-512,1048576,1 MB,78,204.099997,80.300000,2.399500,0.374600,3.058500,326.957659,2.916813,0.075912,6.673206,4.073400,4.073400
ML-KEM-512,1048576,1 MB,79,171.699998,59.400001,1.665400,0.215700,2.112200,473.440016,2.014351,0.075912,8.128965,4.176700,4.176700
ML-KEM-512,1048576,1 MB,80,201.199997,69.100002,2.124500,0.329900,2.724700,367.012882,2.598476,0.075912,7.384299,4.150700,4.150700
ML-KEM-512,1048576,1 MB,81,201.099996,69.700000,1.505800,0.238800,2.015400,496.179418,1.922035,0.075912,9.978168,4.317300,4.317300
ML-KEM-512,1048576,1 MB,82,460.800002,118.600001,2.216900,0.394500,3.190800,313.401028,3.042984,0.075912,14.441519,4.054300,4.054300
ML-KEM-512,1048576,1 MB,83,219.499998,78.300000,2.306700,0.390700,2.995200,333.867522,2.856445,0.075912,7.328392,4.037200,4.037200
ML-KEM-512,1048576,1 MB,84,225.999996,97.700002,2.141300,0.289700,2.754700,363.015937,2.627087,0.075912,8.204160,4.101100,4.101100
ML-KEM-512,1048576,1 MB,85,275.099999,91.399997,1.765400,0.333000,2.464900,405.695972,2.350712,0.075912,11.160696,3.680800,3.680800
ML-KEM-512,1048576,1 MB,86,213.899999,75.200005,1.731700,0.332800,2.353600,424.881033,2.244568,0.075912,9.088205,3.734700,3.734700
ML-KEM-512,1048576,1 MB,87,187.600002,63.299995,1.663700,0.332200,2.246800,445.077443,2.142715,0.075912,8.349653,4.301800,4.301800
ML-KEM-512,1048576,1 MB,88,228.900004,90.900001,1.911800,0.376800,2.608400,383.376783,2.487564,0.075912,8.775495,3.989000,3.989000
ML-KEM-512,1048576,1 MB,89,206.599994,69.500005,1.669600,0.227400,2.173100,460.172104,2.072430,0.075912,9.507155,3.836700,3.836700
ML-KEM-512,1048576,1 MB,90,262.800000,100.099998,1.680100,0.269400,2.312400,432.451133,2.205276,0.075912,11.364816,3.620900,3.620900
ML-KEM-512,1048576,1 MB,91,288.499999,64.800006,1.527200,0.228900,2.109400,474.068455,2.011681,0.075912,13.676875,3.680400,3.680400
ML-KEM-512,1048576,1 MB,92,262.299996,69.700000,2.465500,0.334500,3.132000,319.284802,2.986908,0.075912,8.374840,4.590800,4.590800
ML-KEM-512,1048576,1 MB,93,204.200005,71.399998,2.155900,0.478300,2.909800,343.666231,2.775002,0.075912,7.017665,3.629500,3.629500
ML-KEM-512,1048576,1 MB,94,120.500001,29.600000,1.872300,0.327300,2.349700,425.586245,2.240849,0.075912,5.128314,4.181500,4.181500
ML-KEM-512,1048576,1 MB,96,227.400007,60.300001,1.741700,0.277000,2.306400,433.576136,2.199554,0.075912,9.859522,4.201300,4.201300
ML-KEM-512,1048576,1 MB,98,217.900000,78.400000,1.709200,0.228000,2.233500,447.727781,2.130032,0.075912,9.755988,4.600900,4.600900
ML-KEM-512,1048576,1 MB,99,174.399996,56.099998,1.656000,0.332600,2.219100,450.633139,2.116299,0.075912,7.859042,4.269900,4.269900
ML-KEM-512,1048576,1 MB,100,154.599998,50.200004,1.616000,0.333100,2.153900,464.274107,2.054119,0.075912,7.177678,5.878000,5.878000
ML-KEM-512,1048576,1 MB,101,268.100004,69.900001,1.788700,0.331400,2.458100,406.818275,2.344227,0.075912,10.906798,3.084100,3.084100
ML-KEM-512,1048576,1 MB,102,233.699997,56.500001,1.654600,0.292200,2.237000,447.027269,2.133369,0.075912,10.447027,4.385500,4.385500
ML-KEM-512,1048576,1 MB,103,382.900005,131.699999,2.225400,0.268300,3.008300,332.413656,2.868938,0.075912,12.728119,3.453400,3.453400
ML-KEM-512,1048576,1 MB,104,137.100003,44.300003,1.571500,0.322000,2.074900,481.950937,1.978779,0.075912,6.607548,3.963800,3.963800
ML-KEM-512,1048576,1 MB,105,442.400000,172.599997,2.250100,0.345900,3.211000,311.429462,3.062248,0.075912,13.777639,2.615700,2.615700
ML-KEM-512,1048576,1 MB,106,132.800000,42.600004,1.877300,0.314200,2.366900,422.493557,2.257252,0.075912,5.610714,3.150100,3.150100
ML-KEM-512,1048576,1 MB,107,329.800001,235.500003,2.605900,0.319100,3.490300,286.508323,3.328609,0.075912,9.449045,3.491100,3.491100
ML-KEM-512,1048576,1 MB,110,216.100001,106.799998,2.776000,0.421400,3.520300,284.066699,3.357220,0.075912,6.138681,4.823800,4.823800
ML-KEM-512,1048576,1 MB,111,205.000004,228.800003,2.479200,0.286000,3.199000,312.597687,3.050804,0.075912,6.408253,3.919600,3.919600
ML-KEM-512,1048576,1 MB,112,201.800001,52.799995,1.616100,0.333900,2.204600,453.597024,2.102470,0.075912,9.153588,5.743000,5.743000
ML-KEM-512,1048576,1 MB,113,286.400005,102.999998,2.028900,0.324000,2.742300,364.657404,2.615261,0.075912,10.443788,3.428300,3.428300
ML-KEM-512,1048576,1 MB,114,130.399996,43.500004,1.524200,0.317300,2.015400,496.179418,1.922035,0.075912,6.470179,4.412000,4.412000
ML-KEM-512,1048576,1 MB,115,192.799998,67.800000,1.924200,0.352500,2.537300,394.119734,2.419758,0.075912,7.598628,4.453700,4.453700
ML-KEM-512,1048576,1 MB,116,141.199998,41.799998,1.531100,0.301300,2.015400,496.179418,1.922035,0.075912,7.006053,5.064000,5.064000
ML-KEM-512,1048576,1 MB,117,196.800000,75.399999,2.093000,0.230900,2.596100,385.193174,2.475834,0.075912,7.580602,3.542100,3.542100
ML-KEM-512,1048576,1 MB,118,144.500002,45.000001,1.556400,0.324400,2.070300,483.021783,1.974392,0.075912,6.979665,3.495500,3.495500
ML-KEM-512,1048576,1 MB,119,177.299997,57.600002,2.128900,0.342400,2.706200,369.521839,2.580833,0.075912,6.551622,3.274600,3.274600
ML-KEM-512,1048576,1 MB,120,114.900002,34.199998,1.962600,0.398100,2.509800,398.438123,2.393532,0.075912,4.578054,3.780700,3.780700
ML-KEM-512,1048576,1 MB,121,163.400000,51.300005,2.513700,0.442500,3.170900,315.367876,3.024006,0.075912,5.153111,3.111100,3.111100
ML-KEM-512,1048576,1 MB,122,242.399998,58.799997,2.052000,0.350200,2.703400,369.904564,2.578163,0.075912,8.966487,3.270200,3.270200
ML-KEM-512,1048576,1 MB,124,203.800002,85.100000,1.644400,0.247200,2.180500,458.610411,2.079487,0.075912,9.346480,5.590800,5.590800
ML-KEM-512,1048576,1 MB,126,157.900002,46.499998,1.622900,0.569600,2.396900,417.205558,2.285862,0.075912,6.587676,5.001000,5.001000
ML-KEM-512,1048576,1 MB,127,171.200001,65.199994,1.652600,0.325300,2.214300,451.609991,2.111721,0.075912,7.731563,3.714200,3.714200
ML-KEM-512,1048576,1 MB,128,147.499995,45.699999,1.601000,0.321900,2.116100,472.567460,2.018070,0.075912,6.970370,5.266000,5.266000
ML-KEM-512,1048576,1 MB,129,166.999998,61.700004,1.594000,0.325700,2.148400,465.462669,2.048874,0.075912,7.773226,4.715300,4.715300
ML-KEM-512,1048576,1 MB,130,167.200000,54.800003,2.040800,0.449500,2.712300,368.690780,2.586651,0.075912,6.164510,4.222500,4.222500
ML-KEM-512,1048576,1 MB,131,145.300000,44.100001,1.588600,0.311000,2.089000,478.697941,1.992226,0.075912,6.955481,3.920200,3.920200
ML-KEM-512,1048576,1 MB,132,158.199997,47.599999,1.673200,0.324200,2.203200,453.885258,2.101135,0.075912,7.180465,4.692600,4.692600
ML-KEM-512,1048576,1 MB,133,196.400004,56.999997,1.844200,0.333700,2.431300,411.302596,2.318668,0.075912,8.077983,4.212600,4.212600
ML-KEM-512,1048576,1 MB,135,198.700000,62.500003,2.223800,0.379800,2.864800,349.064507,2.732086,0.075912,6.935912,4.125900,4.125900
ML-KEM-512,1048576,1 MB,136,160.500000,52.000003,2.078000,0.305400,2.595900,385.222852,2.475643,0.075912,6.182827,3.927000,3.927000
ML-KEM-512,1048576,1 MB,139,258.000000,84.500003,2.056800,0.325000,2.724300,367.066769,2.598095,0.075912,9.470323,4.419700,4.419700
ML-KEM-512,1048576,1 MB,140,205.300006,58.199999,2.447500,0.400500,3.111500,321.388398,2.967358,0.075912,6.598104,4.075100,4.075100
ML-KEM-512,1048576,1 MB,141,158.000003,56.000004,1.561500,0.333400,2.108900,474.180853,2.011204,0.075912,7.492058,4.125500,4.125500
ML-KEM-512,1048576,1 MB,143,178.599999,60.200000,2.028100,0.399700,2.666600,375.009376,2.543068,0.075912,6.697667,3.936200,3.936200
ML-KEM-512,1048576,1 MB,144,196.699999,75.600001,1.756900,0.328600,2.357800,424.124183,2.248573,0.075912,8.342523,4.100800,4.100800
ML-KEM-512,1048576,1 MB,145,168.899998,65.400003,1.825400,0.309100,2.368800,422.154677,2.259064,0.075912,7.130192,3.719700,3.719700
ML-KEM-512,1048576,1 MB,146,261.800000,106.100000,2.034300,0.319300,2.721500,367.444424,2.595425,0.075912,9.619695,3.389700,3.389700
ML-KEM-512,1048576,1 MB,147,163.200006,54.500000,1.654700,0.310200,2.182600,458.169156,2.081490,0.075912,7.477321,3.582800,3.582800
ML-KEM-512,1048576,1 MB,148,140.600001,49.299997,2.217200,0.388700,2.795800,357.679376,2.666283,0.075912,5.028972,4.099100,4.099100
ML-KEM-512,1048576,1 MB,149,181.599993,71.299997,1.733600,0.324400,2.310900,432.731836,2.203846,0.075912,7.858410,3.296400,3.296400
ML-KEM-512,1048576,1 MB,150,134.599999,44.599998,1.626900,0.578000,2.384100,419.445493,2.273655,0.075912,5.645736,4.046300,4.046300
ML-KEM-512,1048576,1 MB,152,124.800004,132.299996,1.834600,0.328000,2.419700,413.274374,2.307606,0.075912,5.157664,3.678500,3.678500
ML-KEM-512,1048576,1 MB,153,224.600000,76.199998,2.047300,0.320300,2.668400,374.756409,2.544785,0.075912,8.417029,3.257500,3.257500
ML-KEM-512,1048576,1 MB,154,140.600001,42.700005,1.663600,0.388500,2.235400,447.347230,2.131844,0.075912,6.289702,3.241000,3.241000
ML-KEM-512,1048576,1 MB,155,235.200001,60.300001,1.816500,0.377000,2.489000,401.767778,2.373695,0.075912,9.449578,3.690400,3.690400
ML-KEM-512,1048576,1 MB,156,134.800001,41.500003,1.696400,0.313600,2.186300,457.393770,2.085018,0.075912,6.165668,3.578700,3.578700
ML-KEM-512,1048576,1 MB,157,127.100000,40.200001,1.723500,0.409100,2.299900,434.801513,2.193356,0.075912,5.526327,3.489900,3.489900
ML-KEM-512,1048576,1 MB,158,144.099999,48.899994,1.678100,0.325300,2.196400,455.290476,2.094650,0.075912,6.560736,3.467500,3.467500
ML-KEM-512,1048576,1 MB,159,120.600002,30.700001,1.634300,0.305600,2.091200,478.194337,1.994324,0.075912,5.767024,3.890800,3.890800
ML-KEM-512,1048576,1 MB,160,209.699996,69.399997,1.650000,0.295500,2.224600,449.519014,2.121544,0.075912,9.426414,3.546500,3.546500
ML-KEM-512,1048576,1 MB,161,145.999998,44.100001,1.600800,0.320300,2.111200,473.664266,2.013397,0.075912,6.915498,3.377800,3.377800
ML-KEM-512,1048576,1 MB,162,165.600002,52.800002,1.767500,0.315100,2.301000,434.593655,2.194405,0.075912,7.196871,3.794700,3.794700
ML-KEM-512,1048576,1 MB,164,133.999994,42.599997,2.940800,0.418300,3.535700,282.829425,3.371906,0.075912,3.789914,4.558300,4.558300
ML-KEM-512,1048576,1 MB,165,133.599999,44.699998,1.586100,0.370100,2.134500,468.493791,2.035618,0.075912,6.259077,6.533100,6.533100
ML-KEM-512,1048576,1 MB,167,122.400001,31.600001,1.524000,0.334000,2.012000,497.017893,1.918793,0.075912,6.083499,9.432300,9.432300
ML-KEM-512,1048576,1 MB,168,182.299998,71.099996,1.733600,0.314100,2.301100,434.574768,2.194500,0.075912,7.922298,3.194700,3.194700
ML-KEM-512,1048576,1 MB,170,142.700002,48.200003,1.638100,0.344700,2.173700,460.045085,2.073002,0.075912,6.564843,4.341600,4.341600
ML-KEM-512,1048576,1 MB,171,241.200003,63.300002,2.572600,0.363000,3.240100,308.632449,3.090000,0.075912,7.444215,3.827900,3.827900
ML-KEM-512,1048576,1 MB,172,132.599998,42.700005,1.688700,0.306700,2.170700,460.680887,2.070141,0.075912,6.108628,4.399700,4.399700
ML-KEM-512,1048576,1 MB,173,231.300000,69.700000,2.111800,0.336800,2.749600,363.689264,2.622223,0.075912,8.412133,3.803700,3.803700
ML-KEM-512,1048576,1 MB,174,152.100001,52.600000,1.580600,0.311200,2.096500,476.985452,1.999378,0.075912,7.254949,3.755500,3.755500
ML-KEM-512,1048576,1 MB,175,259.400003,95.300005,2.039100,0.323200,2.717000,368.053000,2.591133,0.075912,9.547295,3.527100,3.527100
ML-KEM-512,1048576,1 MB,176,133.599999,40.500003,1.599200,0.328600,2.101900,475.760027,2.004528,0.075912,6.356154,4.076800,4.076800
ML-KEM-512,1048576,1 MB,177,368.699999,115.300005,2.235500,0.363900,3.083400,324.317312,2.940559,0.075912,11.957579,3.581000,3.581000
ML-KEM-512,1048576,1 MB,178,134.599999,43.799999,1.611300,0.312800,2.102500,475.624256,2.005100,0.075912,6.401902,4.490000,4.490000
ML-KEM-512,1048576,1 MB,179,216.299995,80.300000,1.905600,0.326900,2.529100,395.397573,2.411938,0.075912,8.552449,3.595700,3.595700
ML-KEM-512,1048576,1 MB,180,139.799995,46.200003,1.617600,0.312600,2.116200,472.545129,2.018166,0.075912,6.606181,4.531000,4.531000
ML-KEM-512,1048576,1 MB,181,341.599996,119.300006,2.287100,0.336900,3.084900,324.159616,2.941990,0.075912,11.073292,3.312900,3.312900
ML-KEM-512,1048576,1 MB,182,143.300000,46.699999,1.564500,0.341200,2.095700,477.167533,1.998615,0.075912,6.837811,3.626200,3.626200
ML-KEM-512,1048576,1 MB,183,216.799999,58.500002,1.950500,0.390400,2.616200,382.233774,2.495003,0.075912,8.286828,3.827900,3.827900
ML-KEM-512,1048576,1 MB,184,151.400003,105.599996,1.575300,0.336400,2.168700,461.105731,2.068233,0.075912,6.981141,3.532800,3.532800
ML-KEM-512,1048576,1 MB,185,125.099999,40.500003,2.656900,0.406300,3.228800,309.712587,3.079224,0.075912,3.874504,4.570300,4.570300
ML-KEM-512,1048576,1 MB,186,149.799998,47.800000,1.559700,0.303700,2.061000,485.201359,1.965523,0.075912,7.268316,3.847200,3.847200
ML-KEM-512,1048576,1 MB,187,126.100000,40.699997,2.778000,0.427200,3.372000,296.559905,3.215790,0.075912,3.739620,4.184000,4.184000
ML-KEM-512,1048576,1 MB,188,169.999999,55.600001,1.750200,0.364500,2.340300,427.295647,2.231884,0.075912,7.264026,4.196700,4.196700
ML-KEM-512,1048576,1 MB,189,571.400000,90.800000,2.043800,0.404500,3.110500,321.491721,2.966404,0.075912,18.370037,4.712000,4.712000
ML-KEM-512,1048576,1 MB,191,140.899996,46.800000,2.765500,0.393400,3.346600,298.810733,3.191566,0.075912,4.210243,3.710300,3.710300
ML-KEM-512,1048576,1 MB,192,145.999998,48.400005,1.608100,0.320000,2.122500,471.142520,2.024174,0.075912,6.878681,3.360300,3.360300
ML-KEM-512,1048576,1 MB,193,141.000004,43.400003,1.962500,0.353700,2.500600,399.904023,2.384758,0.075912,5.638647,4.293000,4.293000
ML-KEM-512,1048576,1 MB,194,142.500001,46.100002,1.579700,0.321400,2.089700,478.537589,1.992893,0.075912,6.819161,3.519900,3.519900
ML-KEM-512,1048576,1 MB,195,137.499999,41.599997,2.219800,0.360800,2.759700,362.358227,2.631855,0.075912,4.982426,4.362000,4.362000
ML-KEM-512,1048576,1 MB,196,166.200000,45.600005,1.620800,0.321700,2.154300,464.187904,2.054501,0.075912,7.714803,3.489000,3.489000
ML-KEM-512,1048576,1 MB,197,127.100000,39.899998,1.976300,0.353300,2.496600,400.544741,2.380943,0.075912,5.090924,5.022400,5.022400
ML-KEM-512,1048576,1 MB,198,213.699997,75.199998,1.602600,0.323300,2.214800,451.508037,2.112198,0.075912,9.648727,3.258500,3.258500
ML-KEM-512,1048576,1 MB,199,174.900000,42.700005,1.591700,0.442400,2.251700,444.108895,2.147388,0.075912,7.767465,3.528100,3.528100
ML-KEM-512,1048576,1 MB,200,285.700000,73.700001,2.257500,0.361900,2.978800,335.705653,2.840805,0.075912,9.591111,3.313900,3.313900
ML-KEM-512,1048576,1 MB,201,219.399997,70.399998,1.593800,0.309800,2.193400,455.913193,2.091789,0.075912,10.002735,3.399400,3.399400
ML-KEM-512,1048576,1 MB,202,159.499999,52.299998,1.875800,0.335100,2.422700,412.762620,2.310467,0.075912,6.583564,4.375200,4.375200
ML-KEM-512,1048576,1 MB,203,161.500000,47.599999,1.540300,0.333600,2.083000,480.076812,1.986504,0.075912,7.753241,3.262500,3.262500
ML-KEM-512,1048576,1 MB,204,132.400004,41.300002,2.095300,0.403600,2.672600,374.167477,2.548790,0.075912,4.953978,4.641500,4.641500
ML-KEM-512,1048576,1 MB,205,159.399999,54.600001,1.563600,0.317600,2.095200,477.281404,1.998138,0.075912,7.607866,3.525400,3.525400
ML-KEM-512,1048576,1 MB,206,129.200002,40.499996,1.592000,0.303500,2.065200,484.214605,1.969528,0.075912,6.256053,3.911300,3.911300
ML-KEM-512,1048576,1 MB,207,216.800006,67.200002,1.957400,0.309600,2.551000,392.003135,2.432823,0.075912,8.498628,3.138100,3.138100
ML-KEM-512,1048576,1 MB,208,171.100000,59.200000,1.584000,0.315700,2.130000,469.483568,2.031326,0.075912,8.032864,4.875600,4.875600
ML-KEM-512,1048576,1 MB,209,245.300005,202.199997,1.953300,0.234300,2.635100,379.492240,2.513027,0.075912,9.308945,3.749600,3.749600
ML-KEM-512,1048576,1 MB,210,141.199998,41.899999,1.643200,0.360600,2.186900,457.268278,2.085590,0.075912,6.456628,6.490700,6.490700
ML-KEM-512,1048576,1 MB,211,159.199997,84.200001,1.874200,0.360100,2.477700,403.600113,2.362919,0.075912,6.425314,3.518300,3.518300
ML-KEM-512,1048576,1 MB,212,195.399996,62.400002,1.669700,0.303100,2.230600,448.309871,2.127266,0.075912,8.759975,7.156900,7.156900
ML-KEM-512,1048576,1 MB,213,167.600003,57.999998,1.661000,0.383200,2.269800,440.567452,2.164650,0.075912,7.383911,4.656400,4.656400
ML-KEM-512,1048576,1 MB,215,146.500002,51.000003,2.061200,0.310700,2.569400,389.195921,2.450371,0.075912,5.701720,8.447300,8.447300
ML-KEM-512,1048576,1 MB,216,255.399995,76.000004,2.032900,0.585600,2.949900,338.994542,2.813244,0.075912,8.657920,5.929800,5.929800
ML-KEM-512,1048576,1 MB,217,387.800006,171.399995,2.051000,0.338200,2.948400,339.167005,2.811813,0.075912,13.152897,4.105200,4.105200
ML-KEM-512,1048576,1 MB,218,114.600000,31.600001,1.590600,0.315500,2.052300,487.258198,1.957226,0.075912,5.583979,6.496700,6.496700
ML-KEM-512,1048576,1 MB,219,318.500002,96.299998,1.844100,0.233300,2.492200,401.251906,2.376747,0.075912,12.779873,3.207600,3.207600
ML-KEM-512,1048576,1 MB,220,129.099994,41.200001,1.619500,0.323300,2.113100,473.238369,2.015209,0.075912,6.109507,7.077800,7.077800
ML-KEM-512,1048576,1 MB,221,186.099998,71.700000,1.719100,0.333000,2.309900,432.919175,2.202892,0.075912,8.056626,3.476600,3.476600
ML-KEM-512,1048576,1 MB,222,137.000003,54.500000,1.516900,0.650400,2.358800,423.944379,2.249527,0.075912,5.808038,4.368900,4.368900
ML-KEM-512,1048576,1 MB,223,162.700002,49.000002,1.880000,0.316100,2.407800,415.316887,2.296257,0.075912,6.757206,3.161600,3.161600
ML-KEM-512,1048576,1 MB,224,157.600000,51.399998,1.640200,0.312700,2.161900,462.556086,2.061749,0.075912,7.289884,5.481100,5.481100
ML-KEM-512,1048576,1 MB,225,160.800002,53.700001,1.617200,0.321900,2.153600,464.338780,2.053833,0.075912,7.466568,4.088700,4.088700
ML-KEM-512,1048576,1 MB,226,194.699998,45.100001,1.564800,0.323400,2.128000,469.924812,2.029419,0.075912,9.149436,5.576400,5.576400
ML-KEM-512,1048576,1 MB,227,164.400000,70.099995,1.802600,0.347000,2.384100,419.445493,2.273655,0.075912,6.895684,3.617300,3.617300
ML-KEM-512,1048576,1 MB,228,134.800001,42.699998,1.862300,0.548100,2.587900,386.413695,2.468014,0.075912,5.208857,4.141100,4.141100
ML-KEM-512,1048576,1 MB,229,209.000005,56.500001,1.766400,0.317300,2.349200,425.676825,2.240372,0.075912,8.896646,3.793200,3.793200
ML-KEM-512,1048576,1 MB,230,127.700005,44.100001,1.902500,0.367900,2.442200,409.466874,2.329063,0.075912,5.228892,4.531000,4.531000
ML-KEM-512,1048576,1 MB,231,141.099998,59.499995,2.381100,0.345800,2.927500,341.588385,2.791882,0.075912,4.819812,3.518100,3.518100
ML-KEM-512,1048576,1 MB,232,150.300002,42.899999,1.848400,0.318900,2.360500,423.639059,2.251148,0.075912,6.367295,4.861500,4.861500
ML-KEM-512,1048576,1 MB,233,157.600000,51.100003,2.196600,0.355700,2.761000,362.187613,2.633095,0.075912,5.708077,3.336500,3.336500
ML-KEM-512,1048576,1 MB,234,138.400006,55.199998,1.680200,0.332500,2.206300,453.247519,2.104092,0.075912,6.272946,5.978900,5.978900
ML-KEM-512,1048576,1 MB,235,188.699996,57.300000,1.676100,0.310900,2.233000,447.828034,2.129555,0.075912,8.450515,3.516300,3.516300
ML-KEM-512,1048576,1 MB,236,131.499997,42.000000,1.889700,0.341000,2.404200,415.938774,2.292824,0.075912,5.469595,4.573000,4.573000
ML-KEM-512,1048576,1 MB,237,255.799998,91.299997,1.974900,0.260100,2.582100,387.281670,2.462482,0.075912,9.906665,3.539400,3.539400
ML-KEM-512,1048576,1 MB,238,246.399999,81.700004,1.538800,0.297200,2.164100,462.085856,2.063847,0.075912,11.385795,5.097000,5.097000
ML-KEM-512,1048576,1 MB,239,249.900004,82.799997,1.717300,0.254100,2.304100,434.008940,2.197361,0.075912,10.845884,3.380600,3.380600
ML-KEM-512,1048576,1 MB,240,127.300002,40.900006,1.565500,0.309800,2.043500,489.356495,1.948833,0.075912,6.229508,4.604300,4.604300
ML-KEM-512,1048576,1 MB,241,206.900004,78.500001,1.736200,0.319600,2.341200,427.131385,2.232742,0.075912,8.837349,3.965900,3.965900
ML-KEM-512,1048576,1 MB,242,139.699994,41.499996,1.630300,0.332300,2.143800,466.461424,2.044487,0.075912,6.516466,4.058100,4.058100
ML-KEM-512,1048576,1 MB,243,199.500006,92.399998,2.105100,0.364800,2.761800,362.082699,2.633858,0.075912,7.223550,3.497300,3.497300
ML-KEM-512,1048576,1 MB,244,135.499999,43.299995,1.558600,0.320900,2.058300,485.837829,1.962948,0.075912,6.583103,3.932800,3.932800
ML-KEM-512,1048576,1 MB,245,229.699996,49.499999,2.310600,0.421100,3.010900,332.126607,2.871418,0.075912,7.628948,34.634400,34.634400
ML-KEM-512,1048576,1 MB,246,241.099995,92.599999,2.716600,0.289500,3.339800,299.419127,3.185081,0.075912,7.218995,7.212500,7.212500
ML-KEM-512,1048576,1 MB,247,248.300006,92.599999,2.032500,0.317500,2.690900,371.622877,2.566242,0.075912,9.227396,5.455300,5.455300
ML-KEM-512,1048576,1 MB,249,228.900004,88.699999,1.625500,0.266800,2.209900,452.509164,2.107525,0.075912,10.357935,5.240700,5.240700
ML-KEM-512,1048576,1 MB,250,244.600000,94.600000,2.321900,0.447500,3.108600,321.688220,2.964592,0.075912,7.868494,4.823100,4.823100
ML-KEM-512,1048576,1 MB,251,230.400001,111.200003,1.894500,0.264100,2.500200,399.968003,2.384377,0.075912,9.215263,4.617100,4.617100
ML-KEM-512,1048576,1 MB,252,191.699997,81.099999,1.682500,0.263400,2.218700,450.714382,2.115917,0.075912,8.640195,3.748200,3.748200
ML-KEM-512,1048576,1 MB,254,295.500002,79.700003,1.648600,0.699400,2.723200,367.215041,2.597046,0.075912,10.851205,4.338600,4.338600
ML-KEM-512,1048576,1 MB,255,219.300004,58.699996,1.487200,0.333400,2.098600,476.508148,2.001381,0.075912,10.449824,3.903100,3.903100
ML-KEM-512,1048576,1 MB,256,224.400006,77.600002,2.517900,0.375300,3.195200,312.969454,3.047180,0.075912,7.023035,3.933300,3.933300
ML-KEM-512,1048576,1 MB,257,163.700002,58.300000,1.613500,0.307300,2.142800,466.679111,2.043533,0.075912,7.639537,3.433800,3.433800
ML-KEM-512,1048576,1 MB,258,138.300005,46.399997,1.607500,0.343900,2.136100,468.142876,2.037144,0.075912,6.474416,5.893100,5.893100
ML-KEM-512,1048576,1 MB,259,234.500003,86.799999,2.047400,0.312400,2.681100,372.981239,2.556896,0.075912,8.746410,5.087200,5.087200
ML-KEM-512,1048576,1 MB,261,175.699999,67.800000,1.718200,0.228900,2.190600,456.495938,2.089119,0.075912,8.020634,3.853200,3.853200
ML-KEM-512,1048576,1 MB,262,179.400005,79.999998,1.757900,0.319400,2.336700,427.953952,2.228451,0.075912,7.677494,3.456000,3.456000
ML-KEM-512,1048576,1 MB,263,153.599998,55.299999,1.628900,0.335000,2.172800,460.235639,2.072144,0.075912,7.069219,3.463000,3.463000
ML-KEM-512,1048576,1 MB,264,146.499995,49.800001,1.635200,0.346400,2.177900,459.157906,2.077007,0.075912,6.726663,4.258800,4.258800
ML-KEM-512,1048576,1 MB,266,184.500001,61.100000,1.654900,0.206000,2.106500,474.721101,2.008915,0.075912,8.758604,3.062700,3.062700
ML-KEM-512,1048576,1 MB,267,165.300000,53.299998,1.517800,0.380300,2.116700,472.433505,2.018642,0.075912,7.809326,3.334600,3.334600
ML-KEM-512,1048576,1 MB,268,184.599994,60.999999,1.609800,0.249500,2.104900,475.081952,2.007389,0.075912,8.770013,2.924900,2.924900
ML-KEM-512,1048576,1 MB,270,178.700000,61.300001,1.682700,0.313000,2.235700,447.287202,2.132130,0.075912,7.993022,3.458900,3.458900
ML-KEM-512,1048576,1 MB,271,163.500001,62.100000,1.638000,0.328600,2.192200,456.162760,2.090645,0.075912,7.458261,3.978500,3.978500
ML-KEM-512,1048576,1 MB,272,184.299999,71.600000,1.907900,0.329500,2.493300,401.074880,2.377796,0.075912,7.391810,3.855800,3.855800
ML-KEM-512,1048576,1 MB,273,150.899999,44.599998,1.716800,0.304500,2.216800,451.100686,2.114105,0.075912,6.807109,3.747000,3.747000
ML-KEM-512,1048576,1 MB,274,184.700002,64.300002,1.773000,0.342000,2.364000,423.011844,2.254486,0.075912,7.813029,3.388200,3.388200
ML-KEM-512,1048576,1 MB,275,121.700003,34.400000,1.652500,0.301300,2.109900,473.956112,2.012157,0.075912,5.768046,4.103800,4.103800
ML-KEM-512,1048576,1 MB,276,215.699998,74.600001,2.161500,0.347800,2.799600,357.193885,2.669907,0.075912,7.704672,3.898600,3.898600
ML-KEM-512,1048576,1 MB,277,157.999995,40.100000,1.560100,0.309900,2.068100,483.535614,1.972294,0.075912,7.639862,3.918400,3.918400
ML-KEM-512,1048576,1 MB,278,259.900000,50.800001,1.797900,0.420100,2.528700,395.460119,2.411556,0.075912,10.278008,4.159200,4.159200
ML-KEM-512,1048576,1 MB,279,246.500000,45.799999,1.637200,0.331700,2.261200,442.243056,2.156448,0.075912,10.901291,3.822000,3.822000
ML-KEM-512,1048576,1 MB,280,147.100000,45.300003,1.586600,0.313500,2.092500,477.897252,1.995564,0.075912,7.029869,4.147800,4.147800
ML-KEM-512,1048576,1 MB,281,185.400000,61.400002,1.906300,0.328000,2.481100,403.047035,2.366161,0.075912,7.472492,3.628800,3.628800
ML-KEM-512,1048576,1 MB,282,189.200000,60.000006,1.700600,0.352000,2.301800,434.442610,2.195168,0.075912,8.219654,4.446400,4.446400
ML-KEM-512,1048576,1 MB,283,194.900000,73.900002,1.853200,0.390100,2.512100,398.073325,2.395725,0.075912,7.758449,3.487700,3.487700
ML-KEM-512,1048576,1 MB,284,143.700003,35.199999,1.545800,0.326900,2.051600,487.424449,1.956558,0.075912,7.004289,4.232600,4.232600
ML-KEM-512,1048576,1 MB,285,250.300000,158.400006,1.853900,0.332900,2.595500,385.282219,2.475262,0.075912,9.643614,3.946800,3.946800
ML-KEM-512,1048576,1 MB,286,135.499999,35.999998,1.566900,0.303900,2.042300,489.644028,1.947689,0.075912,6.634677,4.266500,4.266500
ML-KEM-512,1048576,1 MB,287,200.499999,76.400000,1.801200,0.349900,2.428000,411.861615,2.315521,0.075912,8.257825,4.776400,4.776400
ML-KEM-512,1048576,1 MB,288,189.200000,36.600002,1.637200,0.233900,2.096900,476.894462,1.999760,0.075912,9.022843,4.243600,4.243600
ML-KEM-512,1048576,1 MB,289,196.699999,70.100003,1.745400,0.310600,2.322800,430.514896,2.215195,0.075912,8.468228,3.440200,3.440200
ML-KEM-512,1048576,1 MB,290,124.600003,32.399999,1.559700,0.302800,2.019500,495.172073,1.925945,0.075912,6.169844,3.752900,3.752900
ML-KEM-512,1048576,1 MB,291,203.399999,65.200002,1.933500,0.361300,2.563400,390.106889,2.444649,0.075912,7.934774,3.907200,3.907200
ML-KEM-512,1048576,1 MB,292,210.699996,134.000002,1.556800,0.321100,2.222600,449.923513,2.119637,0.075912,9.479888,3.949500,3.949500
ML-KEM-512,1048576,1 MB,293,134.700000,43.300002,1.817300,0.433100,2.428400,411.793774,2.315903,0.075912,5.546862,4.025800,4.025800
ML-KEM-512,1048576,1 MB,294,159.899995,51.899995,1.687400,0.334700,2.233900,447.647612,2.130413,0.075912,7.157885,3.915400,3.915400
ML-KEM-512,1048576,1 MB,296,186.799996,83.100000,1.741300,0.329900,2.341100,427.149630,2.232647,0.075912,7.979155,6.751600,6.751600
ML-KEM-512,1048576,1 MB,297,265.700000,108.900000,1.888200,0.347200,2.610000,383.141762,2.489090,0.075912,10.180077,4.244100,4.244100
ML-KEM-512,1048576,1 MB,299,193.000000,74.999996,1.780100,0.347200,2.395300,417.484240,2.284336,0.075912,8.057446,6.797500,6.797500
ML-KEM-512,2097152,2 MB,1,215.500004,174.200002,4.135000,0.596600,5.121300,390.525843,2.442026,0.037956,4.207916,8.315700,8.315700
ML-KEM-512,2097152,2 MB,2,265.600000,83.899999,2.905600,0.652800,3.907900,511.783823,1.863432,0.037956,6.796489,7.007900,7.007900
ML-KEM-512,2097152,2 MB,4,196.499997,67.499997,3.850700,0.785000,4.899700,408.188257,2.336359,0.037956,4.010450,5.795900,5.795900
ML-KEM-512,2097152,2 MB,5,219.999994,66.799999,2.862900,0.512300,3.662000,546.149646,1.746178,0.037956,6.007646,6.414700,6.414700
ML-KEM-512,2097152,2 MB,6,213.899999,86.500004,2.996300,0.511800,3.808500,525.141132,1.816034,0.037956,5.616384,7.470700,7.470700
ML-KEM-512,2097152,2 MB,7,345.200002,102.899998,6.185100,0.444800,7.078000,282.565696,3.375053,0.037956,4.877084,9.101100,9.101100
ML-KEM-512,2097152,2 MB,9,169.799998,65.000000,2.985700,0.524000,3.744500,534.116705,1.785517,0.037956,4.534651,6.007100,6.007100
ML-KEM-512,2097152,2 MB,10,282.900000,106.599997,3.197200,0.505300,4.092000,488.758554,1.951218,0.037956,6.913490,5.678200,5.678200
ML-KEM-512,2097152,2 MB,11,288.600000,70.299997,3.830900,0.564200,4.754000,420.698360,2.266884,0.037956,6.070677,5.457500,5.457500
ML-KEM-512,2097152,2 MB,12,194.599997,67.699999,2.864600,0.519000,3.645900,548.561398,1.738501,0.037956,5.337502,8.436100,8.436100
ML-KEM-512,2097152,2 MB,13,188.499995,68.000001,2.750700,0.550300,3.557500,562.192551,1.696348,0.037956,5.298665,6.189000,6.189000
ML-KEM-512,2097152,2 MB,14,249.400000,94.400006,3.184600,0.539100,4.067500,491.702520,1.939535,0.037956,6.131530,5.176300,5.176300
ML-KEM-512,2097152,2 MB,15,250.600002,83.899999,3.443800,0.556100,4.334400,461.424880,2.066803,0.037956,5.781654,5.772200,5.772200
ML-KEM-512,2097152,2 MB,16,188.400001,76.999997,3.385000,0.646900,4.297300,465.408512,2.049112,0.037956,4.384148,5.503600,5.503600
ML-KEM-512,2097152,2 MB,17,198.700000,66.900000,2.938800,0.516300,3.720700,537.533260,1.774168,0.037956,5.340393,6.080700,6.080700
ML-KEM-512,2097152,2 MB,18,180.099996,65.700006,2.918100,0.525500,3.689400,542.093565,1.759243,0.037956,4.881552,5.439800,5.439800
ML-KEM-512,2097152,2 MB,19,194.100001,61.300001,3.525100,0.464100,4.244600,471.186920,2.023983,0.037956,4.572869,5.343900,5.343900
ML-KEM-512,2097152,2 MB,20,307.700000,70.800001,2.767200,0.523300,3.669000,545.107659,1.749516,0.037956,8.386481,6.681600,6.681600
ML-KEM-512,2097152,2 MB,21,191.000006,75.899996,2.685400,0.576300,3.528600,566.797030,1.682568,0.037956,5.412912,6.014500,6.014500
ML-KEM-512,2097152,2 MB,22,307.299997,141.400000,3.076400,0.510400,4.035500,495.601536,1.924276,0.037956,7.614918,5.198000,5.198000
ML-KEM-512,2097152,2 MB,23,233.300001,86.700005,3.526700,0.495200,4.341900,460.627836,2.070379,0.037956,5.373224,5.206900,5.206900
ML-KEM-512,2097152,2 MB,24,314.199999,75.000004,2.816000,0.520700,3.725900,536.783059,1.776648,0.037956,8.432862,6.229500,6.229500
ML-KEM-512,2097152,2 MB,25,209.000005,71.800001,2.920200,0.521800,3.722800,537.230042,1.775169,0.037956,5.614054,6.503400,6.503400
ML-KEM-512,2097152,2 MB,26,436.199996,120.000004,2.909900,0.520200,3.986300,501.718386,1.900816,0.037956,10.942478,6.065200,6.065200
ML-KEM-512,2097152,2 MB,27,235.100000,80.600003,3.159700,0.635600,4.111000,486.499636,1.960278,0.037956,5.718803,5.193500,5.193500
ML-KEM-512,2097152,2 MB,28,158.800001,53.399999,2.821500,0.672300,3.706000,539.665407,1.767159,0.037956,4.284943,5.827200,5.827200
ML-KEM-512,2097152,2 MB,29,407.599997,70.500006,2.659500,0.506000,3.643600,548.907674,1.737404,0.037956,11.186738,5.922700,5.922700
ML-KEM-512,2097152,2 MB,30,247.600001,114.199996,3.175900,0.544800,4.082500,489.895897,1.946688,0.037956,6.064911,5.385100,5.385100
ML-KEM-512,2097152,2 MB,31,249.299999,83.899999,3.376300,0.555800,4.265300,468.900195,2.033854,0.037956,5.844841,6.138000,6.138000
ML-KEM-512,2097152,2 MB,38,244.499999,98.800003,4.974600,0.668800,5.986700,334.073864,2.854681,0.037956,4.084053,4.838900,4.838900
ML-KEM-512,2097152,2 MB,39,155.599999,53.399999,2.935700,0.533400,3.678100,543.759006,1.753855,0.037956,4.230445,6.761900,6.761900
ML-KEM-512,2097152,2 MB,40,175.200003,50.800001,5.831400,0.677300,6.734700,296.969427,3.211355,0.037956,2.601452,6.154000,6.154000
ML-KEM-512,2097152,2 MB,41,370.900001,136.700000,3.382000,0.522600,4.412200,453.288608,2.103901,0.037956,8.406237,6.443200,6.443200
ML-KEM-512,2097152,2 MB,42,184.299999,100.999998,3.225800,0.590900,4.102000,487.567041,1.955986,0.037956,4.492930,7.608200,7.608200
ML-KEM-512,2097152,2 MB,43,179.299997,63.400003,2.698500,0.502800,3.444000,580.720093,1.642227,0.037956,5.206156,7.021000,7.021000
ML-KEM-512,2097152,2 MB,44,358.899997,81.500002,2.870000,0.564400,3.874800,516.155672,1.847649,0.037956,9.262413,5.245700,5.245700
ML-KEM-512,2097152,2 MB,45,306.000002,99.900004,3.311500,0.464700,4.182100,478.228641,1.994181,0.037956,7.316898,6.404400,6.404400
ML-KEM-512,2097152,2 MB,46,161.400007,43.900000,3.803100,0.698300,4.706700,424.926169,2.244329,0.037956,3.429154,7.646200,7.646200
ML-KEM-512,2097152,2 MB,47,235.899999,100.300000,3.470300,0.783600,4.590100,435.720355,2.188730,0.037956,5.139322,7.813000,7.813000
ML-KEM-512,2097152,2 MB,49,333.100004,104.800005,3.928900,0.425200,4.792000,417.362270,2.285004,0.037956,6.951169,5.077200,5.077200
ML-KEM-512,2097152,2 MB,50,215.400003,74.400006,3.026100,0.492100,3.808000,525.210084,1.815796,0.037956,5.656513,7.297200,7.297200
ML-KEM-512,2097152,2 MB,51,217.599998,70.599999,2.623200,0.547000,3.458400,578.302106,1.649094,0.037956,6.291927,5.523200,5.523200
ML-KEM-512,2097152,2 MB,52,320.200001,127.799998,3.932900,0.560800,4.941700,404.719024,2.356386,0.037956,6.479552,6.017700,6.017700
ML-KEM-512,2097152,2 MB,53,303.899993,125.700004,3.366700,0.596700,4.393000,455.269747,2.094746,0.037956,6.917824,5.273900,5.273900
ML-KEM-512,2097152,2 MB,54,235.000000,76.800003,3.407100,0.563600,4.282500,467.016929,2.042055,0.037956,5.487449,5.674300,5.674300
ML-KEM-512,2097152,2 MB,55,200.000002,71.399998,2.848300,0.512400,3.632100,550.645632,1.731920,0.037956,5.506456,6.096900,6.096900
ML-KEM-512,2097152,2 MB,56,223.999996,89.699999,2.896300,0.535300,3.745300,534.002617,1.785898,0.037956,5.980829,5.950700,5.950700
ML-KEM-512,2097152,2 MB,57,285.900001,100.099998,3.190500,0.568900,4.145400,482.462488,1.976681,0.037956,6.896801,5.573600,5.573600
ML-KEM-512,2097152,2 MB,58,198.200003,74.599993,4.147400,0.530700,4.950900,403.966955,2.360773,0.037956,4.003313,5.336400,5.336400
ML-KEM-512,2097152,2 MB,59,177.999995,49.700000,2.771200,0.531200,3.530100,566.556189,1.683283,0.037956,5.042350,6.396500,6.396500
ML-KEM-512,2097152,2 MB,60,202.399999,67.800000,2.967700,0.524100,3.762000,531.632111,1.793861,0.037956,5.380117,7.507400,7.507400
ML-KEM-512,2097152,2 MB,61,285.000002,96.600001,3.301900,0.540600,4.224100,473.473639,2.014208,0.037956,6.746999,8.678400,8.678400
ML-KEM-512,2097152,2 MB,62,258.100001,97.999997,2.961800,0.418800,3.736700,535.231622,1.781797,0.037956,6.907164,4.536500,4.536500
ML-KEM-512,2097152,2 MB,63,164.999998,62.999999,4.204500,0.569800,5.002300,399.816085,2.385283,0.037956,3.298483,7.300700,7.300700
ML-KEM-512,2097152,2 MB,64,297.999999,82.999999,4.296700,0.869400,5.547100,360.548755,2.645063,0.037956,5.372176,5.463200,5.463200
ML-KEM-512,2097152,2 MB,66,179.000002,70.700000,2.943300,0.619600,3.812600,524.576405,1.817989,0.037956,4.694959,6.822200,6.822200
ML-KEM-512,2097152,2 MB,68,295.699996,105.700004,3.800400,0.576300,4.778100,418.576422,2.278376,0.037956,6.188652,5.591900,5.591900
ML-KEM-512,2097152,2 MB,69,221.499999,97.000004,4.804100,0.453700,5.576300,358.660761,2.658987,0.037956,3.972168,6.259700,6.259700
ML-KEM-512,2097152,2 MB,70,181.600000,70.499998,2.845500,0.571000,3.668600,545.167093,1.749325,0.037956,4.950117,7.910600,7.910600
ML-KEM-512,2097152,2 MB,71,450.799998,104.799998,2.933800,0.548500,4.037900,495.306967,1.925421,0.037956,11.164219,8.371500,8.371500
ML-KEM-512,2097152,2 MB,72,206.200006,69.900001,2.882500,0.544000,3.702600,540.160968,1.765537,0.037956,5.569060,9.597700,9.597700
ML-KEM-512,2097152,2 MB,73,248.099997,105.899999,3.474200,0.562800,4.391000,455.477113,2.093792,0.037956,5.650194,8.749400,8.749400
ML-KEM-512,2097152,2 MB,74,263.900001,115.600000,3.569600,0.563600,4.512700,443.193654,2.151823,0.037956,5.847940,11.054800,11.054800
ML-KEM-512,2097152,2 MB,75,191.200001,77.999997,3.080000,0.540300,3.889500,514.204911,1.854658,0.037956,4.915799,12.096900,12.096900
ML-KEM-512,2097152,2 MB,76,217.299996,136.299997,3.158500,0.521600,4.033700,495.822694,1.923418,0.037956,5.387113,8.700100,8.700100
ML-KEM-512,2097152,2 MB,77,256.500003,95.600000,2.731200,0.531400,3.614700,553.296263,1.723623,0.037956,7.096025,11.792400,11.792400
ML-KEM-512,2097152,2 MB,78,250.500001,115.200004,3.129600,0.548500,4.043800,494.584302,1.928234,0.037956,6.194668,7.429100,7.429100
ML-KEM-512,2097152,2 MB,79,172.199994,59.600003,3.115000,0.561300,3.908100,511.757632,1.863527,0.037956,4.406233,6.353500,6.353500
ML-KEM-512,2097152,2 MB,80,422.599995,94.699993,3.112600,0.587700,4.217600,474.203339,2.011108,0.037956,10.019916,5.396100,5.396100
ML-KEM-512,2097152,2 MB,81,246.999996,82.699997,3.469500,0.396000,4.195200,476.735316,2.000427,0.037956,5.887681,5.918300,5.918300
ML-KEM-512,2097152,2 MB,82,228.999997,78.300000,3.875700,0.737900,4.920900,406.429718,2.346468,0.037956,4.653620,6.152200,6.152200
ML-KEM-512,2097152,2 MB,83,402.300000,76.000004,2.944100,0.599200,4.021600,497.314501,1.917648,0.037956,10.003481,6.920800,6.920800
ML-KEM-512,2097152,2 MB,84,169.399995,61.600003,3.512500,0.789100,4.532600,441.247849,2.161312,0.037956,3.737369,6.985500,6.985500
ML-KEM-512,2097152,2 MB,85,178.399998,57.500001,3.105500,0.641100,3.982500,502.197113,1.899004,0.037956,4.479598,6.918700,6.918700
ML-KEM-512,2097152,2 MB,86,236.200001,94.799994,3.151900,0.530700,4.013600,498.305761,1.913834,0.037956,5.884991,5.615500,5.615500
ML-KEM-512,2097152,2 MB,87,345.000000,116.800002,3.513200,0.381300,4.356300,459.105204,2.077246,0.037956,7.919565,5.497600,5.497600
ML-KEM-512,2097152,2 MB,88,237.300002,101.999998,3.862700,0.394900,4.596900,435.075812,2.191973,0.037956,5.162175,6.252200,6.252200
ML-KEM-512,2097152,2 MB,89,201.800001,50.199997,3.100800,0.553400,3.906200,512.006554,1.862621,0.037956,5.166146,6.582800,6.582800
ML-KEM-512,2097152,2 MB,90,187.700003,67.300003,3.141100,0.526000,3.922100,509.930905,1.870203,0.037956,4.785702,7.810700,7.810700
ML-KEM-512,2097152,2 MB,91,173.300003,62.899999,3.057900,0.553900,3.848000,519.750520,1.834869,0.037956,4.503638,6.947700,6.947700
ML-KEM-512,2097152,2 MB,92,224.299998,84.799998,3.145700,0.572400,4.027200,496.622963,1.920319,0.037956,5.569626,6.159500,6.159500
ML-KEM-512,2097152,2 MB,93,436.900002,95.799995,3.381600,0.384800,4.299100,465.213649,2.049971,0.037956,10.162592,5.411000,5.411000
ML-KEM-512,2097152,2 MB,94,201.399998,55.499993,3.727800,0.951500,4.936200,405.169969,2.353764,0.037956,4.080062,6.777300,6.777300
ML-KEM-512,2097152,2 MB,95,373.099996,149.699998,3.832300,0.671600,5.026700,397.875346,2.396917,0.037956,7.422364,6.392000,6.392000
ML-KEM-512,2097152,2 MB,96,358.599995,84.600004,3.187400,0.560100,4.190700,477.247238,1.998281,0.037956,8.557043,6.131900,6.131900
ML-KEM-512,2097152,2 MB,97,229.300000,92.000002,2.800000,0.393100,3.514400,569.087184,1.675797,0.037956,6.524585,5.715000,5.715000
ML-KEM-512,2097152,2 MB,98,234.300001,82.299994,3.427500,0.364100,4.108200,486.831216,1.958942,0.037956,5.703228,5.802400,5.802400
ML-KEM-512,2097152,2 MB,99,334.999997,72.099996,3.500600,0.666300,4.574000,437.254044,2.181053,0.037956,7.324005,5.710900,5.710900
ML-KEM-512,2097152,2 MB,100,352.400006,64.499996,3.009300,0.537200,3.963400,504.617248,1.889896,0.037956,8.891356,9.024900,9.024900
ML-KEM-512,2097152,2 MB,101,221.800001,97.800003,3.808500,0.565200,4.693300,426.139390,2.237940,0.037956,4.725886,7.609900,7.609900
ML-KEM-512,2097152,2 MB,102,459.700001,216.500004,3.518600,0.447600,4.642400,430.811649,2.213669,0.037956,9.902206,8.039300,8.039300
ML-KEM-512,2097152,2 MB,103,178.200004,66.699999,3.101900,0.565400,3.912200,511.221307,1.865482,0.037956,4.554982,6.745000,6.745000
ML-KEM-512,2097152,2 MB,104,256.300002,107.600004,2.978300,0.556600,3.898800,512.978352,1.859093,0.037956,6.573818,8.762800,8.762800
ML-KEM-512,2097152,2 MB,105,241.899994,143.899997,3.370400,0.533500,4.289700,466.233070,2.045488,0.037956,5.639089,8.539100,8.539100
ML-KEM-512,2097152,2 MB,106,275.000006,111.300003,3.031900,0.570700,3.988900,501.391361,1.902056,0.037956,6.894131,8.654000,8.654000
ML-KEM-512,2097152,2 MB,107,305.600006,119.700002,3.862100,0.604700,4.892100,408.822387,2.332735,0.037956,6.246806,6.036100,6.036100
ML-KEM-512,2097152,2 MB,108,417.200004,372.399998,3.415000,0.387600,4.592200,435.521101,2.189732,0.037956,9.084970,5.334800,5.334800
ML-KEM-512,2097152,2 MB,109,1729.399999,146.699997,4.228900,0.440800,6.545800,305.539430,3.121281,0.037956,26.419995,5.700600,5.700600
ML-KEM-512,2097152,2 MB,110,297.699997,89.999994,5.385700,0.668500,6.441900,310.467409,3.071737,0.037956,4.621307,5.708400,5.708400
ML-KEM-512,2097152,2 MB,112,222.100003,74.399999,4.193700,1.059700,5.549900,360.366853,2.646399,0.037956,4.001874,7.091500,7.091500
ML-KEM-512,2097152,2 MB,113,344.300002,88.500004,3.151000,0.584900,4.168700,479.765874,1.987791,0.037956,8.259170,6.099400,6.099400
ML-KEM-512,2097152,2 MB,114,306.499998,58.500002,2.830200,0.511000,3.706200,539.636284,1.767254,0.037956,8.269926,6.757200,6.757200
ML-KEM-512,2097152,2 MB,116,224.100004,80.400001,3.735900,0.622600,4.663000,428.908428,2.223492,0.037956,4.805919,5.464400,5.464400
ML-KEM-512,2097152,2 MB,117,214.899999,68.600006,3.831700,0.691100,4.806300,416.120509,2.291822,0.037956,4.471215,6.637600,6.637600
ML-KEM-512,2097152,2 MB,118,237.000000,83.500003,3.291200,1.077700,4.689400,426.493795,2.236080,0.037956,5.053951,6.953200,6.953200
ML-KEM-512,2097152,2 MB,119,170.400002,55.899996,2.663400,0.548800,3.438500,581.648975,1.639605,0.037956,4.955649,6.155800,6.155800
ML-KEM-512,2097152,2 MB,120,229.900004,63.499996,2.560900,0.544000,3.398300,588.529558,1.620436,0.037956,6.765147,5.404000,5.404000
ML-KEM-512,2097152,2 MB,121,233.699997,78.999998,3.477700,0.588300,4.378700,456.756572,2.087927,0.037956,5.337200,5.338000,5.338000
ML-KEM-512,2097152,2 MB,122,160.700001,54.999997,4.088900,0.582800,4.887400,409.215534,2.330494,0.037956,3.288047,6.364100,6.364100
ML-KEM-512,2097152,2 MB,123,210.500002,79.500001,3.209600,0.501800,4.001400,499.825061,1.908016,0.037956,5.260659,7.231900,7.231900
ML-KEM-512,2097152,2 MB,124,224.799995,84.300002,2.769100,0.410200,3.488400,573.328747,1.663399,0.037956,6.444215,6.934400,6.934400
ML-KEM-512,2097152,2 MB,125,259.799999,110.100002,3.079200,0.565100,4.014200,498.231279,1.914120,0.037956,6.472024,5.424400,5.424400
ML-KEM-512,2097152,2 MB,126,331.600000,109.799999,3.116500,0.573500,4.131400,484.097400,1.970005,0.037956,8.026335,5.366300,5.366300
ML-KEM-512,2097152,2 MB,127,135.099996,51.299998,5.722200,0.645400,6.554000,305.157156,3.125191,0.037956,2.061337,4.819600,4.819600
ML-KEM-512,2097152,2 MB,128,203.500007,48.500006,2.886700,1.209900,4.348600,459.918135,2.073574,0.037956,4.679667,6.591000,6.591000
ML-KEM-512,2097152,2 MB,129,153.800000,49.999995,2.976000,0.494400,3.674200,544.336182,1.751995,0.037956,4.185945,6.263600,6.263600
ML-KEM-512,2097152,2 MB,130,182.800002,68.100002,3.131600,0.661000,4.043500,494.620997,1.928091,0.037956,4.520836,4.955300,4.955300
ML-KEM-512,2097152,2 MB,131,213.300002,87.799999,4.157000,0.525800,4.983900,401.292161,2.376509,0.037956,4.279781,5.683000,5.683000
ML-KEM-512,2097152,2 MB,132,318.200000,70.700000,4.278300,0.651400,5.318600,376.038807,2.536106,0.037956,5.982777,5.444000,5.444000
ML-KEM-512,2097152,2 MB,133,189.200000,58.799997,2.872700,0.530700,3.651400,547.735115,1.741123,0.037956,5.181574,6.969000,6.969000
ML-KEM-512,2097152,2 MB,134,247.399999,99.400000,3.099700,0.580600,4.027100,496.635295,1.920271,0.037956,6.143379,7.386900,7.386900
ML-KEM-512,2097152,2 MB,135,444.999998,157.600000,3.270100,0.647300,4.520000,442.477876,2.155304,0.037956,9.845133,5.058900,5.058900
ML-KEM-512,2097152,2 MB,136,224.800002,78.599995,3.052000,0.560000,3.915400,510.803493,1.867008,0.037956,5.741431,5.695800,5.695800
ML-KEM-512,2097152,2 MB,137,133.000001,59.400001,5.844000,0.861600,6.898000,289.939113,3.289223,0.037956,1.928095,5.872000,5.872000
ML-KEM-512,2097152,2 MB,138,264.800001,107.500004,4.089700,0.773000,5.235000,382.043935,2.496243,0.037956,5.058262,7.533000,7.533000
ML-KEM-512,2097152,2 MB,139,179.600000,92.499999,3.026700,0.532700,3.831500,521.988777,1.827002,0.037956,4.687459,6.534000,6.534000
ML-KEM-512,2097152,2 MB,140,227.500001,77.899997,3.041300,0.538200,3.884900,514.813765,1.852465,0.037956,5.856007,9.496700,9.496700
ML-KEM-512,2097152,2 MB,141,205.000004,56.900004,3.051800,0.558200,3.871900,516.542266,1.846266,0.037956,5.294558,8.437700,8.437700
ML-KEM-512,2097152,2 MB,142,235.300002,80.999998,3.054400,0.553200,3.923900,509.696985,1.871061,0.037956,5.996585,8.125600,8.125600
ML-KEM-512,2097152,2 MB,143,244.799994,80.900005,3.205000,0.515900,4.046600,494.242080,1.929569,0.037956,6.049523,9.033500,9.033500
ML-KEM-512,2097152,2 MB,144,244.899995,107.799999,3.406100,0.584800,4.343600,460.447555,2.071190,0.037956,5.638180,10.112700,10.112700
ML-KEM-512,2097152,2 MB,145,176.599999,66.200002,3.031800,0.579400,3.854000,518.941359,1.837730,0.037956,4.582252,11.133000,11.133000
ML-KEM-512,2097152,2 MB,146,383.099999,103.099999,2.744100,0.387600,3.617900,552.806877,1.725149,0.037956,10.589016,9.417600,9.417600
ML-KEM-512,2097152,2 MB,147,409.599998,203.399999,3.727500,0.521400,4.861900,411.361813,2.318335,0.037956,8.424690,11.168100,11.168100
ML-KEM-512,2097152,2 MB,148,241.599999,93.700000,3.556300,0.499600,4.391200,455.456367,2.093887,0.037956,5.501913,7.614400,7.614400
ML-KEM-512,2097152,2 MB,149,359.400001,114.900002,3.097300,0.417500,3.989100,501.366223,1.902151,0.037956,9.009551,8.643300,8.643300
ML-KEM-512,2097152,2 MB,150,227.199998,97.199998,3.260200,0.564600,4.149200,482.020630,1.978493,0.037956,5.475754,5.426400,5.426400
ML-KEM-512,2097152,2 MB,151,256.799998,107.399996,3.023900,0.384000,3.772100,530.208637,1.798677,0.037956,6.807879,5.954500,5.954500
ML-KEM-512,2097152,2 MB,152,401.199999,99.299999,4.408600,0.642700,5.551800,360.243525,2.647305,0.037956,7.226485,5.392200,5.392200
ML-KEM-512,2097152,2 MB,153,268.399999,66.900000,2.865300,0.538100,3.738700,534.945301,1.782751,0.037956,7.178966,7.196200,7.196200
ML-KEM-512,2097152,2 MB,154,244.100003,85.100000,3.128100,0.504500,3.961800,504.821041,1.889133,0.037956,6.161341,7.922500,7.922500
ML-KEM-512,2097152,2 MB,156,256.100000,160.399999,3.137300,0.577100,4.130900,484.155995,1.969767,0.037956,6.199618,5.357200,5.357200
ML-KEM-512,2097152,2 MB,157,257.200001,94.100003,4.622800,0.657700,5.631800,355.126247,2.685452,0.037956,4.566924,5.224300,5.224300
ML-KEM-512,2097152,2 MB,158,202.199997,66.300003,2.907700,0.526500,3.702700,540.146380,1.765585,0.037956,5.460880,7.798600,7.798600
ML-KEM-512,2097152,2 MB,159,178.100003,64.100001,2.605900,0.532900,3.381000,591.540964,1.612186,0.037956,5.267672,6.528800,6.528800
ML-KEM-512,2097152,2 MB,160,214.500003,61.999999,2.687900,0.566000,3.530400,566.508044,1.683426,0.037956,6.075799,5.464700,5.464700
ML-KEM-512,2097152,2 MB,161,195.699999,75.600001,3.164800,0.399000,3.835100,521.498788,1.828718,0.037956,5.102866,5.565700,5.565700
ML-KEM-512,2097152,2 MB,162,203.799995,76.200005,4.302400,0.577300,5.159700,387.619435,2.460337,0.037956,3.949842,6.307700,6.307700
ML-KEM-512,2097152,2 MB,164,178.400005,57.999998,2.800700,0.379200,3.416300,585.428680,1.629019,0.037956,5.222024,4.984600,4.984600
ML-KEM-512,2097152,2 MB,165,242.899994,80.300000,2.884400,0.400000,3.607600,554.385186,1.720238,0.037956,6.733008,5.640500,5.640500
ML-KEM-512,2097152,2 MB,166,234.400002,100.799996,5.304300,0.407000,6.046500,330.769867,2.883196,0.037956,3.876623,5.486700,5.486700
ML-KEM-512,2097152,2 MB,167,404.500002,101.199999,4.088500,0.809300,5.403500,370.130471,2.576590,0.037956,7.485889,5.764700,5.764700
ML-KEM-512,2097152,2 MB,168,177.399997,59.900005,3.075200,0.555400,3.867900,517.076450,1.844358,0.037956,4.586468,6.301800,6.301800
ML-KEM-512,2097152,2 MB,169,411.600005,109.699999,2.919700,0.578600,4.019600,497.561947,1.916695,0.037956,10.239825,5.931400,5.931400
ML-KEM-512,2097152,2 MB,170,226.099997,88.800000,3.761400,0.382800,4.459100,448.521002,2.126265,0.037956,5.070530,6.316600,6.316600
ML-KEM-512,2097152,2 MB,171,218.399997,86.199994,3.658200,0.397100,4.359900,458.726118,2.078962,0.037956,5.009289,5.508200,5.508200
ML-KEM-512,2097152,2 MB,172,182.399999,70.800001,5.681500,0.817600,6.752300,296.195370,3.219748,0.037956,2.701302,5.624100,5.624100
ML-KEM-512,2097152,2 MB,173,219.300004,85.300002,3.696900,1.481100,5.482600,364.790428,2.614307,0.037956,3.999927,6.601600,6.601600
ML-KEM-512,2097152,2 MB,174,375.600001,99.200006,5.512200,0.713700,6.700700,298.476279,3.195143,0.037956,5.605385,6.973900,6.973900
ML-KEM-512,2097152,2 MB,176,173.499997,62.200001,3.440700,0.610400,4.286800,466.548474,2.044106,0.037956,4.047308,9.200800,9.200800
ML-KEM-512,2097152,2 MB,178,226.600001,68.100002,2.542100,0.554200,3.391000,589.796520,1.616955,0.037956,6.682395,5.605100,5.605100
ML-KEM-512,2097152,2 MB,179,258.000000,130.300003,3.774600,0.779600,4.942500,404.653516,2.356768,0.037956,5.220030,5.240300,5.240300
ML-KEM-512,2097152,2 MB,180,649.499998,84.799998,4.523500,0.488400,5.746200,348.056106,2.740002,0.037956,11.303122,5.376800,5.376800
ML-KEM-512,2097152,2 MB,182,233.599996,76.299999,2.615100,0.507200,3.432200,582.716625,1.636600,0.037956,6.806130,5.463500,5.463500
ML-KEM-512,2097152,2 MB,183,416.099996,86.199994,4.122900,0.535500,5.160700,387.544325,2.460814,0.037956,8.062860,5.367700,5.367700
ML-KEM-512,2097152,2 MB,184,180.499999,58.900005,2.850200,0.528500,3.618100,552.776320,1.725245,0.037956,4.988806,6.396900,6.396900
ML-KEM-512,2097152,2 MB,185,230.700003,88.699999,2.923800,0.520000,3.763200,531.462585,1.794434,0.037956,6.130421,6.499300,6.499300
ML-KEM-512,2097152,2 MB,186,456.599999,273.799997,2.821400,0.527100,4.078900,490.328275,1.944971,0.037956,11.194194,6.106000,6.106000
ML-KEM-512,2097152,2 MB,187,322.200001,125.900006,3.849200,1.058700,5.356000,373.412995,2.553940,0.037956,6.015683,6.340900,6.340900
ML-KEM-512,2097152,2 MB,188,226.699995,79.100006,3.208800,0.370800,3.885400,514.747516,1.852703,0.037956,5.834663,5.983900,5.983900
ML-KEM-512,2097152,2 MB,189,375.999996,84.799998,4.031800,0.545000,5.037600,397.014451,2.402115,0.037956,7.463872,5.755100,5.755100
ML-KEM-512,2097152,2 MB,190,361.100007,89.999994,2.766700,0.521500,3.739300,534.859465,1.783037,0.037956,9.656888,7.814800,7.814800
ML-KEM-512,2097152,2 MB,192,224.800002,82.800005,3.195800,0.496300,3.999700,500.037503,1.907206,0.037956,5.620422,5.503800,5.503800
ML-KEM-512,2097152,2 MB,193,903.599997,92.100003,3.601900,0.691000,5.288600,378.171917,2.521801,0.037956,17.085807,5.198400,5.198400
ML-KEM-512,2097152,2 MB,194,163.199998,53.099997,4.645100,0.661900,5.523300,362.102366,2.633715,0.037956,2.954755,5.873200,5.873200
ML-KEM-512,2097152,2 MB,195,205.000004,71.800001,3.467700,0.551800,4.296300,465.516841,2.048635,0.037956,4.771548,7.066700,7.066700
ML-KEM-512,2097152,2 MB,196,172.200002,63.200001,2.835600,0.518600,3.589600,557.165143,1.711655,0.037956,4.797192,6.817300,6.817300
ML-KEM-512,2097152,2 MB,197,431.799999,118.399999,2.915800,0.530800,3.996800,500.400320,1.905823,0.037956,10.803643,6.192700,6.192700
ML-KEM-512,2097152,2 MB,198,230.099999,77.500001,3.229800,0.540100,4.077500,490.496628,1.944304,0.037956,5.643164,5.448600,5.448600
ML-KEM-512,2097152,2 MB,199,167.300001,52.900003,5.975000,0.553700,6.748900,296.344590,3.218126,0.037956,2.478923,5.183500,5.183500
ML-KEM-512,2097152,2 MB,203,232.200000,78.600002,3.014000,1.411400,4.736200,422.279464,2.258396,0.037956,4.902665,5.489900,5.489900
ML-KEM-512,2097152,2 MB,204,142.500001,39.200000,2.873400,0.507200,3.562300,561.435028,1.698637,0.037956,4.000225,11.241900,11.241900
ML-KEM-512,2097152,2 MB,205,228.899997,86.399996,2.957800,0.522600,3.795700,526.912032,1.809931,0.037956,6.030508,5.500600,5.500600
ML-KEM-512,2097152,2 MB,206,457.700000,223.000003,3.011600,0.937800,4.630100,431.956113,2.207804,0.037956,9.885316,7.056300,7.056300
ML-KEM-512,2097152,2 MB,207,197.300003,81.799997,2.945700,0.516300,3.741100,534.602122,1.783895,0.037956,5.273850,9.339800,9.339800
ML-KEM-512,2097152,2 MB,209,222.499999,70.400005,2.673800,0.546300,3.513000,569.313976,1.675129,0.037956,6.333618,7.452400,7.452400
ML-KEM-512,2097152,2 MB,210,418.900003,145.900005,3.280600,0.536400,4.381800,456.433429,2.089405,0.037956,9.559998,5.556100,5.556100
ML-KEM-512,2097152,2 MB,211,183.600001,475.099994,4.506300,0.624500,5.789500,345.452975,2.760649,0.037956,3.171258,5.847200,5.847200
ML-KEM-512,2097152,2 MB,212,233.600003,76.699995,3.672600,0.615700,4.598600,434.914974,2.192783,0.037956,5.079807,5.957300,5.957300
ML-KEM-512,2097152,2 MB,213,159.499999,49.300004,3.034900,0.562400,3.806100,525.472269,1.814890,0.037956,4.190641,7.761600,7.761600
ML-KEM-512,2097152,2 MB,214,187.099999,61.800005,2.967300,0.544600,3.760800,531.801745,1.793289,0.037956,4.975005,7.063600,7.063600
ML-KEM-512,2097152,2 MB,215,228.699995,93.700000,2.734400,0.585200,3.642000,549.148819,1.736641,0.037956,6.279517,5.408900,5.408900
ML-KEM-512,2097152,2 MB,216,246.500000,181.000003,4.757700,0.444200,5.629400,355.277650,2.684307,0.037956,4.378797,4.981700,4.981700
ML-KEM-512,2097152,2 MB,217,194.100001,57.700003,4.796600,0.707100,5.755500,347.493702,2.744436,0.037956,3.372426,5.966000,5.966000
ML-KEM-512,2097152,2 MB,219,205.899996,57.000005,2.958900,0.549900,3.771700,530.264867,1.798487,0.037956,5.459077,7.886000,7.886000
ML-KEM-512,2097152,2 MB,220,214.200001,68.099995,2.934200,0.395500,3.612000,553.709856,1.722336,0.037956,5.930233,7.051300,7.051300
ML-KEM-512,2097152,2 MB,221,240.099995,95.399999,3.101600,0.378800,3.815900,524.122750,1.819563,0.037956,6.292093,5.539900,5.539900
ML-KEM-512,2097152,2 MB,222,447.999999,116.800002,3.964700,0.575900,5.105400,391.742077,2.434444,0.037956,8.775023,5.852400,5.852400
ML-KEM-512,2097152,2 MB,223,183.700002,58.099999,3.884700,0.859700,4.986200,401.107055,2.377605,0.037956,3.684168,6.314500,6.314500
ML-KEM-512,2097152,2 MB,224,334.000004,152.900000,3.283800,0.539800,4.310500,463.983297,2.055407,0.037956,7.748521,6.703700,6.703700
ML-KEM-512,2097152,2 MB,225,204.900003,61.899998,2.849800,0.516800,3.633400,550.448615,1.732540,0.037956,5.639346,7.418000,7.418000
ML-KEM-512,2097152,2 MB,226,230.300000,71.800001,3.353500,0.571500,4.227100,473.137612,2.015638,0.037956,5.448180,7.469000,7.469000
ML-KEM-512,2097152,2 MB,227,254.899998,101.300000,3.294300,0.705200,4.355700,459.168446,2.076960,0.037956,5.852102,5.530500,5.530500
ML-KEM-512,2097152,2 MB,228,168.900006,68.900001,3.610100,0.606500,4.454400,448.994253,2.124023,0.037956,3.791757,6.021400,6.021400
ML-KEM-512,2097152,2 MB,229,150.599997,44.499997,5.079200,0.801600,6.075900,329.169341,2.897215,0.037956,2.478645,6.312200,6.312200
ML-KEM-512,2097152,2 MB,230,420.699995,186.300000,5.946000,0.448200,7.001200,285.665315,3.338432,0.037956,6.008970,5.840500,5.840500
ML-KEM-512,2097152,2 MB,231,200.800001,75.600001,2.909700,0.563400,3.749500,533.404454,1.787901,0.037956,5.355381,7.204600,7.204600
ML-KEM-512,2097152,2 MB,232,181.500000,62.899999,4.074100,1.646100,5.964600,335.311672,2.844143,0.037956,3.042953,7.888900,7.888900
ML-KEM-512,2097152,2 MB,233,187.400001,85.200001,3.050500,0.584700,3.907800,511.796919,1.863384,0.037956,4.795537,6.958600,6.958600
ML-KEM-512,2097152,2 MB,234,225.599993,69.999995,2.685700,0.578300,3.559600,561.860883,1.697350,0.037956,6.337791,9.756100,9.756100
ML-KEM-512,2097152,2 MB,235,238.500004,93.700000,3.099300,1.665900,5.097400,392.356888,2.430630,0.037956,4.678856,8.810700,8.810700
ML-KEM-512,2097152,2 MB,236,207.500001,76.199998,3.292800,0.441000,4.017500,497.822029,1.915693,0.037956,5.164904,8.717300,8.717300
ML-KEM-512,2097152,2 MB,237,181.600000,71.099996,2.900500,0.599200,3.752400,532.992218,1.789284,0.037956,4.839569,7.510700,7.510700
ML-KEM-512,2097152,2 MB,238,222.100003,70.799993,3.535700,0.569500,4.398100,454.741821,2.097178,0.037956,5.049908,5.493300,5.493300
ML-KEM-512,2097152,2 MB,239,228.500001,86.099993,2.803000,0.553500,3.671100,544.795838,1.750517,0.037956,6.224292,5.868600,5.868600
ML-KEM-512,2097152,2 MB,240,226.299999,68.000001,3.898200,0.395000,4.587500,435.967302,2.187490,0.037956,4.932970,6.549200,6.549200
ML-KEM-512,2097152,2 MB,241,414.800001,88.100001,3.452100,0.756000,4.711000,424.538314,2.246380,0.037956,8.804925,6.477800,6.477800
ML-KEM-512,2097152,2 MB,242,211.699997,74.900003,3.062400,0.564700,3.913700,511.025372,1.866198,0.037956,5.409203,7.313200,7.313200
ML-KEM-512,2097152,2 MB,244,271.000004,107.200001,3.083800,0.514400,3.976400,502.967508,1.896095,0.037956,6.815210,5.486900,5.486900
ML-KEM-512,2097152,2 MB,245,344.300002,127.200001,3.347500,0.389900,4.208900,475.183539,2.006960,0.037956,8.180285,5.968200,5.968200
ML-KEM-512,2097152,2 MB,246,382.800004,102.699996,3.884300,0.458000,4.827800,414.267368,2.302074,0.037956,7.929078,4.984700,4.984700
ML-KEM-512,2097152,2 MB,247,199.599999,112.399997,2.965300,0.570000,3.847300,519.845087,1.834536,0.037956,5.188054,9.076800,9.076800
ML-KEM-512,2097152,2 MB,248,392.499998,108.600005,3.688000,0.417000,4.606100,434.206813,2.196360,0.037956,8.521309,5.928400,5.928400
ML-KEM-512,2097152,2 MB,249,175.900001,61.799998,3.477900,0.704500,4.420100,452.478451,2.107668,0.037956,3.979548,6.514500,6.514500
ML-KEM-512,2097152,2 MB,250,245.600000,102.400001,3.196100,0.543200,4.087300,489.320578,1.948977,0.037956,6.008857,6.415600,6.415600
ML-KEM-512,2097152,2 MB,251,213.200001,88.900000,3.272600,0.390600,3.965300,504.375457,1.890802,0.037956,5.376642,4.953400,4.953400
ML-KEM-512,2097152,2 MB,252,176.800000,53.299998,2.979700,0.929300,4.139100,483.196830,1.973677,0.037956,4.271460,9.685800,9.685800
ML-KEM-512,2097152,2 MB,253,327.200003,100.000005,5.107400,0.723000,6.257600,319.611353,2.983856,0.037956,5.228842,6.618800,6.618800
ML-KEM-512,2097152,2 MB,254,251.500001,90.700007,3.516900,0.788300,4.647400,430.348152,2.216053,0.037956,5.411628,4.901000,4.901000
ML-KEM-512,2097152,2 MB,255,290.500000,118.400007,4.070600,0.498900,4.978400,401.735497,2.373886,0.037956,5.835208,7.026400,7.026400
ML-KEM-512,2097152,2 MB,256,191.899999,77.900004,3.403800,0.417900,4.091500,488.818281,1.950979,0.037956,4.690211,4.740800,4.740800
ML-KEM-512,2097152,2 MB,257,196.000001,77.899997,2.959700,0.446400,3.680000,543.478261,1.754761,0.037956,5.326087,5.181100,5.181100
ML-KEM-512,2097152,2 MB,258,171.900007,62.999999,2.791100,0.649600,3.675600,544.128850,1.752663,0.037956,4.676788,6.452500,6.452500
ML-KEM-512,2097152,2 MB,259,227.400000,97.400000,2.935200,0.530100,3.790100,527.690562,1.807261,0.037956,5.999842,7.510500,7.510500
ML-KEM-512,2097152,2 MB,260,231.400001,107.499996,3.688300,0.616200,4.643400,430.718870,2.214146,0.037956,4.983417,6.749700,6.749700
ML-KEM-512,2097152,2 MB,261,267.600000,96.899996,3.547900,0.469900,4.382300,456.381353,2.089643,0.037956,6.106383,5.680500,5.680500
ML-KEM-512,2097152,2 MB,262,257.699998,92.800001,4.262500,0.429100,5.042100,396.660121,2.404261,0.037956,5.110966,6.989300,6.989300
ML-KEM-512,2097152,2 MB,263,258.900000,101.300000,3.761900,0.443200,4.565300,438.087311,2.176905,0.037956,5.671040,5.070400,5.070400
ML-KEM-512,2097152,2 MB,264,183.600001,74.699994,3.660200,0.595400,4.513900,443.075832,2.152395,0.037956,4.067436,8.741000,8.741000
ML-KEM-512,2097152,2 MB,266,263.800001,103.300001,3.735200,0.644200,4.746500,421.363110,2.263308,0.037956,5.557779,4.749800,4.749800
ML-KEM-512,2097152,2 MB,267,258.600005,85.200001,4.004100,0.711600,5.059500,395.295978,2.412558,0.037956,5.111177,5.310800,5.310800
ML-KEM-512,2097152,2 MB,268,241.100002,96.099997,2.913700,0.511200,3.762100,531.617980,1.793909,0.037956,6.408655,6.109000,6.109000
ML-KEM-512,2097152,2 MB,269,227.600001,85.400003,3.728900,0.648100,4.690000,426.439232,2.236366,0.037956,4.852878,6.375300,6.375300
ML-KEM-512,2097152,2 MB,270,250.800003,159.099996,3.591400,0.408800,4.410100,453.504456,2.102900,0.037956,5.686946,5.446300,5.446300
ML-KEM-512,2097152,2 MB,271,972.000002,104.799998,3.619700,0.455400,5.151900,388.206293,2.456617,0.037956,18.866826,21.988500,21.988500
ML-KEM-512,2097152,2 MB,273,249.900004,91.000002,3.663500,0.508500,4.512900,443.174012,2.151918,0.037956,5.537459,6.839300,6.839300
ML-KEM-512,2097152,2 MB,274,240.200003,90.400004,3.469600,0.520800,4.321000,462.855820,2.060413,0.037956,5.558898,8.978200,8.978200
ML-KEM-512,2097152,2 MB,275,283.599999,94.099996,3.660000,0.759300,4.797000,416.927246,2.287388,0.037956,5.912028,8.119800,8.119800
ML-KEM-512,2097152,2 MB,276,182.800002,75.399999,2.699700,0.395600,3.353500,596.391829,1.599073,0.037956,5.451021,5.017800,5.017800
ML-KEM-512,2097152,2 MB,277,176.299996,78.600002,3.197000,0.458300,3.910200,511.482788,1.864529,0.037956,4.508721,7.158200,7.158200
ML-KEM-512,2097152,2 MB,278,709.400003,94.900002,4.172400,0.446600,5.423300,368.779157,2.586031,0.037956,13.080597,5.040900,5.040900
ML-KEM-512,2097152,2 MB,279,157.700000,45.000001,3.045800,0.551800,3.800300,526.274242,1.812124,0.037956,4.149672,5.402800,5.402800
ML-KEM-512,2097152,2 MB,280,312.200005,99.100005,3.565300,0.594600,4.571200,437.521876,2.179718,0.037956,6.829717,6.016200,6.016200
ML-KEM-512,2097152,2 MB,281,322.000000,123.499995,3.399100,0.570000,4.414600,453.042178,2.105045,0.037956,7.293979,4.972400,4.972400
ML-KEM-512,2097152,2 MB,282,202.900002,71.499999,3.187100,0.607300,4.068800,491.545419,1.940155,0.037956,4.986728,5.891000,5.891000
ML-KEM-512,2097152,2 MB,283,169.100000,57.400001,2.899700,0.655500,3.781700,528.862680,1.803255,0.037956,4.471534,6.050600,6.050600
ML-KEM-512,2097152,2 MB,284,187.199999,59.899998,3.053700,0.614100,3.914900,510.868732,1.866770,0.037956,4.781731,6.219100,6.219100
ML-KEM-512,2097152,2 MB,285,175.099995,70.000002,2.755500,0.499400,3.500000,571.428572,1.668930,0.037956,5.002857,5.635400,5.635400
ML-KEM-512,2097152,2 MB,286,273.300000,73.900002,3.395900,0.440200,4.183300,478.091459,1.994753,0.037956,6.533120,6.669200,6.669200
ML-KEM-512,2097152,2 MB,287,183.899996,71.800001,3.084000,0.636900,3.976600,502.942212,1.896191,0.037956,4.624554,5.801700,5.801700
ML-KEM-512,2097152,2 MB,288,201.799994,68.499998,2.866500,0.520300,3.657100,546.881408,1.743841,0.037956,5.518033,7.251600,7.251600
ML-KEM-512,2097152,2 MB,289,262.499998,107.200001,3.055300,0.513900,3.938900,507.755973,1.878214,0.037956,6.664297,6.154400,6.154400
ML-KEM-512,2097152,2 MB,290,237.900000,100.099998,3.146700,0.393800,3.878500,515.663272,1.849413,0.037956,6.133815,5.999200,5.999200
ML-KEM-512,2097152,2 MB,291,353.600000,90.999994,3.340400,0.579400,4.364400,458.253139,2.081108,0.037956,8.101916,6.746100,6.746100
ML-KEM-512,2097152,2 MB,292,180.899995,69.700000,2.830800,0.501000,3.582400,558.284949,1.708221,0.037956,5.049687,7.132100,7.132100
ML-KEM-512,2097152,2 MB,294,276.500003,92.399998,3.086300,0.757800,4.213000,474.721101,2.008915,0.037956,6.563019,6.946800,6.946800
ML-KEM-512,2097152,2 MB,295,258.300002,113.700000,3.134500,0.558900,4.065400,491.956511,1.938534,0.037956,6.353618,6.810600,6.810600
ML-KEM-512,2097152,2 MB,296,567.800002,277.799998,3.632500,0.382800,4.860900,411.446440,2.317858,0.037956,11.680964,6.142000,6.142000
ML-KEM-512,2097152,2 MB,298,255.999999,112.999995,3.676300,0.396600,4.441900,450.257772,2.118063,0.037956,5.763299,5.597400,5.597400
ML-KEM-512,4194304,4 MB,1,236.400003,93.299997,6.598800,1.168300,8.096800,494.022330,1.930428,0.018978,2.919672,12.118400,12.118400
ML-KEM-512,4194304,4 MB,2,200.100003,76.700002,6.538900,1.176300,7.992000,500.500501,1.905441,0.018978,2.503754,9.318600,9.318600
ML-KEM-512,4194304,4 MB,3,280.799999,106.600004,6.103900,1.153100,7.644400,523.258856,1.822567,0.018978,3.673277,9.773400,9.773400
ML-KEM-512,4194304,4 MB,4,251.400001,105.499996,5.814300,1.296600,7.467800,535.632985,1.780462,0.018978,3.366453,11.965800,11.965800
ML-KEM-512,4194304,4 MB,5,243.499999,95.599993,7.619100,0.836700,8.794900,454.809037,2.096868,0.018978,2.768650,9.775900,9.775900
ML-KEM-512,4194304,4 MB,6,240.300003,100.199999,5.390900,1.004200,6.735600,593.859493,1.605892,0.018978,3.567611,11.831500,11.831500
ML-KEM-512,4194304,4 MB,7,261.699999,115.900002,6.038500,1.416000,7.832100,510.718709,1.867318,0.018978,3.341377,10.504700,10.504700
ML-KEM-512,4194304,4 MB,8,329.999995,282.699999,6.281900,0.895100,7.789700,513.498594,1.857209,0.018978,4.236363,10.825600,10.825600
ML-KEM-512,4194304,4 MB,9,325.599998,97.600001,7.066200,0.706800,8.196200,488.031039,1.954126,0.018978,3.972573,9.053900,9.053900
ML-KEM-512,4194304,4 MB,10,269.800003,120.699995,6.095200,1.192500,7.678200,520.955433,1.830626,0.018978,3.513844,10.842800,10.842800
ML-KEM-512,4194304,4 MB,11,298.200001,122.199999,6.070500,1.374100,7.865000,508.582327,1.875162,0.018978,3.791481,11.867500,11.867500
ML-KEM-512,4194304,4 MB,12,274.599995,121.400000,5.686200,1.574300,7.656500,522.431920,1.825452,0.018978,3.586495,11.971500,11.971500
ML-KEM-512,4194304,4 MB,13,255.999999,100.899997,7.090300,1.298400,8.745600,457.372850,2.085114,0.018978,2.927186,11.323100,11.323100
ML-KEM-512,4194304,4 MB,14,214.499996,97.199998,9.415900,1.324800,11.052400,361.912345,2.635098,0.018978,1.940755,15.120900,15.120900
ML-KEM-512,4194304,4 MB,15,441.700002,235.699998,7.818400,1.454600,9.950400,401.993890,2.372360,0.018978,4.439018,11.589800,11.589800
ML-KEM-512,4194304,4 MB,16,282.999994,109.700006,6.542800,0.772800,7.708300,518.921163,1.837802,0.018978,3.671367,12.683400,12.683400
ML-KEM-512,4194304,4 MB,17,253.000006,113.099995,7.194100,0.786400,8.346600,479.237055,1.989985,0.018978,3.031174,11.412400,11.412400
ML-KEM-512,4194304,4 MB,18,258.200002,120.900004,7.034000,1.006500,8.419600,475.081951,2.007389,0.018978,3.066654,11.108200,11.108200
ML-KEM-512,4194304,4 MB,19,250.199999,110.699999,6.585700,1.101400,8.048000,497.017892,1.918793,0.018978,3.108847,11.066600,11.066600
ML-KEM-512,4194304,4 MB,20,270.199998,97.500000,5.838100,0.715900,6.921700,577.892714,1.650262,0.018978,3.903665,10.197500,10.197500
ML-KEM-512,4194304,4 MB,22,261.499998,96.299998,6.409900,1.229900,7.997600,500.150045,1.906776,0.018978,3.269731,10.354700,10.354700
ML-KEM-512,4194304,4 MB,24,243.000002,116.999996,6.170300,0.739200,7.269500,550.244170,1.733184,0.018978,3.342733,9.081400,9.081400
ML-KEM-512,4194304,4 MB,25,252.099999,80.600003,8.625400,1.020000,9.978100,400.877923,2.378964,0.018978,2.526533,12.499200,12.499200
ML-KEM-512,4194304,4 MB,26,266.900002,95.600000,6.532500,1.183800,8.078800,495.123038,1.926136,0.018978,3.303709,11.058100,11.058100
ML-KEM-512,4194304,4 MB,27,241.800000,87.900000,8.073200,1.605000,10.007900,399.684250,2.386069,0.018978,2.416091,12.285700,12.285700
ML-KEM-512,4194304,4 MB,28,260.500005,95.399999,7.928600,0.788400,9.072900,440.873370,2.163148,0.018978,2.871188,10.378000,10.378000
ML-KEM-512,4194304,4 MB,29,188.999998,75.299999,7.828300,1.168200,9.260800,431.928127,2.207947,0.018978,2.040860,10.210600,10.210600
ML-KEM-512,4194304,4 MB,30,229.600002,82.700004,5.773900,1.412300,7.498500,533.440021,1.787782,0.018978,3.061946,9.543100,9.543100
ML-KEM-512,4194304,4 MB,31,246.399999,103.200000,6.475200,1.237800,8.062600,496.117878,1.922274,0.018978,3.056086,10.854900,10.854900
ML-KEM-512,4194304,4 MB,32,247.000004,93.800001,7.336600,1.117800,8.795200,454.793524,2.096939,0.018978,2.808350,10.646700,10.646700
ML-KEM-512,4194304,4 MB,33,337.700003,93.000002,8.111500,0.903700,9.445900,423.464148,2.252078,0.018978,3.575096,10.906400,10.906400
ML-KEM-512,4194304,4 MB,36,181.100004,71.099996,5.824100,0.953900,7.030200,568.973855,1.676130,0.018978,2.576029,9.360600,9.360600
ML-KEM-512,4194304,4 MB,38,203.500000,75.200005,6.150700,1.180000,7.609400,525.665624,1.814222,0.018978,2.674324,12.692500,12.692500
ML-KEM-512,4194304,4 MB,39,493.799998,228.800003,8.191000,0.761100,9.674700,413.449513,2.306628,0.018978,5.104034,10.251000,10.251000
ML-KEM-512,4194304,4 MB,40,195.700006,83.699997,6.229800,0.978900,7.488100,534.180900,1.785302,0.018978,2.613480,10.019800,10.019800
ML-KEM-512,4194304,4 MB,41,271.600002,120.099998,7.366800,1.307000,9.065500,441.233247,2.161384,0.018978,2.995974,9.416200,9.416200
ML-KEM-512,4194304,4 MB,42,504.299998,128.299995,6.111700,0.675200,7.419500,539.119886,1.768947,0.018978,6.796954,11.896400,11.896400
ML-KEM-512,4194304,4 MB,44,511.099999,205.400000,5.521100,1.062000,7.299600,547.975231,1.740360,0.018978,7.001754,10.142500,10.142500
ML-KEM-512,4194304,4 MB,45,342.100000,138.400006,7.039900,0.769100,8.289500,482.538151,1.976371,0.018978,4.126908,15.335000,15.335000
ML-KEM-512,4194304,4 MB,47,193.100001,80.799997,6.211700,0.774800,7.260400,550.933833,1.731014,0.018978,2.659633,12.094200,12.094200
ML-KEM-512,4194304,4 MB,48,255.200001,113.599999,8.766500,1.160300,10.295600,388.515482,2.454662,0.018978,2.478729,13.208600,13.208600
ML-KEM-512,4194304,4 MB,49,202.700001,86.699998,7.546800,0.983200,8.819400,453.545593,2.102709,0.018978,2.298342,9.474200,9.474200
ML-KEM-512,4194304,4 MB,50,280.400003,130.200002,7.164700,1.151800,8.727100,458.342405,2.080703,0.018978,3.212980,12.808400,12.808400
ML-KEM-512,4194304,4 MB,51,255.999999,112.499998,6.224300,1.782600,8.375400,477.589130,1.996851,0.018978,3.056570,9.570100,9.570100
ML-KEM-512,4194304,4 MB,52,245.800002,111.599998,6.969600,1.096300,8.423300,474.873268,2.008271,0.018978,2.918096,12.699000,12.699000
ML-KEM-512,4194304,4 MB,54,362.599996,130.799999,7.003300,0.962300,8.459000,472.869134,2.016783,0.018978,4.286559,9.635500,9.635500
ML-KEM-512,4194304,4 MB,55,285.800001,111.699999,5.393600,0.871100,6.662200,600.402269,1.588392,0.018978,4.289874,10.572500,10.572500
ML-KEM-512,4194304,4 MB,56,286.899995,118.900003,6.315000,1.221700,7.942500,503.619767,1.893640,0.018978,3.612213,9.227700,9.227700
ML-KEM-512,4194304,4 MB,57,529.999998,104.200000,6.554900,1.155400,8.344500,479.357661,1.989484,0.018978,6.351489,10.855400,10.855400
ML-KEM-512,4194304,4 MB,58,345.699998,138.199997,7.055400,0.999600,8.538900,468.444413,2.035832,0.018978,4.048531,11.514600,11.514600
ML-KEM-512,4194304,4 MB,59,219.800000,82.300001,6.800900,1.152400,8.255400,484.531337,1.968241,0.018978,2.662500,10.092600,10.092600
ML-KEM-512,4194304,4 MB,60,260.300003,95.700001,6.399700,1.103400,7.859100,508.964131,1.873755,0.018978,3.312084,10.636200,10.636200
ML-KEM-512,4194304,4 MB,61,192.600004,77.600002,6.755500,0.720700,7.746400,516.368894,1.846886,0.018978,2.486316,9.488000,9.488000
ML-KEM-512,4194304,4 MB,62,252.699996,80.699996,7.178500,2.571900,10.083800,396.675856,2.404165,0.018978,2.506000,11.334700,11.334700
ML-KEM-512,4194304,4 MB,63,251.700003,83.100000,5.395700,0.917900,6.648400,601.648517,1.585102,0.018978,3.785873,9.651000,9.651000
ML-KEM-512,4194304,4 MB,64,288.900002,116.399999,6.691300,1.283700,8.380300,477.309881,1.998019,0.018978,3.447371,10.696400,10.696400
ML-KEM-512,4194304,4 MB,65,428.700005,123.999998,7.395100,0.819000,8.766800,456.266825,2.090168,0.018978,4.890040,10.776500,10.776500
ML-KEM-512,4194304,4 MB,66,194.000000,78.100005,5.652200,0.797600,6.721900,595.069847,1.602626,0.018978,2.886089,10.702900,10.702900
ML-KEM-512,4194304,4 MB,67,220.900001,115.099996,8.833700,0.766200,9.935900,402.580542,2.368903,0.018978,2.223251,10.882500,10.882500
ML-KEM-512,4194304,4 MB,68,221.499999,98.400000,6.712200,0.795400,7.827500,511.018844,1.866221,0.018978,2.829767,10.991000,10.991000
ML-KEM-512,4194304,4 MB,69,202.100004,78.799996,6.734000,0.866600,7.881500,507.517605,1.879096,0.018978,2.564233,10.162800,10.162800
ML-KEM-512,4194304,4 MB,70,326.499998,134.800001,5.896100,0.977400,7.334800,545.345476,1.748753,0.018978,4.451382,10.452900,10.452900
ML-KEM-512,4194304,4 MB,72,201.899995,80.500002,5.755800,4.233300,10.271500,389.427055,2.448916,0.018978,1.965633,9.692700,9.692700
ML-KEM-512,4194304,4 MB,73,289.900003,273.099999,6.424400,0.990000,7.977400,501.416501,1.901960,0.018978,3.634016,11.972300,11.972300
ML-KEM-512,4194304,4 MB,74,516.799999,255.600004,8.114300,1.366900,10.253600,390.106889,2.444649,0.018978,5.040181,10.298300,10.298300
ML-KEM-512,4194304,4 MB,76,482.200005,259.000000,7.968500,1.046300,9.756000,410.004100,2.326012,0.018978,4.942599,12.812500,12.812500
ML-KEM-512,4194304,4 MB,77,278.299995,120.499993,6.973200,2.299400,9.671400,413.590587,2.305841,0.018978,2.877556,10.229600,10.229600
ML-KEM-512,4194304,4 MB,78,311.099997,110.199995,6.703100,1.095600,8.220000,486.618005,1.959801,0.018978,3.784671,11.941900,11.941900
ML-KEM-512,4194304,4 MB,79,487.000005,241.300004,5.742100,1.500400,7.970800,501.831686,1.900387,0.018978,6.109801,9.927200,9.927200
ML-KEM-512,4194304,4 MB,80,301.200002,137.100003,8.967200,0.729500,10.135000,394.671929,2.416372,0.018978,2.971880,10.349900,10.349900
ML-KEM-512,4194304,4 MB,81,285.400005,124.300001,6.357000,1.051300,7.818000,511.639806,1.863956,0.018978,3.650550,11.955300,11.955300
ML-KEM-512,4194304,4 MB,82,609.900002,95.099997,6.671200,0.672400,8.048600,496.980841,1.918936,0.018978,7.577715,10.755100,10.755100
ML-KEM-512,4194304,4 MB,83,521.800001,216.100001,6.173000,0.720400,7.631300,524.157090,1.819444,0.018978,6.837629,10.345000,10.345000
ML-KEM-512,4194304,4 MB,84,259.300003,113.999995,6.867100,1.218300,8.458700,472.885904,2.016711,0.018978,3.065483,9.584500,9.584500
ML-KEM-512,4194304,4 MB,85,187.800004,72.900002,5.675900,1.147600,7.084200,564.636797,1.689005,0.018978,2.650970,10.751300,10.751300
ML-KEM-512,4194304,4 MB,86,225.399999,89.100002,5.575300,1.738400,7.628200,524.370100,1.818705,0.018978,2.954826,10.655800,10.655800
ML-KEM-512,4194304,4 MB,87,327.999995,103.099999,5.734500,1.351900,7.517500,532.091786,1.792312,0.018978,4.363153,11.981600,11.981600
ML-KEM-512,4194304,4 MB,88,279.100001,103.499995,5.657600,1.637300,7.677500,521.002930,1.830459,0.018978,3.635298,9.939100,9.939100
ML-KEM-512,4194304,4 MB,89,430.799999,138.799995,6.944400,1.092000,8.606000,464.792005,2.051830,0.018978,5.005810,12.119900,12.119900
ML-KEM-512,4194304,4 MB,90,366.100001,228.099998,8.216200,1.543900,10.354300,386.312933,2.468657,0.018978,3.535729,9.267500,9.267500
ML-KEM-512,4194304,4 MB,91,245.700001,105.799998,7.419400,0.749400,8.520300,469.467038,2.031398,0.018978,2.883701,11.908900,11.908900
ML-KEM-512,4194304,4 MB,92,228.899997,95.800002,8.032800,1.113400,9.470900,422.346345,2.258039,0.018978,2.416877,15.884300,15.884300
ML-KEM-512,4194304,4 MB,93,229.300000,84.500003,5.985500,1.320000,7.619300,524.982610,1.816583,0.018978,3.009463,9.912100,9.912100
ML-KEM-512,4194304,4 MB,94,304.300003,96.600001,7.338700,1.342300,9.081900,440.436472,2.165294,0.018978,3.350621,10.991200,10.991200
ML-KEM-512,4194304,4 MB,95,306.999995,134.700000,5.668700,0.752000,6.862400,582.886454,1.636124,0.018978,4.473653,10.768100,10.768100
ML-KEM-512,4194304,4 MB,96,179.399998,72.200004,6.220700,0.768200,7.240500,552.448035,1.726270,0.018978,2.477729,9.277600,9.277600
ML-KEM-512,4194304,4 MB,97,572.299999,106.100000,6.508800,1.222800,8.410000,475.624257,2.005100,0.018978,6.804994,11.696700,11.696700
ML-KEM-512,4194304,4 MB,98,276.100000,117.100004,6.352700,1.210800,7.956700,502.720977,1.897025,0.018978,3.470032,11.640300,11.640300
ML-KEM-512,4194304,4 MB,99,197.999994,78.899997,6.371200,0.715800,7.363900,543.190429,1.755691,0.018978,2.688793,7.625800,7.625800
ML-KEM-512,4194304,4 MB,100,376.899996,144.499994,6.221400,1.112800,7.855600,509.190896,1.872921,0.018978,4.797851,10.975800,10.975800
ML-KEM-512,4194304,4 MB,101,268.100004,120.099998,5.619700,2.158900,8.166800,489.787922,1.947117,0.018978,3.282804,9.899700,9.899700
ML-KEM-512,4194304,4 MB,102,314.699995,238.900000,6.836900,0.683200,8.073700,495.435798,1.924920,0.018978,3.897841,12.693900,12.693900
ML-KEM-512,4194304,4 MB,103,189.500002,77.999997,6.677700,1.695200,8.640400,462.941530,2.060032,0.018978,2.193186,9.422600,9.422600
ML-KEM-512,4194304,4 MB,104,486.700003,94.799994,5.861100,1.000400,7.443000,537.417708,1.774549,0.018978,6.539030,11.227500,11.227500
ML-KEM-512,4194304,4 MB,105,264.599999,121.400000,5.938500,0.987700,7.312200,547.030989,1.743364,0.018978,3.618610,8.936300,8.936300
ML-KEM-512,4194304,4 MB,107,264.299997,310.099997,6.671300,1.471400,8.717100,458.868202,2.078319,0.018978,3.031972,16.801500,16.801500
ML-KEM-512,4194304,4 MB,109,188.600003,87.699998,7.891600,1.391000,9.558900,418.458191,2.279019,0.018978,1.973030,10.744000,10.744000
ML-KEM-512,4194304,4 MB,110,567.800002,172.000000,5.782500,1.179000,7.701300,519.392830,1.836133,0.018978,7.372781,12.877300,12.877300
ML-KEM-512,4194304,4 MB,111,240.699999,106.799998,7.724600,0.755400,8.827500,453.129425,2.104640,0.018978,2.726706,11.793000,11.793000
ML-KEM-512,4194304,4 MB,112,207.300000,222.499999,5.939300,0.724100,7.093200,563.920374,1.691151,0.018978,2.922517,9.824700,9.824700
ML-KEM-512,4194304,4 MB,113,188.300000,65.699998,8.715600,1.236600,10.206200,391.918638,2.433348,0.018978,1.844957,9.074200,9.074200
ML-KEM-512,4194304,4 MB,114,201.000003,79.899997,6.619200,0.734000,7.634100,523.964842,1.820111,0.018978,2.632923,11.570100,11.570100
ML-KEM-512,4194304,4 MB,116,411.300003,161.900003,6.082900,0.719700,7.375800,542.314054,1.758528,0.018978,5.576344,11.595600,11.595600
ML-KEM-512,4194304,4 MB,117,506.700002,200.100003,8.628600,1.303600,10.639000,375.975186,2.536535,0.018978,4.762666,8.817500,8.817500
ML-KEM-512,4194304,4 MB,118,1646.199999,116.999996,6.561200,0.855900,9.180300,435.715609,2.188754,0.018978,17.931876,13.020300,13.020300
ML-KEM-512,4194304,4 MB,119,197.499998,79.199999,6.318300,1.113100,7.708100,518.934627,1.837754,0.018978,2.562240,11.179500,11.179500
ML-KEM-512,4194304,4 MB,120,194.799999,79.799996,9.594000,1.210900,11.079500,361.027122,2.641559,0.018978,1.758202,14.177000,14.177000
ML-KEM-512,4194304,4 MB,122,376.900003,155.099995,7.175600,1.124300,8.831900,452.903679,2.105689,0.018978,4.267485,16.979000,16.979000
ML-KEM-512,4194304,4 MB,123,744.599995,343.400003,7.131700,1.709000,9.928700,402.872481,2.367187,0.018978,7.499471,10.390700,10.390700
ML-KEM-512,4194304,4 MB,124,178.900002,76.500000,8.473400,1.682700,10.411500,384.190559,2.482295,0.018978,1.718292,10.724700,10.724700
ML-KEM-512,4194304,4 MB,126,199.800001,79.899997,5.787400,1.187500,7.254600,551.374300,1.729631,0.018978,2.754115,12.831100,12.831100
ML-KEM-512,4194304,4 MB,127,488.899997,249.099998,7.124100,1.256400,9.118500,438.668640,2.174020,0.018978,5.361627,10.947200,10.947200
ML-KEM-512,4194304,4 MB,128,272.600002,111.599998,6.385600,1.000500,7.770300,514.780639,1.852584,0.018978,3.508230,11.481600,11.481600
ML-KEM-512,4194304,4 MB,129,478.399998,117.900003,7.167100,0.759100,8.522500,469.345849,2.031922,0.018978,5.613376,9.222500,9.222500
ML-KEM-512,4194304,4 MB,130,209.600003,73.400006,5.615100,0.718300,6.616400,604.558370,1.577473,0.018978,3.167886,9.919200,9.919200
ML-KEM-512,4194304,4 MB,131,504.800002,601.700005,5.620200,1.144300,7.871000,508.194639,1.876593,0.018978,6.413416,11.143700,11.143700
ML-KEM-512,4194304,4 MB,132,1077.200002,861.199995,7.148900,0.819700,9.907000,403.754921,2.362013,0.018978,10.873120,11.296300,11.296300
ML-KEM-512,4194304,4 MB,133,200.500006,81.899998,5.881500,2.650300,8.814200,453.813165,2.101469,0.018978,2.274739,11.141100,11.141100
ML-KEM-512,4194304,4 MB,134,201.100003,79.700003,5.841900,1.016900,7.139600,560.255477,1.702213,0.018978,2.816684,9.669900,9.669900
ML-KEM-512,4194304,4 MB,135,197.199995,77.599994,6.855500,0.728200,7.858500,509.002991,1.873612,0.018978,2.509385,9.746200,9.746200
ML-KEM-512,4194304,4 MB,136,251.300000,99.700002,6.289400,0.680800,7.321200,546.358521,1.745510,0.018978,3.432497,10.084600,10.084600
ML-KEM-512,4194304,4 MB,137,199.800001,78.900004,5.897300,1.427200,7.603200,526.094276,1.812744,0.018978,2.627841,10.946400,10.946400
ML-KEM-512,4194304,4 MB,138,460.300005,214.899999,6.852400,0.984500,8.512100,469.919291,2.029443,0.018978,5.407596,8.538700,8.538700
ML-KEM-512,4194304,4 MB,139,231.600003,90.399997,6.741400,1.200000,8.263400,484.062250,1.970148,0.018978,2.802720,11.040900,11.040900
ML-KEM-512,4194304,4 MB,140,199.599999,80.800004,6.361400,0.997900,7.639700,523.580769,1.821446,0.018978,2.612668,10.016600,10.016600
ML-KEM-512,4194304,4 MB,141,191.399995,75.600001,6.116500,1.293400,7.676900,521.043650,1.830316,0.018978,2.493194,9.264900,9.264900
ML-KEM-512,4194304,4 MB,142,258.699998,80.699996,5.734700,0.995300,7.069400,565.818881,1.685476,0.018978,3.659434,10.157400,10.157400
ML-KEM-512,4194304,4 MB,143,245.499999,171.699998,6.127400,0.773000,7.317600,546.627309,1.744652,0.018978,3.354925,10.040000,10.040000
ML-KEM-512,4194304,4 MB,144,194.300002,78.799996,7.036200,0.882800,8.192100,488.275289,1.953149,0.018978,2.371797,8.406400,8.406400
ML-KEM-512,4194304,4 MB,145,697.199997,203.000003,6.889400,0.768000,8.557600,467.420772,2.040291,0.018978,8.147144,8.546900,8.546900
ML-KEM-512,4194304,4 MB,146,203.399999,80.899998,6.054200,1.266000,7.604500,526.004339,1.813054,0.018978,2.674732,10.320200,10.320200
ML-KEM-512,4194304,4 MB,147,260.900000,122.700003,5.810800,1.292000,7.486400,534.302201,1.784897,0.018978,3.484986,9.635300,9.635300
ML-KEM-512,4194304,4 MB,148,295.099999,126.300001,6.807500,1.083500,8.312400,481.208796,1.981831,0.018978,3.550118,16.239400,16.239400
ML-KEM-512,4194304,4 MB,152,197.300003,80.300000,6.722100,0.955500,7.955200,502.815769,1.896667,0.018978,2.480139,12.922300,12.922300
ML-KEM-512,4194304,4 MB,153,540.499997,154.699999,6.113600,1.517500,8.326300,480.405462,1.985145,0.018978,6.491479,10.902100,10.902100
ML-KEM-512,4194304,4 MB,154,378.099998,130.799999,6.352300,1.102900,7.964100,502.253864,1.898789,0.018978,4.747555,9.622500,9.622500
ML-KEM-512,4194304,4 MB,155,295.900005,307.700000,7.639000,0.780600,9.023200,443.301711,2.151299,0.018978,3.279324,13.304900,13.304900
ML-KEM-512,4194304,4 MB,156,314.999997,137.099996,6.682100,1.809100,8.943300,447.262196,2.132249,0.018978,3.522190,9.973500,9.973500
ML-KEM-512,4194304,4 MB,157,306.900001,401.999998,5.725100,1.027100,7.461100,536.113978,1.778865,0.018978,4.113335,13.439200,13.439200
ML-KEM-512,4194304,4 MB,158,197.599999,74.900003,5.438800,1.208300,6.919600,578.068096,1.649761,0.018978,2.855656,11.907600,11.907600
ML-KEM-512,4194304,4 MB,159,261.200003,97.500000,5.510400,0.949800,6.818900,586.604878,1.625752,0.018978,3.830530,11.531600,11.531600
ML-KEM-512,4194304,4 MB,160,260.100001,111.699999,6.134300,1.345700,7.851800,509.437326,1.872015,0.018978,3.312616,11.586500,11.586500
ML-KEM-512,4194304,4 MB,161,287.499999,159.700001,7.235400,1.096200,8.778800,455.643140,2.093029,0.018978,3.274935,11.950400,11.950400
ML-KEM-512,4194304,4 MB,163,264.599999,101.899997,8.223000,1.022500,9.612000,416.146484,2.291679,0.018978,2.752809,10.255700,10.255700
ML-KEM-512,4194304,4 MB,164,191.299994,78.199999,7.236800,1.330200,8.836500,452.667912,2.106786,0.018978,2.164884,12.932600,12.932600
ML-KEM-512,4194304,4 MB,166,311.399999,119.799995,7.749800,0.944900,9.125900,438.312934,2.175784,0.018978,3.412266,11.334400,11.334400
ML-KEM-512,4194304,4 MB,167,223.200004,80.200000,5.700100,1.008800,7.012300,570.426251,1.671863,0.018978,3.182979,10.524000,10.524000
ML-KEM-512,4194304,4 MB,168,238.699999,99.500001,6.130900,1.242400,7.711500,518.705829,1.838565,0.018978,3.095377,11.022100,11.022100
ML-KEM-512,4194304,4 MB,169,239.400004,78.900004,6.055000,1.061100,7.434400,538.039384,1.772499,0.018978,3.220166,9.445500,9.445500
ML-KEM-512,4194304,4 MB,170,230.700003,81.200000,5.295100,1.109500,6.716500,595.548277,1.601338,0.018978,3.434825,9.315800,9.315800
ML-KEM-512,4194304,4 MB,171,190.500003,75.199998,5.816200,1.464500,7.546400,530.054066,1.799202,0.018978,2.524383,10.456800,10.456800
ML-KEM-512,4194304,4 MB,172,198.399997,85.899999,6.118600,1.134100,7.537000,530.715139,1.796961,0.018978,2.632347,9.835900,9.835900
ML-KEM-512,4194304,4 MB,173,205.199998,85.300002,6.056500,0.980600,7.327600,545.881326,1.747036,0.018978,2.800371,10.246500,10.246500
ML-KEM-512,4194304,4 MB,174,192.200001,78.600002,6.458000,1.164700,7.893500,506.746057,1.881957,0.018978,2.434915,9.891500,9.891500
ML-KEM-512,4194304,4 MB,175,233.400002,95.399999,5.554800,0.781200,6.664800,600.168047,1.589012,0.018978,3.501981,9.899300,9.899300
ML-KEM-512,4194304,4 MB,176,272.999998,117.299998,5.864900,0.862300,7.117500,561.995082,1.696944,0.018978,3.835616,9.285100,9.285100
ML-KEM-512,4194304,4 MB,177,325.800000,113.299997,7.895600,1.424400,9.759100,409.873862,2.326751,0.018978,3.338423,17.904900,17.904900
ML-KEM-512,4194304,4 MB,178,369.699999,130.100001,8.850800,1.418400,10.769000,371.436531,2.567530,0.018978,3.433002,11.527800,11.527800
ML-KEM-512,4194304,4 MB,179,383.200000,137.499999,6.459100,1.138900,8.118700,492.689717,1.935649,0.018978,4.719967,16.285800,16.285800
ML-KEM-512,4194304,4 MB,180,511.300001,251.300000,6.927900,0.723700,8.414200,475.386846,2.006102,0.018978,6.076632,9.811100,9.811100
ML-KEM-512,4194304,4 MB,181,215.299995,92.900002,6.078200,1.388100,7.774500,514.502541,1.853585,0.018978,2.769310,11.910100,11.910100
ML-KEM-512,4194304,4 MB,182,237.400003,103.200000,7.076600,0.771600,8.188800,488.472059,1.952362,0.018978,2.899082,11.445600,11.445600
ML-KEM-512,4194304,4 MB,183,198.700000,79.800004,5.546600,1.214200,7.039300,568.238319,1.678300,0.018978,2.822724,13.939500,13.939500
ML-KEM-512,4194304,4 MB,184,290.000004,89.699999,6.738400,0.977100,8.095200,494.119972,1.930046,0.018978,3.582370,10.880500,10.880500
ML-KEM-512,4194304,4 MB,185,278.200001,147.300001,6.201000,1.084100,7.710600,518.766374,1.838350,0.018978,3.608020,9.986500,9.986500
ML-KEM-512,4194304,4 MB,186,266.499999,120.500001,5.631200,1.539500,7.557700,529.261548,1.801896,0.018978,3.526205,10.305100,10.305100
ML-KEM-512,4194304,4 MB,187,451.799999,155.599999,6.019200,1.409600,8.036200,497.747692,1.915979,0.018978,5.622060,10.428900,10.428900
ML-KEM-512,4194304,4 MB,188,248.199998,100.199999,6.409200,1.031600,7.789200,513.531557,1.857090,0.018978,3.186463,10.933500,10.933500
ML-KEM-512,4194304,4 MB,189,272.400001,112.900001,6.594600,1.191900,8.171800,489.488240,1.948309,0.018978,3.333415,11.125700,11.125700
ML-KEM-512,4194304,4 MB,190,236.699998,117.800002,6.546500,1.559800,8.460800,472.768533,2.017212,0.018978,2.797608,11.553000,11.553000
ML-KEM-512,4194304,4 MB,191,516.799999,229.799996,7.133900,1.210000,9.090500,440.019801,2.167344,0.018978,5.685056,8.579600,8.579600
ML-KEM-512,4194304,4 MB,193,360.500002,139.900003,9.178600,1.376600,11.055600,361.807591,2.635860,0.018978,3.260791,11.590200,11.590200
ML-KEM-512,4194304,4 MB,194,285.299997,122.800004,7.281100,1.915300,9.604500,416.471446,2.289891,0.018978,2.970483,11.038600,11.038600
ML-KEM-512,4194304,4 MB,195,337.099998,134.399997,7.340500,2.511000,10.323000,387.484259,2.461195,0.018978,3.265524,13.592800,13.592800
ML-KEM-512,4194304,4 MB,196,196.300003,82.599996,6.548800,1.168000,7.995700,500.268895,1.906323,0.018978,2.455070,11.965500,11.965500
ML-KEM-512,4194304,4 MB,197,322.000000,136.800001,6.551700,0.762000,7.772500,514.634931,1.853108,0.018978,4.142811,11.131900,11.131900
ML-KEM-512,4194304,4 MB,198,191.300001,76.899996,5.669100,1.585600,7.522900,531.709846,1.793599,0.018978,2.542902,11.155200,11.155200
ML-KEM-512,4194304,4 MB,199,614.199998,129.600005,7.313600,0.991500,9.048900,442.042679,2.157426,0.018978,6.787565,11.365100,11.365100
ML-KEM-512,4194304,4 MB,201,279.300002,127.299994,5.754700,0.932800,7.094100,563.848832,1.691365,0.018978,3.937074,9.008600,9.008600
ML-KEM-512,4194304,4 MB,202,466.599995,146.200000,6.704400,1.029800,8.347000,479.214089,1.990080,0.018978,5.590032,10.502800,10.502800
ML-KEM-512,4194304,4 MB,203,259.400003,101.300000,5.948600,0.945500,7.254800,551.359101,1.729679,0.018978,3.575564,11.592700,11.592700
ML-KEM-512,4194304,4 MB,204,235.400003,106.899999,6.636600,1.266200,8.245100,485.136627,1.965785,0.018978,2.855029,9.661000,9.661000
ML-KEM-512,4194304,4 MB,205,209.699996,79.000005,6.293700,0.735600,7.318000,546.597431,1.744747,0.018978,2.865537,10.815900,10.815900
ML-KEM-512,4194304,4 MB,206,262.200003,115.000003,6.320400,1.323200,8.020800,498.703371,1.912308,0.018978,3.269001,10.986000,10.986000
ML-KEM-512,4194304,4 MB,208,444.500001,148.300001,6.617900,1.283300,8.494000,470.920650,2.025127,0.018978,5.233106,11.759200,11.759200
ML-KEM-512,4194304,4 MB,209,208.099998,94.399998,6.237300,0.751700,7.291500,548.583968,1.738429,0.018978,2.854008,8.739600,8.739600
ML-KEM-512,4194304,4 MB,210,193.300002,76.800003,8.117300,1.359400,9.746800,410.391103,2.323818,0.018978,1.983215,12.551500,12.551500
ML-KEM-512,4194304,4 MB,211,259.499997,98.700002,5.842100,0.767700,6.968000,574.052813,1.661301,0.018978,3.724168,10.426400,10.426400
ML-KEM-512,4194304,4 MB,212,200.799994,81.000006,5.550400,0.754900,6.587100,607.247499,1.570487,0.018978,3.048382,9.821500,9.821500
ML-KEM-512,4194304,4 MB,213,413.399997,124.200000,6.504000,0.774700,7.816300,511.751084,1.863551,0.018978,5.288947,10.105900,10.105900
ML-KEM-512,4194304,4 MB,214,283.000001,157.199996,6.297100,0.777400,7.514700,532.290045,1.791644,0.018978,3.765952,9.322900,9.322900
ML-KEM-512,4194304,4 MB,216,356.600001,116.900002,5.945500,1.249300,7.668300,521.628001,1.828265,0.018978,4.650314,10.469200,10.469200
ML-KEM-512,4194304,4 MB,217,235.899999,87.900000,5.217400,1.031500,6.572700,608.577905,1.567054,0.018978,3.589088,11.218900,11.218900
ML-KEM-512,4194304,4 MB,218,206.200006,81.200000,5.894100,1.069300,7.250800,551.663265,1.728725,0.018978,2.843824,11.433500,11.433500
ML-KEM-512,4194304,4 MB,219,240.800000,114.399998,6.557900,0.962200,7.875300,507.917159,1.877618,0.018978,3.057661,10.008400,10.008400
ML-KEM-512,4194304,4 MB,220,217.900000,82.300001,5.751800,1.040700,7.092700,563.960128,1.691031,0.018978,3.072173,10.276300,10.276300
ML-KEM-512,4194304,4 MB,221,281.400004,122.600002,6.098000,1.127200,7.629200,524.301369,1.818943,0.018978,3.688460,10.128100,10.128100
ML-KEM-512,4194304,4 MB,222,374.400006,115.899995,5.572600,0.891900,6.954800,575.142347,1.658154,0.018978,5.383332,7.956900,7.956900
ML-KEM-512,4194304,4 MB,223,300.400003,113.000002,6.060100,0.729900,7.203400,555.293334,1.717424,0.018978,4.170253,10.723900,10.723900
ML-KEM-512,4194304,4 MB,224,219.900001,87.300003,5.329000,1.063700,6.699900,597.023836,1.597381,0.018978,3.282139,10.942500,10.942500
ML-KEM-512,4194304,4 MB,225,290.600001,122.099998,7.887400,1.320600,9.620700,415.770162,2.293754,0.018978,3.020570,10.985200,10.985200
ML-KEM-512,4194304,4 MB,226,229.099998,87.699998,6.189400,1.218900,7.725100,517.792650,1.841807,0.018978,2.965657,11.925300,11.925300
ML-KEM-512,4194304,4 MB,227,284.800000,109.000001,8.010400,1.000300,9.404500,425.328301,2.242208,0.018978,3.028338,11.224400,11.224400
ML-KEM-512,4194304,4 MB,228,538.200002,206.200006,6.272100,0.849700,7.866200,508.504742,1.875448,0.018978,6.841931,12.527300,12.527300
ML-KEM-512,4194304,4 MB,229,193.200001,135.900002,7.390500,1.020000,8.739600,457.686851,2.083683,0.018978,2.210628,10.083700,10.083700
ML-KEM-512,4194304,4 MB,230,335.700002,119.299999,6.988000,1.109500,8.552500,467.699503,2.039075,0.018978,3.925168,11.843700,11.843700
ML-KEM-512,4194304,4 MB,231,219.999994,108.399996,7.413100,1.274900,9.016400,443.636041,2.149677,0.018978,2.439998,9.577600,9.577600
ML-KEM-512,4194304,4 MB,232,222.700000,89.200003,5.766700,0.989500,7.068100,565.922950,1.685166,0.018978,3.150776,11.495700,11.495700
ML-KEM-512,4194304,4 MB,233,188.599995,76.099997,5.923000,1.463100,7.650800,522.821143,1.824093,0.018978,2.465102,11.315100,11.315100
ML-KEM-512,4194304,4 MB,234,295.300000,104.500003,5.593100,1.059200,7.052100,567.206932,1.681352,0.018978,4.187405,13.175700,13.175700
ML-KEM-512,4194304,4 MB,235,255.699997,105.400002,6.141800,1.961500,8.464400,472.567459,2.018070,0.018978,3.020887,10.557300,10.557300
ML-KEM-512,4194304,4 MB,236,378.700002,84.500003,5.369900,1.293000,7.126100,561.316849,1.698995,0.018978,5.314267,12.983400,12.983400
ML-KEM-512,4194304,4 MB,237,459.000003,113.499998,9.816200,0.908600,11.297300,354.066901,2.693486,0.018978,4.062918,12.667300,12.667300
ML-KEM-512,4194304,4 MB,238,205.299999,102.400001,6.361600,0.716300,7.385600,541.594454,1.760864,0.018978,2.779734,12.658200,12.658200
ML-KEM-512,4194304,4 MB,240,245.900002,109.100001,9.775700,0.904800,11.035500,362.466585,2.631068,0.018978,2.228263,11.278300,11.278300
ML-KEM-512,4194304,4 MB,241,256.600004,108.900000,5.853800,1.453100,7.672400,521.349252,1.829243,0.018978,3.344456,11.673400,11.673400
ML-KEM-512,4194304,4 MB,242,276.800005,119.500000,8.649800,1.290600,10.336700,386.970697,2.464461,0.018978,2.677837,11.885200,11.885200
ML-KEM-512,4194304,4 MB,243,251.900005,126.599996,7.039200,1.293900,8.711600,459.157904,2.077007,0.018978,2.891547,12.576500,12.576500
ML-KEM-512,4194304,4 MB,244,285.599999,120.799996,6.744200,0.811700,7.962300,502.367407,1.898360,0.018978,3.586903,11.756300,11.756300
ML-KEM-512,4194304,4 MB,245,255.599996,111.300003,6.853800,1.387900,8.608600,464.651627,2.052450,0.018978,2.969124,8.658900,8.658900
ML-KEM-512,4194304,4 MB,246,335.200006,230.099999,5.248600,1.199500,7.013400,570.336784,1.672125,0.018978,4.779422,10.232100,10.232100
ML-KEM-512,4194304,4 MB,247,184.999997,73.300005,5.621700,0.757500,6.637500,602.636535,1.582503,0.018978,2.787194,10.111700,10.111700
ML-KEM-512,4194304,4 MB,248,218.599998,87.399996,6.496900,1.270900,8.073800,495.429662,1.924944,0.018978,2.707523,8.912100,8.912100
ML-KEM-512,4194304,4 MB,249,292.999997,112.499998,5.818100,1.127600,7.351200,544.128850,1.752663,0.018978,3.985744,9.814500,9.814500
ML-KEM-512,4194304,4 MB,250,193.500004,77.999997,6.199300,1.011100,7.481900,534.623558,1.783824,0.018978,2.586242,9.731300,9.731300
ML-KEM-512,4194304,4 MB,251,238.100001,102.099999,6.846600,0.779600,7.966400,502.108857,1.899338,0.018978,2.988803,9.062100,9.062100
ML-KEM-512,4194304,4 MB,252,216.799999,100.699996,6.309300,0.776300,7.403100,540.314193,1.765037,0.018978,2.928503,10.441000,10.441000
ML-KEM-512,4194304,4 MB,253,201.200004,85.799998,5.780300,1.032800,7.100100,563.372347,1.692796,0.018978,2.833763,9.657300,9.657300
ML-KEM-512,4194304,4 MB,254,259.900000,114.499999,5.955100,1.415700,7.745200,516.448898,1.846600,0.018978,3.355627,9.430200,9.430200
ML-KEM-512,4194304,4 MB,256,196.999994,84.399995,6.125300,0.996100,7.402800,540.336089,1.764965,0.018978,2.661155,10.023600,10.023600
ML-KEM-512,4194304,4 MB,257,260.399996,115.800001,6.393300,1.299300,8.068800,495.736665,1.923752,0.018978,3.227246,10.240100,10.240100
ML-KEM-512,4194304,4 MB,258,254.099999,118.600001,5.874700,0.990500,7.237900,552.646486,1.725650,0.018978,3.510687,14.879000,14.879000
ML-KEM-512,4194304,4 MB,259,518.500005,132.500005,9.132200,1.483400,11.266600,355.031687,2.686167,0.018978,4.602098,14.277900,14.277900
ML-KEM-512,4194304,4 MB,260,275.499995,121.500001,7.770100,2.635700,10.802800,370.274373,2.575588,0.018978,2.550265,13.097000,13.097000
ML-KEM-512,4194304,4 MB,261,324.299996,85.899999,6.795500,1.236600,8.442300,473.804532,2.012801,0.018978,3.841370,12.248300,12.248300
ML-KEM-512,4194304,4 MB,262,269.900003,128.399995,8.819200,0.827500,10.045000,398.208064,2.394915,0.018978,2.686909,10.079700,10.079700
ML-KEM-512,4194304,4 MB,263,280.900000,125.400002,5.621700,1.156500,7.184500,556.754123,1.712918,0.018978,3.909806,11.665800,11.665800
ML-KEM-512,4194304,4 MB,264,291.000004,120.899997,7.389100,0.888200,8.689200,460.341573,2.071667,0.018978,3.348985,8.614800,8.614800
ML-KEM-512,4194304,4 MB,265,248.200005,82.200000,5.511300,1.173200,7.014900,570.214829,1.672482,0.018978,3.538183,11.402500,11.402500
ML-KEM-512,4194304,4 MB,266,285.399998,113.700000,7.299000,1.663200,9.361300,427.291081,2.231908,0.018978,3.048722,9.163200,9.163200
ML-KEM-512,4194304,4 MB,267,277.599996,171.600004,6.315400,1.045600,7.810200,512.150777,1.862097,0.018978,3.554326,10.483400,10.483400
ML-KEM-512,4194304,4 MB,268,257.600004,82.999999,7.686200,1.046800,9.073600,440.839358,2.163315,0.018978,2.839006,9.080100,9.080100
ML-KEM-512,4194304,4 MB,269,303.599998,112.199996,6.291000,1.012900,7.719700,518.154850,1.840520,0.018978,3.932795,14.327400,14.327400
ML-KEM-512,4194304,4 MB,270,246.999996,104.700004,5.906300,0.878600,7.136600,560.490990,1.701498,0.018978,3.461032,10.062900,10.062900
ML-KEM-512,4194304,4 MB,271,958.000004,145.600003,6.670500,0.764100,8.538200,468.482819,2.035666,0.018978,11.220164,10.949900,10.949900
ML-KEM-512,4194304,4 MB,272,366.699998,118.900003,6.236500,1.531000,8.253100,484.666368,1.967692,0.018978,4.443179,9.847700,9.847700
ML-KEM-512,4194304,4 MB,273,233.999999,218.699999,6.540900,0.722500,7.716100,518.396600,1.839662,0.018978,3.032620,13.627700,13.627700
ML-KEM-512,4194304,4 MB,274,477.699999,229.699996,6.129600,3.164300,10.001300,399.948007,2.384496,0.018978,4.776379,10.463500,10.463500
ML-KEM-512,4194304,4 MB,275,252.400001,114.199996,6.542800,1.038300,7.947700,503.290260,1.894879,0.018978,3.175762,11.972600,11.972600
ML-KEM-512,4194304,4 MB,276,275.899998,121.700003,9.978200,0.745600,11.121400,359.666948,2.651548,0.018978,2.480803,12.757300,12.757300
ML-KEM-512,4194304,4 MB,278,206.400000,82.899998,6.373300,1.141100,7.803700,512.577367,1.860547,0.018978,2.644899,12.359900,12.359900
ML-KEM-512,4194304,4 MB,279,234.599996,92.400005,7.013000,1.123400,8.463400,472.623296,2.017832,0.018978,2.771936,15.127100,15.127100
ML-KEM-512,4194304,4 MB,280,301.699998,119.299999,6.890400,1.785100,9.096500,439.729566,2.168775,0.018978,3.316660,9.322900,9.322900
ML-KEM-512,4194304,4 MB,281,275.999999,110.400004,6.267300,1.188100,7.841800,510.086970,1.869631,0.018978,3.519600,12.143900,12.143900
ML-KEM-512,4194304,4 MB,283,205.800003,66.599998,7.731500,0.769200,8.773100,455.939178,2.091670,0.018978,2.345807,10.325100,10.325100
ML-KEM-512,4194304,4 MB,284,201.200004,76.800003,5.648900,1.202400,7.129300,561.064901,1.699758,0.018978,2.822157,12.882000,12.882000
ML-KEM-512,4194304,4 MB,285,241.700000,97.600001,7.533200,0.733300,8.605800,464.802807,2.051783,0.018978,2.808571,11.596400,11.596400
ML-KEM-512,4194304,4 MB,286,256.200001,121.300000,5.931200,1.094000,7.402700,540.343388,1.764941,0.018978,3.460899,12.181500,12.181500
ML-KEM-512,4194304,4 MB,287,220.700000,88.499997,7.816400,1.082100,9.207700,434.419019,2.195287,0.018978,2.396907,11.796500,11.796500
ML-KEM-512,4194304,4 MB,288,258.700005,95.700001,5.667400,1.075900,7.097700,563.562844,1.692224,0.018978,3.644843,10.799600,10.799600
ML-KEM-512,4194304,4 MB,289,258.100001,109.100001,7.198200,0.724800,8.290200,482.497407,1.976538,0.018978,3.113315,11.007200,11.007200
ML-KEM-512,4194304,4 MB,290,243.600007,87.699998,6.192900,1.117900,7.642100,523.416338,1.822019,0.018978,3.187606,10.036000,10.036000
ML-KEM-512,4194304,4 MB,291,500.599999,214.299995,8.003300,2.202600,10.920800,366.273533,2.603722,0.018978,4.583913,9.689000,9.689000
ML-KEM-512,4194304,4 MB,294,304.200003,97.600001,5.610100,1.213100,7.225000,553.633218,1.722574,0.018978,4.210381,10.641500,10.641500
ML-KEM-512,4194304,4 MB,295,476.000001,248.999997,7.730800,1.223100,9.678900,413.270103,2.307630,0.018978,4.917914,9.107800,9.107800
ML-KEM-512,4194304,4 MB,296,302.100001,84.599997,5.495800,1.127800,7.010300,570.588990,1.671386,0.018978,4.309373,11.693200,11.693200
ML-KEM-512,4194304,4 MB,297,191.599996,74.600001,5.843500,1.081300,7.191000,556.250869,1.714468,0.018978,2.664442,11.264600,11.264600
ML-KEM-512,4194304,4 MB,298,436.100003,182.199998,7.807500,0.862200,9.288000,430.663221,2.214432,0.018978,4.695306,10.421700,10.421700
ML-KEM-512,4194304,4 MB,299,251.999998,83.699997,7.000400,0.758900,8.095000,494.132180,1.929998,0.018978,3.113033,12.553100,12.553100
ML-KEM-512,8388608,8 MB,2,253.500002,108.799999,13.261600,3.394900,17.018800,470.068395,2.028799,0.009489,1.489529,17.292400,17.292400
ML-KEM-512,8388608,8 MB,3,277.600004,119.800003,13.729500,2.485100,16.612000,481.579581,1.980305,0.009489,1.671081,20.946700,20.946700
ML-KEM-512,8388608,8 MB,6,364.899999,121.900004,18.764500,1.571400,20.822700,384.196094,2.482259,0.009489,1.752414,20.410400,20.410400
ML-KEM-512,8388608,8 MB,7,349.999995,113.899994,14.426600,2.214200,17.104700,467.707706,2.039039,0.009489,2.046221,24.123300,24.123300
ML-KEM-512,8388608,8 MB,8,314.100005,126.399995,13.440200,1.782400,15.663100,510.754576,1.867187,0.009489,2.005350,18.580800,18.580800
ML-KEM-512,8388608,8 MB,9,406.300001,127.499996,12.481600,3.030400,16.045800,498.572835,1.912808,0.009489,2.532127,19.113400,19.113400
ML-KEM-512,8388608,8 MB,10,594.999998,117.899996,12.902200,2.306200,15.921300,502.471532,1.897967,0.009489,3.737132,19.905200,19.905200
ML-KEM-512,8388608,8 MB,12,262.699999,95.900003,13.887700,2.173900,16.420200,487.204784,1.957440,0.009489,1.599859,17.278200,17.278200
ML-KEM-512,8388608,8 MB,13,269.099997,142.899997,17.011600,1.671400,19.095000,418.957842,2.276301,0.009489,1.409269,17.474200,17.474200
ML-KEM-512,8388608,8 MB,14,278.000000,119.599994,11.886300,2.356100,14.640000,546.448087,1.745224,0.009489,1.898907,15.646700,15.646700
ML-KEM-512,8388608,8 MB,16,218.100002,89.599998,11.627400,2.350400,14.285500,560.008400,1.702964,0.009489,1.526723,17.538200,17.538200
ML-KEM-512,8388608,8 MB,17,241.100002,90.000001,12.055000,2.373800,14.759900,542.009092,1.759517,0.009489,1.633480,16.688600,16.688600
ML-KEM-512,8388608,8 MB,18,438.199997,177.800001,12.715600,2.231900,15.563500,514.023195,1.855314,0.009489,2.815562,21.482300,21.482300
ML-KEM-512,8388608,8 MB,19,334.400007,87.900000,16.978500,4.029500,21.430300,373.303220,2.554691,0.009489,1.560407,23.225100,23.225100
ML-KEM-512,8388608,8 MB,21,243.500006,82.900006,14.686200,2.390700,17.403300,459.682934,2.074635,0.009489,1.399160,18.193000,18.193000
ML-KEM-512,8388608,8 MB,22,470.700004,154.900001,14.736700,2.285600,17.647900,453.311725,2.103794,0.009489,2.667173,19.282500,19.282500
ML-KEM-512,8388608,8 MB,23,235.699998,335.000004,11.652900,2.002000,14.225600,562.366438,1.695824,0.009489,1.656872,19.597000,19.597000
ML-KEM-512,8388608,8 MB,24,307.800001,136.499999,12.911200,1.650100,15.005600,533.134296,1.788807,0.009489,2.051234,17.443600,17.443600
ML-KEM-512,8388608,8 MB,25,246.199997,128.799998,11.973500,2.134100,14.482600,552.387002,1.726460,0.009489,1.699971,22.688700,22.688700
ML-KEM-512,8388608,8 MB,26,213.700005,79.899997,11.975200,2.050600,14.319400,558.682626,1.707006,0.009489,1.492381,18.400700,18.400700
ML-KEM-512,8388608,8 MB,27,346.300003,113.000002,13.880500,2.130600,16.470400,485.719837,1.963425,0.009489,2.102560,22.604500,22.604500
ML-KEM-512,8388608,8 MB,28,298.400002,123.800004,15.174100,1.714300,17.310600,462.144582,2.063584,0.009489,1.723799,21.293500,21.293500
ML-KEM-512,8388608,8 MB,30,244.700001,111.599998,14.224400,1.957300,16.538000,483.734430,1.971483,0.009489,1.479623,21.234500,21.234500
ML-KEM-512,8388608,8 MB,31,494.599997,308.000002,13.805300,2.266200,16.874100,474.099359,2.011549,0.009489,2.931119,21.099500,21.099500
ML-KEM-512,8388608,8 MB,32,401.199999,273.099999,15.248400,2.342900,18.265600,437.981780,2.177429,0.009489,2.196479,19.390200,19.390200
ML-KEM-512,8388608,8 MB,33,273.100006,130.399996,13.477600,4.933200,18.814300,425.208485,2.242839,0.009489,1.451555,34.722800,34.722800
ML-KEM-512,8388608,8 MB,34,302.000000,127.499996,12.867900,1.883500,15.180900,526.977979,1.809704,0.009489,1.989342,18.692700,18.692700
ML-KEM-512,8388608,8 MB,35,303.500005,108.499997,12.309500,1.452000,14.173500,564.433626,1.689613,0.009489,2.141320,17.376800,17.376800
ML-KEM-512,8388608,8 MB,36,216.599998,91.700000,11.207200,3.046700,14.562200,549.367541,1.735950,0.009489,1.487413,17.725200,17.725200
ML-KEM-512,8388608,8 MB,37,376.500000,118.800002,12.467600,2.167500,15.130400,528.736848,1.803684,0.009489,2.488368,17.917600,17.917600
ML-KEM-512,8388608,8 MB,38,300.200001,102.400001,11.337300,2.731200,14.471100,552.825977,1.725090,0.009489,2.074479,17.961900,17.961900
ML-KEM-512,8388608,8 MB,39,406.599996,137.999996,12.207600,1.980500,14.732700,543.009767,1.756275,0.009489,2.759847,20.097200,20.097200
ML-KEM-512,8388608,8 MB,40,276.500003,179.899995,16.398500,2.789400,19.644300,407.242813,2.341783,0.009489,1.407533,24.361600,24.361600
ML-KEM-512,8388608,8 MB,41,386.500004,84.600004,12.751200,1.680000,14.902300,536.829885,1.776493,0.009489,2.593559,17.807500,17.807500
ML-KEM-512,8388608,8 MB,42,279.200001,99.600002,10.306600,4.048600,14.734000,542.961857,1.756430,0.009489,1.894937,17.764000,17.764000
ML-KEM-512,8388608,8 MB,43,403.699996,117.099997,12.453600,2.049700,15.024100,532.477819,1.791012,0.009489,2.687016,17.660800,17.660800
ML-KEM-512,8388608,8 MB,44,230.599995,82.899998,11.643800,3.149800,15.107100,529.552330,1.800907,0.009489,1.526435,18.111200,18.111200
ML-KEM-512,8388608,8 MB,45,608.999995,312.799995,13.424900,2.506600,16.853300,474.684483,2.009070,0.009489,3.613536,18.428200,18.428200
ML-KEM-512,8388608,8 MB,46,702.399993,309.400006,13.887500,2.128300,17.027600,469.825460,2.029848,0.009489,4.125067,18.224800,18.224800
ML-KEM-512,8388608,8 MB,47,219.200003,84.300002,12.552800,2.897100,15.753400,507.826882,1.877952,0.009489,1.391446,23.791000,23.791000
ML-KEM-512,8388608,8 MB,48,315.900004,123.500002,16.773500,3.802400,21.015300,380.675032,2.505219,0.009489,1.503191,25.705400,25.705400
ML-KEM-512,8388608,8 MB,49,245.900002,106.899999,10.604300,3.682900,14.640000,546.448088,1.745224,0.009489,1.679645,20.674100,20.674100
ML-KEM-512,8388608,8 MB,50,1830.499998,183.600001,14.342500,3.847500,20.204100,395.959236,2.408516,0.009489,9.060042,20.431200,20.431200
ML-KEM-512,8388608,8 MB,51,278.300002,122.700003,13.496500,2.785100,16.682600,479.541558,1.988721,0.009489,1.668205,18.856000,18.856000
ML-KEM-512,8388608,8 MB,52,281.400004,183.499993,14.967800,3.933800,19.366500,413.084450,2.308667,0.009489,1.453025,20.603700,20.603700
ML-KEM-512,8388608,8 MB,53,846.000003,136.399998,13.842900,2.420000,17.245300,463.894510,2.055800,0.009489,4.905684,19.709200,19.709200
ML-KEM-512,8388608,8 MB,54,254.300001,110.000001,15.858100,1.535600,17.758000,450.501183,2.116919,0.009489,1.432031,19.579000,19.579000
ML-KEM-512,8388608,8 MB,57,275.900005,117.900003,14.740100,1.885500,17.019400,470.051823,2.028871,0.009489,1.621091,24.682600,24.682600
ML-KEM-512,8388608,8 MB,58,739.999996,316.899997,14.398200,1.919600,17.374700,460.439605,2.071226,0.009489,4.259066,18.350800,18.350800
ML-KEM-512,8388608,8 MB,59,260.699999,116.800002,15.950800,1.971900,18.300200,437.153692,2.181554,0.009489,1.424575,21.658500,21.658500
ML-KEM-512,8388608,8 MB,60,366.199994,123.900005,14.126900,2.208400,16.825400,475.471608,2.005744,0.009489,2.176471,19.857800,19.857800
ML-KEM-512,8388608,8 MB,61,349.800001,175.300003,15.886400,2.523200,18.934700,422.504714,2.257192,0.009489,1.847402,20.317800,20.317800
ML-KEM-512,8388608,8 MB,62,302.599998,103.900005,14.596400,2.268600,17.271500,463.190806,2.058923,0.009489,1.752019,19.017300,19.017300
ML-KEM-512,8388608,8 MB,63,1047.699996,478.199996,17.037200,1.640900,20.204000,395.961196,2.408504,0.009489,5.185607,18.230500,18.230500
ML-KEM-512,8388608,8 MB,64,363.499996,118.000004,14.045500,2.150900,16.677900,479.676698,1.988161,0.009489,2.179531,23.566300,23.566300
ML-KEM-512,8388608,8 MB,66,980.000004,203.300006,15.630100,3.959500,20.772900,385.117148,2.476323,0.009489,4.717685,18.952200,18.952200
ML-KEM-512,8388608,8 MB,67,267.900003,116.999996,15.209100,4.312000,19.906000,401.888878,2.372980,0.009489,1.345825,18.362200,18.362200
ML-KEM-512,8388608,8 MB,68,337.300000,138.700001,14.825000,2.081000,17.382000,460.246232,2.072096,0.009489,1.940513,23.071700,23.071700
ML-KEM-512,8388608,8 MB,69,401.199999,128.899999,13.417100,1.644900,15.592100,513.080342,1.858723,0.009489,2.573098,19.819500,19.819500
ML-KEM-512,8388608,8 MB,70,307.199996,129.200002,13.680600,2.513400,16.630400,481.046758,1.982498,0.009489,1.847220,19.331000,19.331000
ML-KEM-512,8388608,8 MB,71,375.699994,201.299998,15.832400,2.330200,18.739600,426.903456,2.233934,0.009489,2.004845,27.824900,27.824900
ML-KEM-512,8388608,8 MB,73,538.399996,173.399996,16.190200,1.869700,18.771700,426.173442,2.237761,0.009489,2.868147,20.552400,20.552400
ML-KEM-512,8388608,8 MB,74,267.899995,97.800003,14.980300,2.128600,17.474600,457.807332,2.083135,0.009489,1.533082,23.398300,23.398300
ML-KEM-512,8388608,8 MB,75,451.799999,137.700001,16.053300,1.809800,18.452600,433.543241,2.199721,0.009489,2.448435,20.526000,20.526000
ML-KEM-512,8388608,8 MB,76,430.500004,141.899996,14.250900,1.786700,16.610000,481.637568,1.980066,0.009489,2.591812,19.857300,19.857300
ML-KEM-512,8388608,8 MB,77,352.499999,106.200001,14.299900,2.787100,17.545700,455.952171,2.091610,0.009489,2.009039,19.603000,19.603000
ML-KEM-512,8388608,8 MB,78,241.499998,76.800003,15.890700,1.680100,17.889100,447.199692,2.132547,0.009489,1.349984,23.188300,23.188300
ML-KEM-512,8388608,8 MB,79,413.399997,201.899995,16.533400,2.707000,19.855700,402.906974,2.366984,0.009489,2.082022,20.735000,20.735000
ML-KEM-512,8388608,8 MB,80,554.999999,142.400000,15.958200,2.253900,18.909500,423.067770,2.254188,0.009489,2.935033,24.920900,24.920900
ML-KEM-512,8388608,8 MB,82,426.899998,135.900002,17.514000,2.239800,20.316600,393.766674,2.421927,0.009489,2.101237,21.768100,21.768100
ML-KEM-512,8388608,8 MB,83,355.199998,126.699997,14.590900,2.342000,17.414800,459.379378,2.076006,0.009489,2.039644,26.712300,26.712300
ML-KEM-512,8388608,8 MB,84,406.400002,106.200001,16.515000,2.937100,19.964700,400.707248,2.379978,0.009489,2.035593,26.178300,26.178300
ML-KEM-512,8388608,8 MB,85,278.699998,94.700001,15.255200,2.351600,17.980200,444.933872,2.143407,0.009489,1.550038,17.720600,17.720600
ML-KEM-512,8388608,8 MB,86,247.500000,84.200001,11.267600,2.818900,14.418200,554.854281,1.718783,0.009489,1.716580,21.635500,21.635500
ML-KEM-512,8388608,8 MB,87,409.200002,123.600003,12.162100,1.595900,14.290800,559.800711,1.703596,0.009489,2.863381,18.203900,18.203900
ML-KEM-512,8388608,8 MB,88,273.700003,83.899999,11.645800,2.575700,14.579100,548.730717,1.737964,0.009489,1.877345,21.840600,21.840600
ML-KEM-512,8388608,8 MB,89,672.000002,289.700001,17.003600,2.590400,20.555700,389.186454,2.450430,0.009489,3.269166,18.098800,18.098800
ML-KEM-512,8388608,8 MB,90,406.200001,118.800002,12.638500,1.513800,14.677300,545.059377,1.749671,0.009489,2.767539,17.088100,17.088100
ML-KEM-512,8388608,8 MB,91,355.800003,119.400000,13.052600,1.668200,15.196000,526.454330,1.811504,0.009489,2.341406,17.862900,17.862900
ML-KEM-512,8388608,8 MB,92,389.699999,132.200003,15.053500,2.101500,17.676900,452.568041,2.107251,0.009489,2.204572,20.219100,20.219100
ML-KEM-512,8388608,8 MB,93,279.799999,120.700002,12.920000,1.860900,15.181400,526.960623,1.809764,0.009489,1.843045,19.154800,19.154800
ML-KEM-512,8388608,8 MB,94,351.999995,140.999997,11.974000,3.089900,15.556900,514.241269,1.854527,0.009489,2.262662,20.546300,20.546300
ML-KEM-512,8388608,8 MB,95,399.200006,124.799997,14.088900,1.450400,16.063300,498.029670,1.914895,0.009489,2.485168,20.168400,20.168400
ML-KEM-512,8388608,8 MB,96,443.099998,129.900000,15.329900,2.250200,18.153100,440.696080,2.164018,0.009489,2.440905,19.182500,19.182500
ML-KEM-512,8388608,8 MB,97,379.599995,116.900002,12.729600,2.200900,15.427000,518.571336,1.839042,0.009489,2.460621,21.436000,21.436000
ML-KEM-512,8388608,8 MB,98,407.799998,145.499995,17.165800,1.892300,19.611400,407.926002,2.337861,0.009489,2.079403,25.680000,25.680000
ML-KEM-512,8388608,8 MB,99,293.900004,125.499995,15.813200,2.011200,18.243800,438.505136,2.174830,0.009489,1.610958,26.209800,26.209800
ML-KEM-512,8388608,8 MB,100,386.899999,131.999994,13.142200,2.563400,16.224500,493.081451,1.934111,0.009489,2.384665,21.332900,21.332900
ML-KEM-512,8388608,8 MB,101,202.900002,83.400002,13.596700,2.149800,16.032800,498.977097,1.911259,0.009489,1.265531,21.120000,21.120000
ML-KEM-512,8388608,8 MB,102,206.500001,81.899998,13.207600,2.087300,15.583300,513.370082,1.857674,0.009489,1.325137,18.690900,18.690900
ML-KEM-512,8388608,8 MB,103,356.400000,111.800000,15.025200,2.115800,17.609200,454.307975,2.099180,0.009489,2.023942,21.079500,21.079500
ML-KEM-512,8388608,8 MB,104,353.500000,121.700003,17.285600,3.605100,21.365900,374.428412,2.547014,0.009489,1.654506,19.631300,19.631300
ML-KEM-512,8388608,8 MB,105,389.800000,124.600003,15.792000,4.297300,20.603700,388.279775,2.456152,0.009489,1.891893,20.230900,20.230900
ML-KEM-512,8388608,8 MB,106,222.099996,91.700000,16.708800,4.551600,21.574200,370.813286,2.571845,0.009489,1.029470,22.167900,22.167900
ML-KEM-512,8388608,8 MB,107,468.999999,142.300007,14.863200,2.995000,18.469500,433.146539,2.201736,0.009489,2.539322,18.002700,18.002700
ML-KEM-512,8388608,8 MB,108,230.899997,96.099997,11.585400,2.320100,14.232500,562.093799,1.696646,0.009489,1.622343,22.888500,22.888500
ML-KEM-512,8388608,8 MB,109,316.000005,122.099998,14.714400,2.961300,18.113800,441.652221,2.159333,0.009489,1.744526,18.960900,18.960900
ML-KEM-512,8388608,8 MB,110,422.599995,128.200001,16.773500,2.541000,19.865300,402.712267,2.368128,0.009489,2.127328,17.910800,17.910800
ML-KEM-512,8388608,8 MB,111,299.100000,120.699995,14.192200,2.218600,16.830600,475.324706,2.006364,0.009489,1.777120,22.182000,22.182000
ML-KEM-512,8388608,8 MB,112,267.700001,101.599995,12.101200,2.101700,14.572200,548.990544,1.737142,0.009489,1.837060,18.336400,18.336400
ML-KEM-512,8388608,8 MB,113,555.500003,263.400005,11.986200,1.971600,14.776700,541.392868,1.761520,0.009489,3.759297,17.156500,17.156500
ML-KEM-512,8388608,8 MB,114,353.500000,124.900005,12.145500,1.840500,14.464400,553.082050,1.724291,0.009489,2.443931,47.349300,47.349300
ML-KEM-512,8388608,8 MB,115,219.499998,83.500003,12.877600,1.490700,14.671300,545.282286,1.748955,0.009489,1.496118,19.436300,19.436300
ML-KEM-512,8388608,8 MB,116,271.099998,101.300000,11.719900,1.931100,14.023400,570.475063,1.671720,0.009489,1.933197,18.554000,18.554000
ML-KEM-512,8388608,8 MB,117,279.600004,91.399997,12.907700,2.947200,16.225900,493.038907,1.934278,0.009489,1.723171,19.161900,19.161900
ML-KEM-512,8388608,8 MB,118,295.700003,98.199998,15.095000,2.334200,17.823100,448.855699,2.124679,0.009489,1.659083,18.427200,18.427200
ML-KEM-512,8388608,8 MB,119,573.700003,167.600003,14.052100,1.788200,16.581600,482.462489,1.976681,0.009489,3.459859,17.325200,17.325200
ML-KEM-512,8388608,8 MB,120,241.499998,84.899999,11.675900,2.142600,14.144900,565.574871,1.686203,0.009489,1.707329,16.315800,16.315800
ML-KEM-512,8388608,8 MB,123,269.199998,159.199997,14.924700,1.482800,16.835900,475.175072,2.006996,0.009489,1.598964,16.855200,16.855200
ML-KEM-512,8388608,8 MB,124,239.800000,80.300000,11.237000,2.506700,14.063800,568.836303,1.676536,0.009489,1.705087,17.634300,17.634300
ML-KEM-512,8388608,8 MB,125,408.000000,127.799998,13.553600,2.305100,16.394500,487.968526,1.954377,0.009489,2.488639,16.829700,16.829700
ML-KEM-512,8388608,8 MB,126,216.100001,83.100000,11.618700,2.867700,14.785600,541.066984,1.762581,0.009489,1.461557,21.367200,21.367200
ML-KEM-512,8388608,8 MB,127,792.200000,243.600000,12.774400,2.071200,15.881400,503.733928,1.893210,0.009489,4.988225,17.276100,17.276100
ML-KEM-512,8388608,8 MB,128,481.000003,129.999993,12.241600,1.503000,14.355600,557.273817,1.711321,0.009489,3.350609,18.218000,18.218000
ML-KEM-512,8388608,8 MB,129,405.399995,187.699996,12.766100,2.800000,16.159200,495.074014,1.926327,0.009489,2.508788,21.513800,21.513800
ML-KEM-512,8388608,8 MB,130,1170.500000,248.199998,14.522000,3.163300,19.104000,418.760469,2.277374,0.009489,6.126989,19.655400,19.655400
ML-KEM-512,8388608,8 MB,131,300.100000,814.699997,14.482600,2.411100,18.008500,444.234667,2.146780,0.009489,1.666435,17.490500,17.490500
ML-KEM-512,8388608,8 MB,132,357.899997,118.900003,13.371800,2.064200,15.912800,502.739933,1.896954,0.009489,2.249133,19.824700,19.824700
ML-KEM-512,8388608,8 MB,134,253.899998,87.000000,17.500500,2.012000,19.853400,402.953650,2.366710,0.009489,1.278874,16.330300,16.330300
ML-KEM-512,8388608,8 MB,135,304.300003,105.200001,13.252500,2.079700,15.741700,508.204324,1.876557,0.009489,1.933082,17.639000,17.639000
ML-KEM-512,8388608,8 MB,136,435.200003,159.300005,12.223100,2.319100,15.136700,528.516784,1.804435,0.009489,2.875131,18.941600,18.941600
ML-KEM-512,8388608,8 MB,137,379.600002,129.100001,12.503800,2.183000,15.195500,526.471653,1.811445,0.009489,2.498108,17.550100,17.550100
ML-KEM-512,8388608,8 MB,138,409.599998,164.799996,12.689300,2.364200,15.627900,511.904990,1.862991,0.009489,2.620954,20.649300,20.649300
ML-KEM-512,8388608,8 MB,140,462.999997,99.999997,11.242000,2.558500,14.363500,556.967313,1.712263,0.009489,3.223448,19.058500,19.058500
ML-KEM-512,8388608,8 MB,141,276.399995,122.000005,12.278400,2.345300,15.022100,532.548712,1.790774,0.009489,1.839956,18.666400,18.666400
ML-KEM-512,8388608,8 MB,142,278.899999,118.600001,13.634000,1.523200,15.554700,514.314002,1.854265,0.009489,1.793027,17.917700,17.917700
ML-KEM-512,8388608,8 MB,143,278.799998,123.100006,15.807100,1.737000,17.946000,445.781790,2.139330,0.009489,1.553550,20.201100,20.201100
ML-KEM-512,8388608,8 MB,144,287.600000,120.500001,14.108800,2.297800,16.814700,475.774174,2.004468,0.009489,1.710408,19.620000,19.620000
ML-KEM-512,8388608,8 MB,145,348.900001,131.200002,13.220500,1.727100,15.427700,518.547807,1.839125,0.009489,2.261517,18.354300,18.354300
ML-KEM-512,8388608,8 MB,146,367.300003,140.099997,11.675200,2.964800,15.147400,528.143444,1.805711,0.009489,2.424839,18.483700,18.483700
ML-KEM-512,8388608,8 MB,147,398.400007,123.900005,11.893000,2.299100,14.714400,543.685098,1.754093,0.009489,2.707552,18.333300,18.333300
ML-KEM-512,8388608,8 MB,148,315.600002,115.900002,12.161900,2.718200,15.311600,522.479689,1.825285,0.009489,2.061182,18.510300,18.510300
ML-KEM-512,8388608,8 MB,149,480.200004,231.300000,12.448000,1.894000,15.053500,531.437872,1.794517,0.009489,3.189956,20.411600,20.411600
ML-KEM-512,8388608,8 MB,150,651.599999,138.500000,13.643700,2.190500,16.624300,481.223270,1.981771,0.009489,3.919564,17.982100,17.982100
ML-KEM-512,8388608,8 MB,151,365.900007,124.300001,12.519700,2.791200,15.801100,506.293866,1.883638,0.009489,2.315662,19.429700,19.429700
ML-KEM-512,8388608,8 MB,152,563.499998,264.700000,12.108900,1.365900,14.303000,559.323219,1.705050,0.009489,3.939733,15.410800,15.410800
ML-KEM-512,8388608,8 MB,153,296.599996,204.500000,12.307700,1.449300,14.258100,561.084576,1.699698,0.009489,2.080221,20.774300,20.774300
ML-KEM-512,8388608,8 MB,154,272.099998,102.600003,15.259100,1.579800,17.213600,464.748803,2.052021,0.009489,1.580727,18.366300,18.366300
ML-KEM-512,8388608,8 MB,157,376.200005,120.400000,11.660700,1.847400,14.004700,571.236799,1.669490,0.009489,2.686241,18.662400,18.662400
ML-KEM-512,8388608,8 MB,158,279.799999,115.900002,14.163800,1.507600,16.067100,497.911882,1.915348,0.009489,1.741447,16.791700,16.791700
ML-KEM-512,8388608,8 MB,160,274.099999,116.199997,13.457200,2.059800,15.907300,502.913757,1.896298,0.009489,1.723108,18.897600,18.897600
ML-KEM-512,8388608,8 MB,161,386.599997,125.599996,12.182700,3.035000,15.729900,508.585560,1.875150,0.009489,2.457740,22.405900,22.405900
ML-KEM-512,8388608,8 MB,162,457.299997,131.399996,17.787700,2.374600,20.751000,385.523589,2.473712,0.009489,2.203749,24.151100,24.151100
ML-KEM-512,8388608,8 MB,163,295.800004,123.600003,13.439900,2.451100,16.310400,490.484599,1.944351,0.009489,1.813567,18.211700,18.211700
ML-KEM-512,8388608,8 MB,164,211.800005,88.599998,12.656800,2.538900,15.496100,516.258930,1.847279,0.009489,1.366796,17.730200,17.730200
ML-KEM-512,8388608,8 MB,165,390.699999,120.599994,12.923300,2.344100,15.778700,507.012618,1.880968,0.009489,2.476123,19.757600,19.757600
ML-KEM-512,8388608,8 MB,166,283.300004,123.800004,13.945300,1.583600,15.936000,502.008032,1.899719,0.009489,1.777736,22.862300,22.862300
ML-KEM-512,8388608,8 MB,167,206.999997,82.500002,12.861700,2.565000,15.716200,509.028900,1.873517,0.009489,1.317112,17.468500,17.468500
ML-KEM-512,8388608,8 MB,168,1051.699997,119.900003,12.058200,2.180200,15.410000,519.143413,1.837015,0.009489,6.824789,20.338000,20.338000
ML-KEM-512,8388608,8 MB,169,636.699995,276.300001,14.622800,2.172600,17.708400,451.763005,2.111006,0.009489,3.595469,21.189700,21.189700
ML-KEM-512,8388608,8 MB,170,549.700002,309.600000,14.593200,2.448200,17.900700,446.909897,2.133930,0.009489,3.070830,20.929400,20.929400
ML-KEM-512,8388608,8 MB,171,605.900001,273.099999,14.945700,2.538400,18.363100,435.656289,2.189052,0.009489,3.299552,21.246500,21.246500
ML-KEM-512,8388608,8 MB,172,229.000005,81.899998,14.787400,2.234700,17.333000,461.547337,2.066255,0.009489,1.321179,19.527400,19.527400
ML-KEM-512,8388608,8 MB,173,562.699999,142.899997,13.086900,1.925600,15.718100,508.967369,1.873744,0.009489,3.579949,20.244600,20.244600
ML-KEM-512,8388608,8 MB,174,426.400002,139.999996,13.845700,3.097900,17.510000,456.881782,2.087355,0.009489,2.435180,18.542400,18.542400
ML-KEM-512,8388608,8 MB,175,524.600000,102.899998,16.983200,2.492100,20.102800,397.954514,2.396441,0.009489,2.609587,18.503800,18.503800
ML-KEM-512,8388608,8 MB,176,439.800002,114.899995,13.528000,1.426400,15.509100,515.826192,1.848829,0.009489,2.835755,18.009800,18.009800
ML-KEM-512,8388608,8 MB,178,468.400001,188.200000,14.651500,2.276700,17.584800,454.938356,2.096272,0.009489,2.663664,17.481400,17.481400
ML-KEM-512,8388608,8 MB,179,395.499999,193.000000,17.283000,1.787600,19.659100,406.936228,2.343547,0.009489,2.011791,20.295400,20.295400
ML-KEM-512,8388608,8 MB,180,377.500000,102.699996,11.737100,2.345100,14.562400,549.359996,1.735973,0.009489,2.592292,19.396900,19.396900
ML-KEM-512,8388608,8 MB,181,336.400000,126.100000,12.731500,2.266000,15.460000,517.464424,1.842976,0.009489,2.175938,17.744300,17.744300
ML-KEM-512,8388608,8 MB,182,406.599996,136.600000,11.858000,3.183300,15.584500,513.330553,1.857817,0.009489,2.609003,17.891700,17.891700
ML-KEM-512,8388608,8 MB,183,237.499997,82.300001,12.732100,1.444100,14.496000,551.876380,1.728058,0.009489,1.638383,19.135400,19.135400
ML-KEM-512,8388608,8 MB,184,463.999997,147.000006,12.215600,2.929300,15.755900,507.746305,1.878250,0.009489,2.944929,18.598500,18.598500
ML-KEM-512,8388608,8 MB,185,284.399997,123.100006,13.314600,1.501700,15.223800,525.492978,1.814818,0.009489,1.868128,17.605900,17.605900
ML-KEM-512,8388608,8 MB,186,258.400003,84.100000,13.621200,1.784400,15.748100,507.997790,1.877320,0.009489,1.640833,17.511400,17.511400
ML-KEM-512,8388608,8 MB,187,414.399998,116.299998,12.964500,1.703700,15.198900,526.353881,1.811850,0.009489,2.726513,17.168300,17.168300
ML-KEM-512,8388608,8 MB,188,245.000003,85.899999,11.127300,2.967900,14.426100,554.550433,1.719725,0.009489,1.698311,18.703000,18.703000
ML-KEM-512,8388608,8 MB,189,352.499999,123.600003,12.558600,1.698800,14.733500,542.980283,1.756370,0.009489,2.392507,18.698400,18.698400
ML-KEM-512,8388608,8 MB,190,348.400004,143.500001,17.663900,2.356500,20.512300,390.009897,2.445257,0.009489,1.698493,28.018000,28.018000
ML-KEM-512,8388608,8 MB,192,253.499995,92.499999,12.559700,3.312100,16.217800,493.285156,1.933312,0.009489,1.563097,17.567600,17.567600
ML-KEM-512,8388608,8 MB,193,226.600001,77.600002,13.644300,2.525300,16.473800,485.619590,1.963830,0.009489,1.375517,18.746800,18.746800
ML-KEM-512,8388608,8 MB,194,370.399997,120.700002,12.345000,1.743700,14.579800,548.704372,1.738048,0.009489,2.540501,17.800100,17.800100
ML-KEM-512,8388608,8 MB,195,234.499996,85.799998,13.239100,2.339000,15.898400,503.195290,1.895237,0.009489,1.474991,17.741900,17.741900
ML-KEM-512,8388608,8 MB,196,205.899996,80.699996,12.559300,2.866700,15.712600,509.145527,1.873088,0.009489,1.310413,18.597100,18.597100
ML-KEM-512,8388608,8 MB,198,232.399994,81.999999,14.333800,1.427300,16.075500,497.651706,1.916349,0.009489,1.445678,16.787200,16.787200
ML-KEM-512,8388608,8 MB,200,391.599999,115.900002,13.561100,1.953100,16.021700,499.322793,1.909935,0.009489,2.444185,18.074100,18.074100
ML-KEM-512,8388608,8 MB,201,323.699998,150.699998,11.200400,4.091200,15.766000,507.421032,1.879454,0.009489,2.053152,19.067700,19.067700
ML-KEM-512,8388608,8 MB,202,315.999998,118.500000,17.439700,2.793500,20.667700,387.077420,2.463782,0.009489,1.528956,24.090900,24.090900
ML-KEM-512,8388608,8 MB,203,556.400002,148.100000,17.527300,1.666400,19.898200,402.046416,2.372050,0.009489,2.796233,22.760100,22.760100
ML-KEM-512,8388608,8 MB,204,276.500003,119.199998,16.827900,2.265900,19.489500,410.477437,2.323329,0.009489,1.418713,23.483600,23.483600
ML-KEM-512,8388608,8 MB,206,270.700002,123.400001,15.101300,1.635000,17.130400,467.006024,2.042103,0.009489,1.580232,19.487100,19.487100
ML-KEM-512,8388608,8 MB,207,200.299997,78.499994,15.377700,2.171700,17.828200,448.727297,2.125287,0.009489,1.123501,20.928900,20.928900
ML-KEM-512,8388608,8 MB,208,274.999999,116.900002,16.862200,2.838500,20.092600,398.156535,2.395225,0.009489,1.368663,19.815400,19.815400
ML-KEM-512,8388608,8 MB,209,384.999999,137.300005,15.910100,1.531100,17.963500,445.347510,2.141416,0.009489,2.143235,22.867300,22.867300
ML-KEM-512,8388608,8 MB,210,269.500000,114.499999,16.319400,2.849600,19.553000,409.144377,2.330899,0.009489,1.378305,24.771600,24.771600
ML-KEM-512,8388608,8 MB,211,259.599998,114.199996,15.486200,2.528200,18.388200,435.061616,2.192044,0.009489,1.411775,24.883600,24.883600
ML-KEM-512,8388608,8 MB,212,245.700001,164.499994,11.478900,4.699800,16.588900,482.250179,1.977551,0.009489,1.481111,18.039500,18.039500
ML-KEM-512,8388608,8 MB,213,242.199996,87.699998,14.735100,2.701100,17.766100,450.295788,2.117884,0.009489,1.363270,25.267400,25.267400
ML-KEM-512,8388608,8 MB,214,190.499995,79.199999,14.582800,1.602200,16.454700,486.183279,1.961553,0.009489,1.157724,21.724800,21.724800
ML-KEM-512,8388608,8 MB,215,350.800001,119.700002,14.913500,1.764900,17.148900,466.502225,2.044308,0.009489,2.045612,17.806600,17.806600
ML-KEM-512,8388608,8 MB,216,302.400003,93.700000,16.084100,1.753700,18.233900,438.743220,2.173650,0.009489,1.658449,20.454600,20.454600
ML-KEM-512,8388608,8 MB,217,270.500001,95.700001,14.462600,1.679700,16.508500,484.598843,1.967967,0.009489,1.638550,20.513400,20.513400
ML-KEM-512,8388608,8 MB,218,533.700004,153.900000,12.478100,3.630400,16.796100,476.301046,2.002251,0.009489,3.177523,19.127000,19.127000
ML-KEM-512,8388608,8 MB,219,308.800001,115.700001,14.290800,1.685900,16.401200,487.769188,1.955175,0.009489,1.882789,18.489300,18.489300
ML-KEM-512,8388608,8 MB,220,250.699995,115.900002,13.643600,1.511100,15.521300,515.420745,1.850283,0.009489,1.615200,20.169100,20.169100
ML-KEM-512,8388608,8 MB,221,248.199998,91.100002,12.050500,2.867500,15.257300,524.339169,1.818812,0.009489,1.626762,18.356500,18.356500
ML-KEM-512,8388608,8 MB,222,247.099997,112.400005,13.346500,1.940500,15.646500,511.296456,1.865208,0.009489,1.579267,18.550900,18.550900
ML-KEM-512,8388608,8 MB,223,348.200003,106.200001,18.219700,2.816500,21.490600,372.255777,2.561879,0.009489,1.620243,20.548600,20.548600
ML-KEM-512,8388608,8 MB,224,354.299998,135.200004,14.705700,1.941100,17.136300,466.845235,2.042806,0.009489,2.067541,23.187400,23.187400
ML-KEM-512,8388608,8 MB,225,317.300000,96.100004,17.489700,2.863500,20.766600,385.233982,2.475572,0.009489,1.527934,32.070700,32.070700
ML-KEM-512,8388608,8 MB,226,269.500000,98.500001,14.503800,1.954700,16.826500,475.440525,2.005875,0.009489,1.601640,23.905100,23.905100
ML-KEM-512,8388608,8 MB,227,261.299996,151.699998,14.470900,2.938500,17.822400,448.873328,2.124596,0.009489,1.466132,20.190200,20.190200
ML-KEM-512,8388608,8 MB,228,208.300000,82.500002,12.248600,2.527000,15.066400,530.982849,1.796055,0.009489,1.382547,17.673700,17.673700
ML-KEM-512,8388608,8 MB,229,349.000002,113.700000,12.268700,2.578200,15.309600,522.547944,1.825047,0.009489,2.279615,18.304900,18.304900
ML-KEM-512,8388608,8 MB,230,331.500007,124.700004,12.519300,1.703000,14.678500,545.014817,1.749814,0.009489,2.258405,20.297700,20.297700
ML-KEM-512,8388608,8 MB,231,347.299996,154.800000,17.148800,3.120200,20.771100,385.150522,2.476108,0.009489,1.672035,22.107900,22.107900
ML-KEM-512,8388608,8 MB,232,599.200001,174.399996,15.677300,2.348300,18.799200,425.550023,2.241039,0.009489,3.187370,24.382200,24.382200
ML-KEM-512,8388608,8 MB,233,389.600005,142.900004,15.813800,2.621200,18.967500,421.774087,2.261102,0.009489,2.054040,21.939900,21.939900
ML-KEM-512,8388608,8 MB,234,404.900005,161.899996,13.607700,2.352100,16.526600,484.068108,1.970124,0.009489,2.449990,20.478000,20.478000
ML-KEM-512,8388608,8 MB,235,285.100003,121.499994,15.592000,1.640800,17.639400,453.530165,2.102780,0.009489,1.616268,16.477900,16.477900
ML-KEM-512,8388608,8 MB,236,463.400000,125.699997,12.496300,2.805500,15.890900,503.432782,1.894343,0.009489,2.916134,18.030100,18.030100
ML-KEM-512,8388608,8 MB,237,260.900000,114.100003,14.251000,2.065600,16.691600,479.282993,1.989794,0.009489,1.563062,18.208400,18.208400
ML-KEM-512,8388608,8 MB,238,210.899998,80.999998,14.215300,1.539500,16.046700,498.544872,1.912916,0.009489,1.314289,17.752500,17.752500
ML-KEM-512,8388608,8 MB,239,282.900000,124.000006,12.675900,1.871800,14.954600,534.952456,1.782727,0.009489,1.891726,22.055400,22.055400
ML-KEM-512,8388608,8 MB,240,337.300000,85.299995,14.545700,2.721500,17.689800,452.238013,2.108788,0.009489,1.906749,18.541600,18.541600
ML-KEM-512,8388608,8 MB,241,335.199999,250.900004,14.377700,2.403000,17.366800,460.649055,2.070284,0.009489,1.930120,18.309400,18.309400
ML-KEM-512,8388608,8 MB,242,429.899999,93.800001,18.172100,2.237300,20.933100,382.169865,2.495420,0.009489,2.053685,24.033100,24.033100
ML-KEM-512,8388608,8 MB,243,206.400000,80.300000,16.634100,1.465100,18.385900,435.116040,2.191770,0.009489,1.122599,22.503800,22.503800
ML-KEM-512,8388608,8 MB,244,278.800006,120.400000,15.770800,2.538500,18.708500,427.613117,2.230227,0.009489,1.490232,23.553000,23.553000
ML-KEM-512,8388608,8 MB,245,202.200004,79.799996,13.199300,3.094800,16.576100,482.622571,1.976025,0.009489,1.219829,20.984000,20.984000
ML-KEM-512,8388608,8 MB,246,687.700005,300.799999,15.496400,2.504900,18.989800,421.278792,2.263761,0.009489,3.621418,22.942600,22.942600
ML-KEM-512,8388608,8 MB,247,279.100001,119.700002,15.104000,1.626700,17.129500,467.030561,2.041996,0.009489,1.629353,19.301900,19.301900
ML-KEM-512,8388608,8 MB,248,237.200002,85.600004,14.858100,1.999600,17.180500,465.644190,2.048075,0.009489,1.380635,17.363100,17.363100
ML-KEM-512,8388608,8 MB,249,326.599999,123.099999,12.613300,2.012100,15.075100,530.676413,1.797092,0.009489,2.166486,20.363400,20.363400
ML-KEM-512,8388608,8 MB,250,337.400001,123.600003,13.704600,2.423100,16.588700,482.255994,1.977527,0.009489,2.033915,17.977400,17.977400
ML-KEM-512,8388608,8 MB,251,478.800001,172.100001,13.982400,2.052600,16.685900,479.446719,1.989114,0.009489,2.869489,18.578400,18.578400
ML-KEM-512,8388608,8 MB,252,394.700000,133.900001,12.207300,2.056300,14.792200,540.825570,1.763368,0.009489,2.668298,18.515400,18.515400
ML-KEM-512,8388608,8 MB,253,550.299999,139.500000,12.383900,2.438100,15.511800,515.736407,1.849151,0.009489,3.547622,18.479000,18.479000
ML-KEM-512,8388608,8 MB,254,481.600000,135.199996,16.300700,4.614800,21.532300,371.534857,2.566850,0.009489,2.236640,19.048400,19.048400
ML-KEM-512,8388608,8 MB,255,1567.799998,142.400000,16.647900,2.072000,20.430100,391.579092,2.435458,0.009489,7.673971,22.487200,22.487200
ML-KEM-512,8388608,8 MB,256,280.600005,162.900003,18.534300,1.920500,20.898300,382.806257,2.491271,0.009489,1.342693,22.038000,22.038000
ML-KEM-512,8388608,8 MB,257,338.999998,123.600003,14.632500,2.740900,17.836000,448.531061,2.126217,0.009489,1.900650,17.832600,17.832600
ML-KEM-512,8388608,8 MB,258,246.099997,84.499996,14.922100,2.443900,17.696600,452.064238,2.109599,0.009489,1.390663,19.860800,19.860800
ML-KEM-512,8388608,8 MB,259,379.900004,127.700005,15.074600,2.257600,17.839800,448.435520,2.126670,0.009489,2.129508,21.229300,21.229300
ML-KEM-512,8388608,8 MB,260,396.800002,138.299998,15.233000,2.307100,18.075200,442.595379,2.154732,0.009489,2.195273,24.254000,24.254000
ML-KEM-512,8388608,8 MB,261,388.099994,133.100002,16.403000,3.647500,20.571700,388.883758,2.452338,0.009489,1.886572,21.462100,21.462100
ML-KEM-512,8388608,8 MB,262,264.000002,101.999998,16.028100,2.651300,19.045400,420.048936,2.270389,0.009489,1.386161,23.302000,23.302000
ML-KEM-512,8388608,8 MB,263,558.399995,134.099995,14.934300,2.855500,18.482300,432.846561,2.203262,0.009489,3.021269,21.931000,21.931000
ML-KEM-512,8388608,8 MB,264,321.899999,118.700002,13.227900,1.751100,15.419600,518.820203,1.838160,0.009489,2.087603,20.773600,20.773600
ML-KEM-512,8388608,8 MB,265,212.499996,81.700004,15.548500,1.871300,17.714000,451.620187,2.111673,0.009489,1.199616,20.360300,20.360300
ML-KEM-512,8388608,8 MB,267,380.500001,124.599996,12.655300,1.522900,14.683300,544.836651,1.750386,0.009489,2.591379,19.302600,19.302600
ML-KEM-512,8388608,8 MB,268,522.199996,158.199997,15.912700,2.262900,18.856000,424.268137,2.247810,0.009489,2.769410,18.727600,18.727600
ML-KEM-512,8388608,8 MB,269,432.100001,141.099998,11.715000,2.288300,14.576500,548.828594,1.737654,0.009489,2.964360,19.039500,19.039500
ML-KEM-512,8388608,8 MB,271,613.299999,220.399997,12.789700,2.819400,16.442800,486.535140,1.960135,0.009489,3.729900,17.434900,17.434900
ML-KEM-512,8388608,8 MB,272,507.299999,180.800002,13.102600,2.099600,15.890300,503.451791,1.894271,0.009489,3.192514,21.313600,21.313600
ML-KEM-512,8388608,8 MB,273,570.600001,142.400000,16.714300,1.905100,19.332400,413.813081,2.304602,0.009489,2.951522,25.425100,25.425100
ML-KEM-512,8388608,8 MB,274,486.600002,239.000001,13.137500,2.348100,16.211200,493.485985,1.932526,0.009489,3.001629,19.076000,19.076000
ML-KEM-512,8388608,8 MB,275,267.100004,95.900003,13.982100,2.538700,16.883800,473.826982,2.012706,0.009489,1.581990,19.446100,19.446100
ML-KEM-512,8388608,8 MB,276,327.199996,100.700003,14.122300,1.678700,16.228900,492.947766,1.934636,0.009489,2.016156,17.296700,17.296700
ML-KEM-512,8388608,8 MB,277,343.200001,142.699995,13.292600,1.640900,15.419400,518.826932,1.838136,0.009489,2.225768,20.029400,20.029400
ML-KEM-512,8388608,8 MB,279,394.999995,116.100004,14.219100,2.468500,17.198700,465.151436,2.050245,0.009489,2.296685,17.899700,17.899700
ML-KEM-512,8388608,8 MB,280,372.900002,141.500001,12.523000,1.964700,15.002100,533.258677,1.788390,0.009489,2.485652,17.901500,17.901500
ML-KEM-512,8388608,8 MB,281,419.999997,133.800000,13.223400,1.514200,15.291400,523.169886,1.822877,0.009489,2.746642,17.440000,17.440000
ML-KEM-512,8388608,8 MB,282,361.999999,252.499995,11.816600,2.784500,15.215600,525.776177,1.813841,0.009489,2.379137,18.045400,18.045400
ML-KEM-512,8388608,8 MB,283,233.200000,79.599995,11.371900,2.381800,14.066500,568.727118,1.676857,0.009489,1.657840,18.661200,18.661200
ML-KEM-512,8388608,8 MB,284,281.800007,107.300002,12.619600,3.433000,16.441700,486.567691,1.960003,0.009489,1.713935,19.094400,19.094400
ML-KEM-512,8388608,8 MB,285,610.600000,184.800003,13.279100,2.473100,16.547600,483.453794,1.972628,0.009489,3.689961,19.271900,19.271900
ML-KEM-512,8388608,8 MB,286,388.600005,225.199998,13.568600,2.420000,16.602400,481.858045,1.979160,0.009489,2.340625,18.336300,18.336300
ML-KEM-512,8388608,8 MB,287,245.199997,88.200002,11.063000,3.349400,14.745800,542.527364,1.757836,0.009489,1.662846,20.185200,20.185200
ML-KEM-512,8388608,8 MB,288,488.799997,193.100001,13.540700,1.456900,15.679500,510.220351,1.869142,0.009489,3.117446,20.260900,20.260900
ML-KEM-512,8388608,8 MB,289,224.800002,83.900006,15.633300,2.591100,18.533100,431.660111,2.209318,0.009489,1.212965,25.223100,25.223100
ML-KEM-512,8388608,8 MB,290,206.899997,82.499995,14.371400,2.163200,16.824000,475.511175,2.005577,0.009489,1.229791,18.748100,18.748100
ML-KEM-512,8388608,8 MB,291,233.799998,91.700000,12.794200,1.515500,14.635200,546.627309,1.744652,0.009489,1.597518,18.068800,18.068800
ML-KEM-512,8388608,8 MB,292,639.900005,105.400002,11.643500,3.574400,15.963200,501.152651,1.902962,0.009489,4.008595,18.735700,18.735700
ML-KEM-512,8388608,8 MB,294,268.800002,136.100003,18.843100,2.708400,21.956400,364.358456,2.617407,0.009489,1.224244,20.859700,20.859700
ML-KEM-512,8388608,8 MB,296,564.000002,150.100001,12.067200,1.715200,14.496500,551.857345,1.728117,0.009489,3.890594,17.485200,17.485200
ML-KEM-512,8388608,8 MB,297,425.700004,121.199999,12.318900,1.727700,14.593500,548.189262,1.739681,0.009489,2.917052,18.392000,18.392000
ML-KEM-512,8388608,8 MB,298,307.499999,137.199997,12.079300,1.915700,14.439700,554.028131,1.721346,0.009489,2.129546,19.821100,19.821100
ML-KEM-768,262144,256 KB,2,209.700003,25.399997,0.438900,0.028300,0.702300,355.973231,2.679062,0.425720,29.859035,1.549800,1.549800
ML-KEM-768,262144,256 KB,3,218.199995,66.500004,0.574300,0.020600,0.879600,284.220099,3.355408,0.425720,24.806730,2.082500,2.082500
ML-KEM-768,262144,256 KB,4,204.700002,41.400002,0.381900,0.025400,0.653400,382.614020,2.492523,0.425720,31.328436,1.899900,1.899900
ML-KEM-768,262144,256 KB,5,184.400000,39.699997,0.491300,0.017300,0.732700,341.203768,2.795029,0.425720,25.167190,1.739900,1.739900
ML-KEM-768,262144,256 KB,6,149.000000,39.599996,0.371600,0.021800,0.582000,429.553270,2.220154,0.425720,25.601375,1.528700,1.528700
ML-KEM-768,262144,256 KB,8,152.100001,41.200001,0.451200,0.094500,0.739000,338.294995,2.819061,0.425720,20.581868,1.612000,1.612000
ML-KEM-768,262144,256 KB,9,173.499997,39.400002,0.544200,0.024400,0.781500,319.897630,2.981186,0.425720,22.200895,2.277900,2.277900
ML-KEM-768,262144,256 KB,10,157.399998,42.899999,0.370600,0.022700,0.593600,421.159029,2.264404,0.425720,26.516172,1.613800,1.613800
ML-KEM-768,262144,256 KB,11,148.100000,38.899998,0.468300,0.013400,0.668700,373.859729,2.550888,0.425720,22.147450,1.591600,1.591600
ML-KEM-768,262144,256 KB,13,177.599999,24.000001,0.429900,0.017500,0.649000,385.208011,2.475739,0.425720,27.365177,2.013700,2.013700
ML-KEM-768,262144,256 KB,14,157.899995,39.899998,0.435800,0.093700,0.727300,343.737113,2.774429,0.425720,21.710435,2.191400,2.191400
ML-KEM-768,262144,256 KB,15,160.299998,40.699997,0.395400,0.018800,0.615200,406.371912,2.346802,0.425720,26.056567,2.490500,2.490500
ML-KEM-768,262144,256 KB,16,151.499997,40.899999,0.364200,0.020300,0.576900,433.350663,2.200699,0.425720,26.261050,1.872000,1.872000
ML-KEM-768,262144,256 KB,17,198.300004,44.499997,0.485600,0.048900,0.777300,321.626143,2.965164,0.425720,25.511386,1.950100,1.950100
ML-KEM-768,262144,256 KB,18,150.000000,38.700004,0.347400,0.019300,0.555400,450.126040,2.118683,0.425720,27.007562,2.057600,2.057600
ML-KEM-768,262144,256 KB,19,156.800001,40.699997,0.354200,0.015100,0.566800,441.072693,2.162170,0.425720,27.664079,2.613700,2.613700
ML-KEM-768,262144,256 KB,20,393.900002,64.699998,0.480400,0.037000,0.976000,256.147540,3.723145,0.425720,40.358607,2.994600,2.994600
ML-KEM-768,262144,256 KB,21,152.000001,40.899999,0.466300,0.014200,0.673400,371.250372,2.568817,0.425720,22.572023,2.616300,2.616300
ML-KEM-768,262144,256 KB,22,174.300003,40.599996,0.355600,0.022500,0.593000,421.585162,2.262115,0.425720,29.392918,2.309600,2.309600
ML-KEM-768,262144,256 KB,23,273.800004,54.100004,0.390300,0.018900,0.737100,339.167008,2.811813,0.425720,37.145571,1.748500,1.748500
ML-KEM-768,262144,256 KB,24,249.299999,50.700000,0.683200,0.161200,1.144400,218.455086,4.365540,0.425720,21.784341,3.601100,3.601100
ML-KEM-768,262144,256 KB,25,199.400005,43.499997,0.367300,0.017400,0.627600,398.342894,2.394104,0.425720,31.771830,2.530600,2.530600
ML-KEM-768,262144,256 KB,26,265.000002,43.399996,0.595200,0.025300,0.928900,269.135536,3.543472,0.425720,28.528367,2.015800,2.015800
ML-KEM-768,262144,256 KB,27,144.800004,39.700004,0.476100,0.013700,0.674300,370.754858,2.572250,0.425720,21.474122,3.903300,3.903300
ML-KEM-768,262144,256 KB,28,262.900001,61.400002,0.604700,0.041000,0.970000,257.731959,3.700256,0.425720,27.103093,3.401400,3.401400
ML-KEM-768,262144,256 KB,29,195.400004,44.900000,0.366500,0.017600,0.624400,400.384372,2.381897,0.425720,31.294043,3.052800,3.052800
ML-KEM-768,262144,256 KB,30,241.100002,54.300006,0.520400,0.122100,0.937900,266.552938,3.577805,0.425720,25.706366,1.954500,1.954500
ML-KEM-768,262144,256 KB,31,470.899999,60.900005,1.015300,0.028100,1.575200,158.710005,6.008911,0.425720,29.894616,2.898700,2.898700
ML-KEM-768,262144,256 KB,32,214.600004,51.700001,0.772200,0.025200,1.063700,235.028673,4.057693,0.425720,20.174862,2.973800,2.973800
ML-KEM-768,262144,256 KB,33,151.599997,40.800005,0.426000,0.014300,0.632700,395.131978,2.413559,0.425720,23.960803,1.686200,1.686200
ML-KEM-768,262144,256 KB,34,141.400000,27.499998,0.712300,0.022500,0.903700,276.640476,3.447342,0.425720,15.646785,2.398100,2.398100
ML-KEM-768,262144,256 KB,36,184.400000,44.000000,0.380400,0.098800,0.707600,353.306955,2.699280,0.425720,26.059921,2.343500,2.343500
ML-KEM-768,262144,256 KB,37,191.699997,46.300003,0.480200,0.020600,0.738800,338.386572,2.818298,0.425720,25.947482,1.793500,1.793500
ML-KEM-768,262144,256 KB,40,578.300002,94.399998,0.856800,0.106900,1.636400,152.774382,6.242371,0.425720,35.339770,8.723900,8.723900
ML-KEM-768,262144,256 KB,41,356.500001,86.100001,0.619100,0.026200,1.087900,229.800532,4.150009,0.425720,32.769556,7.424500,7.424500
ML-KEM-768,262144,256 KB,43,432.400004,58.400001,0.627300,0.026100,1.144200,218.493271,4.364777,0.425720,37.790597,4.296500,4.296500
ML-KEM-768,262144,256 KB,44,243.299997,63.100000,0.536100,0.024200,0.866700,288.450444,3.306198,0.425720,28.071997,1.694000,1.694000
ML-KEM-768,262144,256 KB,48,160.299998,52.100004,0.354600,0.095800,0.662800,377.187686,2.528381,0.425720,24.185274,2.159900,2.159900
ML-KEM-768,262144,256 KB,49,198.700000,55.900004,0.413700,0.016200,0.684500,365.230094,2.611160,0.425720,29.028488,1.878800,1.878800
ML-KEM-768,262144,256 KB,50,437.699993,122.999998,0.608600,0.033800,1.203100,207.796526,4.589462,0.425720,36.381015,4.358500,4.358500
ML-KEM-768,262144,256 KB,51,287.000003,59.099999,0.864900,0.043200,1.254200,199.330251,4.784393,0.425720,22.883113,1.872300,1.872300
ML-KEM-768,262144,256 KB,52,142.299999,41.799998,0.359400,0.022300,0.565800,441.852244,2.158356,0.425720,25.150230,1.669600,1.669600
ML-KEM-768,262144,256 KB,53,219.599999,56.999997,0.415600,0.022700,0.714900,349.699258,2.727127,0.425720,30.717583,2.100700,2.100700
ML-KEM-768,262144,256 KB,54,254.900006,52.099997,0.518600,0.112900,0.938500,266.382525,3.580093,0.425720,27.160363,3.210600,3.210600
ML-KEM-768,262144,256 KB,55,183.700002,92.800001,0.385400,0.017100,0.679000,368.188514,2.590179,0.425720,27.054492,2.547000,2.547000
ML-KEM-768,262144,256 KB,56,170.799998,40.700004,0.430700,0.023300,0.665500,375.657399,2.538681,0.425720,25.664913,1.649000,1.649000
ML-KEM-768,262144,256 KB,57,130.699998,39.699997,0.451400,0.013300,0.635100,393.638794,2.422714,0.425720,20.579436,1.763000,1.763000
ML-KEM-768,262144,256 KB,59,291.299999,46.000001,0.818400,0.090100,1.245800,200.674266,4.752350,0.425720,23.382565,3.612300,3.612300
ML-KEM-768,262144,256 KB,60,182.500000,52.199997,0.371500,0.099500,0.705700,354.258185,2.692032,0.425720,25.860848,2.279500,2.279500
ML-KEM-768,262144,256 KB,61,205.400007,51.700001,0.538600,0.022100,0.817800,305.698215,3.119659,0.425720,25.116166,1.576400,1.576400
ML-KEM-768,262144,256 KB,62,305.900001,79.999998,0.400900,0.023800,0.810600,308.413520,3.092194,0.425720,37.737478,2.091200,2.091200
ML-KEM-768,262144,256 KB,63,166.899998,44.500004,0.544800,0.018500,0.774700,322.705564,2.955246,0.425720,21.543823,3.289100,3.289100
ML-KEM-768,262144,256 KB,64,216.699998,49.900002,0.539600,0.023700,0.829900,301.241112,3.165817,0.425720,26.111579,1.630600,1.630600
ML-KEM-768,262144,256 KB,65,188.599995,35.600002,0.466700,0.028000,0.718900,347.753515,2.742386,0.425720,26.234525,1.921100,1.921100
ML-KEM-768,262144,256 KB,66,146.400002,40.100000,0.349200,0.090000,0.625700,399.552502,2.386856,0.425720,23.397795,1.783200,1.783200
ML-KEM-768,262144,256 KB,67,140.299999,38.400001,0.386100,0.018100,0.582900,428.890032,2.223587,0.425720,24.069308,3.878400,3.878400
ML-KEM-768,262144,256 KB,68,244.199997,78.999998,0.991200,0.059800,1.374200,181.924028,5.242157,0.425720,17.770339,2.371200,2.371200
ML-KEM-768,262144,256 KB,69,181.399999,50.000002,0.470400,0.014400,0.716200,349.064505,2.732086,0.425720,25.328120,1.618300,1.618300
ML-KEM-768,262144,256 KB,71,202.099996,47.200003,0.489800,0.021000,0.760100,328.904090,2.899551,0.425720,26.588606,1.511200,1.511200
ML-KEM-768,262144,256 KB,72,131.400004,38.600003,0.496300,0.103200,0.769500,324.886289,2.935410,0.425720,17.076024,2.715200,2.715200
ML-KEM-768,262144,256 KB,73,214.399995,54.600001,0.506100,0.023200,0.798300,313.165478,3.045273,0.425720,26.857071,2.557000,2.557000
ML-KEM-768,262144,256 KB,74,208.400001,55.900004,0.407200,0.022600,0.694100,360.178651,2.647781,0.425720,30.024492,1.646700,1.646700
ML-KEM-768,262144,256 KB,75,202.399999,48.300004,0.588500,0.022400,0.861600,290.157844,3.286743,0.425720,23.491179,2.251600,2.251600
ML-KEM-768,262144,256 KB,76,208.400001,41.600004,0.358200,0.022500,0.630700,396.384969,2.405930,0.425720,33.042651,1.779700,1.779700
ML-KEM-768,262144,256 KB,77,232.799997,43.900000,0.361800,0.017200,0.655700,381.271922,2.501297,0.425720,35.504041,3.049900,3.049900
ML-KEM-768,262144,256 KB,78,187.800004,48.599999,0.517100,0.129800,0.883300,283.029547,3.369522,0.425720,21.261180,2.370000,2.370000
ML-KEM-768,262144,256 KB,79,172.199994,42.299995,0.364600,0.015200,0.594300,420.662965,2.267075,0.425720,28.975264,1.664400,1.664400
ML-KEM-768,262144,256 KB,80,207.300000,49.499999,0.525600,0.023000,0.805400,310.404768,3.072357,0.425720,25.738763,1.938600,1.938600
ML-KEM-768,262144,256 KB,81,149.299995,39.599996,0.351700,0.013800,0.554400,450.937956,2.114868,0.425720,26.930014,2.364900,2.364900
ML-KEM-768,262144,256 KB,82,232.899998,421.099998,0.708300,0.239300,1.601600,156.093906,6.109619,0.425720,14.541708,3.181300,3.181300
ML-KEM-768,262144,256 KB,83,313.600001,61.999999,0.542800,0.024400,0.942800,265.167587,3.596497,0.425720,33.262622,1.504800,1.504800
ML-KEM-768,262144,256 KB,85,128.200001,25.599998,0.428100,0.012600,0.594500,420.521446,2.267838,0.425720,21.564340,1.928500,1.928500
ML-KEM-768,262144,256 KB,86,149.300002,37.899998,0.348900,0.021700,0.557800,448.189317,2.127838,0.425720,26.765866,1.287500,1.287500
ML-KEM-768,262144,256 KB,88,201.499999,63.400003,0.463700,0.097600,0.826200,302.590173,3.151703,0.425720,24.388768,1.988200,1.988200
ML-KEM-768,262144,256 KB,89,212.200001,51.099996,0.510400,0.022400,0.796100,314.030900,3.036880,0.425720,26.654943,1.365900,1.365900
ML-KEM-768,262144,256 KB,91,142.200006,38.500002,0.451100,0.013400,0.645200,387.476750,2.461243,0.425720,22.039678,3.919300,3.919300
ML-KEM-768,262144,256 KB,92,610.900002,65.900007,0.969400,0.032300,1.678500,148.942508,6.402969,0.425720,36.395591,2.170000,2.170000
ML-KEM-768,262144,256 KB,93,145.200007,237.200002,0.598300,0.016300,0.997000,250.752258,3.803253,0.425720,14.563692,2.771500,2.771500
ML-KEM-768,262144,256 KB,94,179.600007,42.000000,0.439500,0.097200,0.758300,329.684819,2.892685,0.425720,23.684558,1.939400,1.939400
ML-KEM-768,262144,256 KB,95,152.599998,40.100000,0.361700,0.015100,0.569500,438.981563,2.172470,0.425720,26.795434,3.148200,3.148200
ML-KEM-768,262144,256 KB,96,216.900000,53.399999,0.593500,0.029500,0.893300,279.861189,3.407669,0.425720,24.280757,2.171800,2.171800
ML-KEM-768,262144,256 KB,97,156.299997,43.600005,0.471200,0.017000,0.688100,363.319285,2.624893,0.425720,22.714721,1.821900,1.821900
ML-KEM-768,262144,256 KB,99,307.100003,43.299995,0.355700,0.015600,0.721700,346.404322,2.753067,0.425720,42.552307,1.879500,1.879500
ML-KEM-768,262144,256 KB,100,334.600001,51.800002,0.855100,0.127200,1.368700,182.655075,5.221176,0.425720,24.446555,3.095900,3.095900
ML-KEM-768,262144,256 KB,101,819.699999,61.100000,0.613900,0.021900,1.516600,164.842411,5.785370,0.425720,54.048529,1.799800,1.799800
ML-KEM-768,262144,256 KB,102,209.899998,49.900002,0.504800,0.023500,0.788100,317.218628,3.006363,0.425720,26.633676,2.242700,2.242700
ML-KEM-768,262144,256 KB,103,155.100002,41.100000,0.456100,0.014000,0.666300,375.206362,2.541733,0.425720,23.277803,1.663700,1.663700
ML-KEM-768,262144,256 KB,104,126.499996,40.599996,0.731200,0.022800,0.921100,271.414613,3.513718,0.425720,13.733579,2.413500,2.413500
ML-KEM-768,262144,256 KB,105,250.599995,50.300005,0.452700,0.024400,0.778000,321.336763,2.967834,0.425720,32.210796,2.563300,2.563300
ML-KEM-768,262144,256 KB,106,202.399999,58.000005,0.460500,0.100400,0.821300,304.395469,3.133011,0.425720,24.643857,1.721500,1.721500
ML-KEM-768,262144,256 KB,107,190.600003,110.599998,0.497500,0.022600,0.821300,304.395472,3.133011,0.425720,23.207111,2.096500,2.096500
ML-KEM-768,262144,256 KB,108,197.300003,47.900001,0.515300,0.026600,0.787100,317.621650,3.002548,0.425720,25.066701,2.018200,2.018200
ML-KEM-768,262144,256 KB,109,151.300002,24.600005,0.430500,0.012900,0.619300,403.681575,2.362442,0.425720,24.430809,3.852200,3.852200
ML-KEM-768,262144,256 KB,110,220.999995,62.599996,0.757800,0.061300,1.102700,226.716242,4.206467,0.425720,20.041715,1.643400,1.643400
ML-KEM-768,262144,256 KB,112,140.600001,29.700001,0.399700,0.087400,0.657400,380.285975,2.507782,0.425720,21.387283,1.613800,1.613800
ML-KEM-768,262144,256 KB,114,186.599995,45.799999,0.867200,0.030900,1.130500,221.141088,4.312515,0.425720,16.505970,3.161500,3.161500
ML-KEM-768,262144,256 KB,115,308.099996,55.900004,0.790300,0.029600,1.183900,211.166484,4.516220,0.425720,26.024157,2.263600,2.263600
ML-KEM-768,262144,256 KB,116,145.800004,32.699994,0.343400,0.024700,0.546600,457.372850,2.085114,0.425720,26.673985,1.830200,1.830200
ML-KEM-768,262144,256 KB,118,201.499999,42.300002,0.782800,0.113200,1.139800,219.336726,4.347992,0.425720,17.678540,3.545700,3.545700
ML-KEM-768,262144,256 KB,119,290.000004,73.700001,0.845800,0.033600,1.243100,201.110128,4.742050,0.425720,23.328775,1.932000,1.932000
ML-KEM-768,262144,256 KB,120,237.600005,54.700002,0.456200,0.066700,0.815200,306.673211,3.109741,0.425720,29.146223,2.544100,2.544100
ML-KEM-768,262144,256 KB,121,183.600001,41.599997,0.512700,0.021100,0.759000,329.380766,2.895355,0.425720,24.189724,1.559000,1.559000
ML-KEM-768,262144,256 KB,122,218.200003,55.400000,0.366900,0.021900,0.662400,377.415462,2.526855,0.425720,32.940822,2.846100,2.846100
ML-KEM-768,262144,256 KB,123,244.499999,54.399999,0.717600,0.030600,1.047100,238.754656,3.994370,0.425720,23.350205,3.209300,3.209300
ML-KEM-768,262144,256 KB,124,165.099998,53.299998,0.575300,0.122900,0.916600,272.747111,3.496551,0.425720,18.012219,2.657900,2.657900
ML-KEM-768,262144,256 KB,125,194.100001,61.400002,0.469800,0.024400,0.749700,333.466721,2.859879,0.425720,25.890356,2.035200,2.035200
ML-KEM-768,262144,256 KB,126,240.000001,50.399998,0.484500,0.045900,0.820800,304.580897,3.131104,0.425720,29.239766,4.669100,4.669100
ML-KEM-768,262144,256 KB,127,438.099996,59.599995,0.801500,0.060200,1.359400,183.904664,5.185699,0.425720,32.227453,2.619700,2.619700
ML-KEM-768,262144,256 KB,128,210.800004,42.300002,0.508900,0.059400,0.821400,304.358411,3.133392,0.425720,25.663502,3.122100,3.122100
ML-KEM-768,262144,256 KB,129,219.399997,71.600000,0.555500,0.028100,0.874600,285.844957,3.336334,0.425720,25.085753,1.988900,1.988900
ML-KEM-768,262144,256 KB,130,480.100003,67.200002,0.740300,0.107000,1.394600,179.262872,5.319977,0.425720,34.425642,4.403200,4.403200
ML-KEM-768,262144,256 KB,131,328.900001,85.899999,0.797300,0.058800,1.270900,196.710992,4.848099,0.425720,25.879298,3.145900,3.145900
ML-KEM-768,262144,256 KB,132,172.100001,49.600007,0.380000,0.021500,0.623200,401.155326,2.377319,0.425720,27.615533,3.420500,3.420500
ML-KEM-768,262144,256 KB,133,208.300000,220.000002,0.904700,0.026100,1.359100,183.945258,5.184555,0.425720,15.326319,3.449300,3.449300
ML-KEM-768,262144,256 KB,134,281.100001,68.100002,0.539500,0.030200,0.918900,272.064423,3.505325,0.425720,30.590924,1.858200,1.858200
ML-KEM-768,262144,256 KB,135,248.299999,72.299998,0.565800,0.019300,0.905700,276.029591,3.454971,0.425720,27.415259,2.375700,2.375700
ML-KEM-768,262144,256 KB,136,251.700003,54.799995,0.698700,0.113900,1.119100,223.393798,4.269028,0.425720,22.491288,3.166100,3.166100
ML-KEM-768,262144,256 KB,137,281.900000,71.199996,0.641400,0.020200,1.014700,246.378240,3.870773,0.425720,27.781610,3.800900,3.800900
ML-KEM-768,262144,256 KB,138,264.000002,101.300000,0.460600,0.025300,0.851200,293.703008,3.247070,0.425720,31.015038,3.743700,3.743700
ML-KEM-768,262144,256 KB,139,198.900001,54.399999,0.634100,0.015900,0.903300,276.762982,3.445816,0.425720,22.019263,2.030500,2.030500
ML-KEM-768,262144,256 KB,140,172.900000,42.700005,0.905400,0.035000,1.156000,216.262976,4.409790,0.425720,14.956747,3.257800,3.257800
ML-KEM-768,262144,256 KB,141,201.200004,230.400001,0.599500,0.028200,1.059300,236.004908,4.040909,0.425720,18.993675,2.248000,2.248000
ML-KEM-768,262144,256 KB,142,154.300003,40.899999,0.755100,0.072100,1.022400,244.522692,3.900146,0.425720,15.091941,1.630500,1.630500
ML-KEM-768,262144,256 KB,143,184.600001,30.600000,0.375400,0.013800,0.604400,413.633353,2.305603,0.425720,30.542687,1.969600,1.969600
ML-KEM-768,262144,256 KB,144,170.400002,41.700005,0.361000,0.021700,0.594800,420.309350,2.268982,0.425720,28.648286,2.555600,2.555600
ML-KEM-768,262144,256 KB,146,200.899995,45.000001,0.570600,0.029900,0.846400,295.368621,3.228760,0.425720,23.735822,2.634800,2.634800
ML-KEM-768,262144,256 KB,147,221.200004,57.500001,0.426600,0.016300,0.721600,346.452328,2.752686,0.425720,30.654102,1.526600,1.526600
ML-KEM-768,262144,256 KB,148,143.200006,38.999999,0.405800,0.068600,0.656600,380.749318,2.504730,0.425720,21.809322,2.663500,2.663500
ML-KEM-768,262144,256 KB,149,203.700001,49.100003,0.472500,0.023000,0.748300,334.090605,2.854538,0.425720,27.221703,3.169900,3.169900
ML-KEM-768,262144,256 KB,150,163.600002,91.599999,0.656300,0.026300,0.937800,266.581360,3.577423,0.425720,17.445084,2.290900,2.290900
ML-KEM-768,262144,256 KB,151,190.799998,46.699999,0.589400,0.022400,0.849300,294.360062,3.239822,0.425720,22.465560,1.484400,1.484400
ML-KEM-768,262144,256 KB,152,145.699996,40.800005,0.379500,0.020500,0.586500,426.257461,2.237320,0.425720,24.842284,2.005400,2.005400
ML-KEM-768,262144,256 KB,153,174.200002,47.200003,0.360700,0.014600,0.596700,418.971005,2.276230,0.425720,29.193900,4.091900,4.091900
ML-KEM-768,262144,256 KB,155,196.399997,86.000000,0.625400,0.024500,0.932300,268.154028,3.556442,0.425720,21.066180,2.105900,2.105900
ML-KEM-768,262144,256 KB,156,165.099998,37.999998,0.343900,0.020500,0.567500,440.528635,2.164841,0.425720,29.092511,1.867700,1.867700
ML-KEM-768,262144,256 KB,157,289.199997,50.700000,0.586900,0.021300,0.948100,263.685265,3.616714,0.425720,30.503111,2.376500,2.376500
ML-KEM-768,262144,256 KB,158,344.900000,52.000003,0.732900,0.036300,1.166100,214.389846,4.448318,0.425720,29.577223,2.939300,2.939300
ML-KEM-768,262144,256 KB,159,314.700002,53.999996,0.689300,0.025800,1.083800,230.669866,4.134369,0.425720,29.036723,1.491400,1.491400
ML-KEM-768,262144,256 KB,160,125.399994,39.699997,0.408100,0.068500,0.641700,389.590153,2.447891,0.425720,19.541841,1.506800,1.506800
ML-KEM-768,262144,256 KB,161,195.600005,45.900000,0.471900,0.019100,0.732500,341.296930,2.794266,0.425720,26.703072,3.337000,3.337000
ML-KEM-768,262144,256 KB,162,243.699993,59.800004,0.660400,0.038200,1.002100,249.476101,3.822708,0.425720,24.318930,3.356400,3.356400
ML-KEM-768,262144,256 KB,163,289.200005,52.399999,0.592400,0.020300,0.954300,261.972127,3.640366,0.425720,30.304936,1.969000,1.969000
ML-KEM-768,262144,256 KB,164,153.499997,42.700005,0.363900,0.021900,0.582000,429.553264,2.220154,0.425720,26.374570,2.416600,2.416600
ML-KEM-768,262144,256 KB,165,145.300000,39.599996,0.346200,0.014000,0.545100,458.631447,2.079391,0.425720,26.655660,1.826800,1.826800
ML-KEM-768,262144,256 KB,166,422.700003,50.199997,0.761200,0.210100,1.444200,173.106218,5.509186,0.425720,29.268799,3.066700,3.066700
ML-KEM-768,262144,256 KB,167,207.500001,55.100005,0.584900,0.025300,0.872800,286.434463,3.329468,0.425720,23.774061,2.554400,2.554400
ML-KEM-768,262144,256 KB,168,257.899999,52.600000,0.541200,0.032400,0.884100,282.773441,3.372574,0.425720,29.170908,1.715400,1.715400
ML-KEM-768,262144,256 KB,169,166.499995,31.099997,0.525500,0.021800,0.744900,335.615520,2.841568,0.425720,22.351993,1.884200,1.884200
ML-KEM-768,262144,256 KB,170,148.100000,38.999999,0.372200,0.020600,0.579900,431.108813,2.212143,0.425720,25.538886,4.502400,4.502400
ML-KEM-768,262144,256 KB,171,271.600002,59.099999,0.677000,0.027200,1.034900,241.569234,3.947830,0.425720,26.244082,2.506300,2.506300
ML-KEM-768,262144,256 KB,172,240.199995,55.500001,0.564900,0.092300,0.952900,262.357015,3.635025,0.425720,25.207262,1.789400,1.789400
ML-KEM-768,262144,256 KB,173,155.400005,39.400002,0.356100,0.013800,0.564700,442.712945,2.154160,0.425720,27.519037,1.853900,1.853900
ML-KEM-768,262144,256 KB,174,285.799993,51.900002,0.375500,0.023200,0.736400,339.489406,2.809143,0.425720,38.810428,1.479700,1.479700
ML-KEM-768,262144,256 KB,175,158.000003,49.900002,0.541000,0.017400,0.766300,326.242986,2.923203,0.425720,20.618557,3.289400,3.289400
ML-KEM-768,262144,256 KB,176,262.699999,60.900005,0.940500,0.030300,1.294400,193.139679,4.937744,0.425720,20.295117,1.875500,1.875500
ML-KEM-768,262144,256 KB,177,157.600007,64.300002,0.487100,0.018900,0.727900,343.453768,2.776718,0.425720,21.651326,1.703500,1.703500
ML-KEM-768,262144,256 KB,178,142.600002,41.400002,0.450700,0.067400,0.702100,356.074634,2.678299,0.425720,20.310497,1.645900,1.645900
ML-KEM-768,262144,256 KB,179,201.099996,48.599999,0.529200,0.018200,0.797100,313.636933,3.040695,0.425720,25.228954,2.460100,2.460100
ML-KEM-768,262144,256 KB,180,421.999997,47.599999,0.485600,0.040100,0.995300,251.180549,3.796768,0.425720,42.399276,3.433200,3.433200
ML-KEM-768,262144,256 KB,181,273.600002,54.899996,0.710000,0.023600,1.062100,235.382731,4.051590,0.425720,25.760286,1.797800,1.797800
ML-KEM-768,262144,256 KB,182,157.700000,39.699997,0.406300,0.020900,0.624600,400.256166,2.382660,0.425720,25.248159,1.815300,1.815300
ML-KEM-768,262144,256 KB,184,161.500000,40.799998,0.447600,0.093800,0.743700,336.157055,2.836990,0.425720,21.715746,3.367500,3.367500
ML-KEM-768,262144,256 KB,185,213.600004,114.099996,1.019700,0.046300,1.393700,179.378632,5.316544,0.425720,15.326111,2.166700,2.166700
ML-KEM-768,262144,256 KB,186,223.400006,53.300006,0.480600,0.026200,0.783500,319.081047,2.988815,0.425720,28.513083,1.752700,1.752700
ML-KEM-768,262144,256 KB,187,138.500000,42.000000,0.484400,0.014000,0.678900,368.242744,2.589798,0.425720,20.400648,1.648200,1.648200
ML-KEM-768,262144,256 KB,188,155.900001,38.599996,0.343900,0.027700,0.566100,441.618086,2.159500,0.425720,27.539304,3.545400,3.545400
ML-KEM-768,262144,256 KB,190,287.299998,55.500001,0.827500,0.108500,1.278800,195.495778,4.878235,0.425720,22.466375,1.730600,1.730600
ML-KEM-768,262144,256 KB,191,213.599997,49.000002,0.409900,0.015500,0.688000,363.372093,2.624512,0.425720,31.046511,1.909700,1.909700
ML-KEM-768,262144,256 KB,192,150.199994,32.299999,0.517100,0.024900,0.724500,345.065562,2.763748,0.425720,20.731538,2.878700,2.878700
ML-KEM-768,262144,256 KB,193,204.100004,53.200005,0.746900,0.027500,1.031700,242.318504,3.935623,0.425720,19.782883,3.430000,3.430000
ML-KEM-768,262144,256 KB,194,266.000003,237.299995,0.809400,0.034800,1.347500,185.528757,5.140305,0.425720,19.740260,2.120600,2.120600
ML-KEM-768,262144,256 KB,195,209.700003,65.699998,0.532000,0.020100,0.827500,302.114804,3.156662,0.425720,25.341390,1.847800,1.847800
ML-KEM-768,262144,256 KB,196,137.800002,38.800004,0.437500,0.093400,0.707500,353.356893,2.698898,0.425720,19.477032,2.656200,2.656200
ML-KEM-768,262144,256 KB,197,304.099995,60.900005,0.566400,0.022700,0.954100,262.027042,3.639603,0.425720,31.872969,3.292100,3.292100
ML-KEM-768,262144,256 KB,198,193.799999,45.799999,0.430200,0.026200,0.696000,359.195401,2.655029,0.425720,27.844827,2.155500,2.155500
ML-KEM-768,262144,256 KB,199,240.800000,49.399998,0.571400,0.023200,0.884800,282.549729,3.375244,0.425720,27.215190,1.706200,1.706200
ML-KEM-768,262144,256 KB,200,153.599998,40.900006,0.364400,0.021100,0.580000,431.034483,2.212524,0.425720,26.482758,2.541800,2.541800
ML-KEM-768,262144,256 KB,201,278.599997,46.499998,0.929700,0.097000,1.351800,184.938601,5.156708,0.425720,20.609557,3.133500,3.133500
ML-KEM-768,262144,256 KB,202,389.800000,59.799997,0.635400,0.034500,1.119500,223.313980,4.270554,0.425720,34.819116,2.376000,2.376000
ML-KEM-768,262144,256 KB,203,268.399999,53.700001,0.636700,0.025500,0.984300,253.987605,3.754807,0.425720,27.268109,1.990700,1.990700
ML-KEM-768,262144,256 KB,204,167.099999,31.299998,0.455600,0.022400,0.676400,369.603785,2.580261,0.425720,24.704317,1.907900,1.907900
ML-KEM-768,262144,256 KB,205,196.000001,49.700000,0.453100,0.018400,0.717200,348.577804,2.735901,0.425720,27.328500,2.989500,2.989500
ML-KEM-768,262144,256 KB,207,185.999997,57.500001,0.393500,0.014600,0.651600,383.670964,2.485657,0.425720,28.545119,1.756300,1.756300
ML-KEM-768,262144,256 KB,208,158.100003,41.499996,0.386300,0.023200,0.609100,410.441638,2.323532,0.425720,25.956330,1.502600,1.502600
ML-KEM-768,262144,256 KB,209,183.899996,45.099994,0.573100,0.023800,0.825900,302.700087,3.150558,0.425720,22.266618,2.372000,2.372000
ML-KEM-768,262144,256 KB,210,172.400003,204.199998,0.455600,0.026000,0.858200,291.307387,3.273773,0.425720,20.088558,4.022300,4.022300
ML-KEM-768,262144,256 KB,211,192.899999,51.299998,0.637000,0.055800,0.937000,266.808966,3.574371,0.425720,20.586980,2.080600,2.080600
ML-KEM-768,262144,256 KB,212,146.600003,41.200001,0.355500,0.094900,0.638200,391.726732,2.434540,0.425720,22.970856,1.768700,1.768700
ML-KEM-768,262144,256 KB,213,118.800002,27.400005,0.513500,0.024700,0.684400,365.283463,2.610779,0.425720,17.358271,1.960900,1.960900
ML-KEM-768,262144,256 KB,214,241.499998,55.500001,1.288900,0.022600,1.608500,155.424308,6.135941,0.425720,15.013988,4.515500,4.515500
ML-KEM-768,262144,256 KB,215,257.200001,55.299999,0.725000,0.027000,1.064500,234.852043,4.060745,0.425720,24.161578,2.130000,2.130000
ML-KEM-768,262144,256 KB,216,173.399996,50.399998,0.481500,0.021700,0.727000,343.878955,2.773285,0.425720,23.851444,1.714200,1.714200
ML-KEM-768,262144,256 KB,218,189.600003,52.600000,0.929000,0.112000,1.283200,194.825437,4.895020,0.425720,14.775561,4.272900,4.272900
ML-KEM-768,262144,256 KB,219,190.299994,111.000001,0.610900,0.017900,0.930100,268.788302,3.548050,0.425720,20.460165,1.942700,1.942700
ML-KEM-768,262144,256 KB,220,184.500001,29.800001,0.344000,0.022200,0.580500,430.663224,2.214432,0.425720,31.782946,1.453300,1.453300
ML-KEM-768,262144,256 KB,221,184.099998,48.100002,0.637800,0.021100,0.891100,280.552128,3.399277,0.425720,20.659858,2.291700,2.291700
ML-KEM-768,262144,256 KB,222,210.999999,64.400003,0.524000,0.031300,0.830700,300.951004,3.168869,0.425720,25.400265,6.078000,6.078000
ML-KEM-768,262144,256 KB,223,381.300000,58.699996,0.705200,0.035500,1.180700,211.738798,4.504013,0.425720,32.294402,1.959600,1.959600
ML-KEM-768,262144,256 KB,224,147.200000,31.600001,0.343400,0.090800,0.613000,407.830340,2.338409,0.425720,24.013050,1.943300,1.943300
ML-KEM-768,262144,256 KB,225,200.099996,49.700000,0.521400,0.023000,0.794200,314.782170,3.029633,0.425720,25.195164,3.802600,3.802600
ML-KEM-768,262144,256 KB,226,267.700001,104.399995,0.908300,0.057100,1.337500,186.915888,5.102158,0.425720,20.014953,2.769200,2.769200
ML-KEM-768,262144,256 KB,227,238.600005,59.800004,0.626900,0.022900,0.948200,263.657458,3.617096,0.425720,25.163468,2.083900,2.083900
ML-KEM-768,262144,256 KB,228,227.199998,46.800000,0.402500,0.026500,0.703000,355.618778,2.681732,0.425720,32.318634,1.806000,1.806000
ML-KEM-768,262144,256 KB,229,148.699997,40.200001,0.355300,0.014700,0.558900,447.307205,2.132034,0.425720,26.605832,3.663100,3.663100
ML-KEM-768,262144,256 KB,232,258.100001,51.399998,0.401800,0.020000,0.731300,341.856966,2.789688,0.425720,35.293313,1.953200,1.953200
ML-KEM-768,262144,256 KB,233,206.199999,49.000002,0.634700,0.022500,0.912400,274.002629,3.480530,0.425720,22.599737,5.279800,5.279800
ML-KEM-768,262144,256 KB,234,295.200000,70.100003,0.540700,0.035800,0.941800,265.449139,3.592682,0.425720,31.344234,2.717300,2.717300
ML-KEM-768,262144,256 KB,235,153.399997,50.200004,0.374700,0.014700,0.593000,421.585157,2.262115,0.425720,25.868465,1.864700,1.864700
ML-KEM-768,262144,256 KB,236,160.200005,42.799998,0.367400,0.093500,0.663900,376.562732,2.532578,0.425720,24.130141,1.776600,1.776600
ML-KEM-768,262144,256 KB,237,199.100003,50.800001,0.685800,0.033400,0.969100,257.971315,3.696823,0.425720,20.544836,5.061900,5.061900
ML-KEM-768,262144,256 KB,238,307.399998,60.999999,0.542600,0.025500,0.936500,266.951415,3.572464,0.425720,32.824346,1.605900,1.605900
ML-KEM-768,262144,256 KB,239,210.799997,61.599996,0.548100,0.019600,0.840100,297.583621,3.204727,0.425720,25.092251,2.188700,2.188700
ML-KEM-768,262144,256 KB,240,160.099997,42.699998,0.364500,0.023900,0.591200,422.868743,2.255249,0.425720,27.080514,3.712600,3.712600
ML-KEM-768,262144,256 KB,241,236.799999,106.300002,0.724900,0.028200,1.096200,228.060573,4.181671,0.425720,21.601897,2.570700,2.570700
ML-KEM-768,262144,256 KB,242,168.599996,42.500003,0.763600,0.121100,1.095800,228.143822,4.180145,0.425720,15.386019,1.982900,1.982900
ML-KEM-768,262144,256 KB,243,161.199998,40.899999,0.361000,0.014400,0.577500,432.900436,2.202988,0.425720,27.913420,1.598400,1.598400
ML-KEM-768,262144,256 KB,244,189.099999,60.999999,0.466500,0.021100,0.737700,338.891148,2.814102,0.425720,25.633726,2.102300,2.102300
ML-KEM-768,262144,256 KB,245,208.400001,50.299997,0.821700,0.027200,1.107600,225.713254,4.225159,0.425720,18.815457,3.038400,3.038400
ML-KEM-768,262144,256 KB,246,181.900003,39.800005,0.362500,0.020300,0.604500,413.564932,2.305984,0.425720,30.090985,2.164400,2.164400
ML-KEM-768,262144,256 KB,247,254.700004,52.700001,0.494200,0.023500,0.825100,302.993578,3.147507,0.425720,30.868986,2.585900,2.585900
ML-KEM-768,262144,256 KB,248,210.999999,45.900000,0.463100,0.105500,0.825500,302.846760,3.149033,0.425720,25.560266,5.162800,5.162800
ML-KEM-768,262144,256 KB,249,386.200001,82.599996,0.556000,0.022600,1.047400,238.686271,3.995514,0.425720,36.872255,2.138400,2.138400
ML-KEM-768,262144,256 KB,250,304.700006,75.700002,0.497100,0.062600,0.940100,265.929157,3.586197,0.425720,32.411446,2.465800,2.465800
ML-KEM-768,262144,256 KB,251,324.000001,77.400000,0.909300,0.033200,1.343900,186.025746,5.126572,0.425720,24.108937,2.577000,2.577000
ML-KEM-768,262144,256 KB,252,397.099997,54.100004,0.932600,0.035500,1.419300,176.143169,5.414200,0.425720,27.978581,8.470600,8.470600
ML-KEM-768,262144,256 KB,253,331.600000,79.900004,0.816100,0.032500,1.260100,198.396953,4.806900,0.425720,26.315372,2.530400,2.530400
ML-KEM-768,262144,256 KB,254,332.199998,76.700002,0.585000,0.100200,1.094100,228.498309,4.173660,0.425720,30.362855,3.700800,3.700800
ML-KEM-768,262144,256 KB,255,271.600002,64.699998,0.723700,0.037800,1.097800,227.728182,4.187775,0.425720,24.740390,5.377200,5.377200
ML-KEM-768,262144,256 KB,256,329.499999,238.000001,0.573600,0.058900,1.200000,208.333334,4.577637,0.425720,27.458333,4.631600,4.631600
ML-KEM-768,262144,256 KB,257,310.400006,128.300002,0.689400,0.024200,1.152300,216.957390,4.395676,0.425720,26.937430,4.007100,4.007100
ML-KEM-768,262144,256 KB,258,264.200004,60.000006,0.511500,0.032700,0.868400,287.885767,3.312683,0.425720,30.423768,3.047100,3.047100
ML-KEM-768,262144,256 KB,259,272.999998,71.999995,0.877900,0.039400,1.262300,198.051176,4.815292,0.425720,21.627188,9.235800,9.235800
ML-KEM-768,262144,256 KB,260,385.299994,117.999996,0.841000,0.126800,1.471100,169.940860,5.611801,0.425720,26.191285,4.718700,4.718700
ML-KEM-768,262144,256 KB,261,342.399995,98.800003,0.911500,0.032200,1.384900,180.518449,5.282974,0.425720,24.723806,7.426900,7.426900
ML-KEM-768,262144,256 KB,262,518.299996,117.600001,0.654100,0.038600,1.328600,188.167997,5.068207,0.425720,39.010989,11.433400,11.433400
ML-KEM-768,262144,256 KB,263,361.599996,189.300001,0.969800,0.052000,1.572700,158.962294,5.999374,0.425720,22.992306,2.871000,2.871000
ML-KEM-768,262144,256 KB,266,289.199997,81.500002,0.635200,0.034400,1.040300,240.315294,3.968430,0.425720,27.799673,2.975900,2.975900
ML-KEM-768,262144,256 KB,267,258.100001,57.400001,0.420200,0.021100,0.756800,330.338266,2.886963,0.425720,34.104123,2.846600,2.846600
ML-KEM-768,262144,256 KB,268,439.500000,81.800004,0.589400,0.043500,1.154200,216.600243,4.402924,0.425720,38.078323,3.266700,3.266700
ML-KEM-768,262144,256 KB,269,333.199998,99.699995,0.754200,0.028600,1.215700,205.642840,4.637527,0.425720,27.408078,2.405000,2.405000
ML-KEM-768,262144,256 KB,270,310.300005,70.199996,0.865500,0.034200,1.280200,195.281987,4.883575,0.425720,24.238401,3.258200,3.258200
ML-KEM-768,262144,256 KB,271,342.100000,99.099998,0.941000,0.029700,1.411900,177.066365,5.385971,0.425720,24.229761,6.702700,6.702700
ML-KEM-768,262144,256 KB,272,378.600002,273.499994,0.781000,0.042500,1.475600,169.422608,5.628967,0.425720,25.657360,3.072500,3.072500
ML-KEM-768,262144,256 KB,273,305.400004,60.899998,0.662900,0.025700,1.054900,236.989288,4.024124,0.425720,28.950612,2.822600,2.822600
ML-KEM-768,262144,256 KB,274,256.899999,62.699997,0.513600,0.028200,0.861400,290.225214,3.285980,0.425720,29.823543,2.347200,2.347200
ML-KEM-768,262144,256 KB,275,386.499996,93.600000,0.804200,0.115600,1.399900,178.584185,5.340195,0.425720,27.609115,4.006100,4.006100
ML-KEM-768,262144,256 KB,276,293.199999,67.900000,0.523000,0.095400,0.979500,255.232261,3.736496,0.425720,29.933639,2.219200,2.219200
ML-KEM-768,262144,256 KB,277,292.600002,70.200003,0.684200,0.031300,1.078300,231.846426,4.113388,0.425720,27.135306,2.490200,2.490200
ML-KEM-768,262144,256 KB,278,301.199994,73.899995,0.681900,0.032800,1.089800,229.399889,4.157257,0.425720,27.638098,2.561300,2.561300
ML-KEM-768,262144,256 KB,279,328.500006,90.299996,0.801200,0.038900,1.258900,198.586067,4.802322,0.425720,26.094210,2.440600,2.440600
ML-KEM-768,262144,256 KB,280,176.000001,36.699996,0.452000,0.042300,0.707000,353.606786,2.696991,0.425720,24.893918,2.981500,2.981500
ML-KEM-768,262144,256 KB,281,164.799996,44.299995,0.453300,0.013600,0.676000,369.822487,2.578735,0.425720,24.378698,2.868500,2.868500
ML-KEM-768,262144,256 KB,282,298.699997,69.599999,0.694800,0.033800,1.096900,227.915032,4.184341,0.425720,27.231288,3.223500,3.223500
ML-KEM-768,262144,256 KB,283,326.900001,89.400004,0.758500,0.043900,1.218700,205.136620,4.648972,0.425720,26.823665,2.548800,2.548800
ML-KEM-768,262144,256 KB,284,324.900000,80.200000,0.534100,0.032600,0.971800,257.254579,3.707123,0.425720,33.432805,2.710400,2.710400
ML-KEM-768,262144,256 KB,285,228.299999,79.199999,0.608500,0.030100,0.946100,264.242680,3.609085,0.425720,24.130641,2.277800,2.277800
ML-KEM-768,262144,256 KB,286,272.700003,68.700007,0.679000,0.057800,1.078200,231.867929,4.113007,0.425720,25.292154,3.282700,3.282700
ML-KEM-768,262144,256 KB,287,329.499999,84.600004,0.654400,0.026100,1.094600,228.393935,4.175568,0.425720,30.102320,3.381100,3.381100
ML-KEM-768,262144,256 KB,288,303.800000,69.499998,0.602900,0.093800,1.070000,233.644860,4.081726,0.425720,28.392523,2.859300,2.859300
ML-KEM-768,262144,256 KB,289,309.700001,58.899997,0.664100,0.026300,1.059000,236.071765,4.039764,0.425720,29.244570,3.829900,3.829900
ML-KEM-768,262144,256 KB,290,241.200003,246.899996,0.670900,0.029400,1.188400,210.366880,4.533386,0.425720,20.296197,2.209100,2.209100
ML-KEM-768,262144,256 KB,291,217.699999,59.099999,0.917100,0.024700,1.218600,205.153456,4.648590,0.425720,17.864763,2.514100,2.514100
ML-KEM-768,262144,256 KB,292,208.700003,49.800001,0.465500,0.022100,0.746100,335.075728,2.846146,0.425720,27.972122,2.518200,2.518200
ML-KEM-768,262144,256 KB,293,258.900000,58.400001,0.607500,0.018200,0.943000,265.111347,3.597260,0.425720,27.454931,2.588700,2.588700
ML-KEM-768,262144,256 KB,294,282.100002,62.800005,0.611300,0.036100,0.992300,251.939938,3.785324,0.425720,28.428903,2.379700,2.379700
ML-KEM-768,262144,256 KB,295,201.600000,44.000000,0.364600,0.015600,0.625800,399.488655,2.387238,0.425720,32.214765,2.003100,2.003100
ML-KEM-768,262144,256 KB,296,195.200002,56.800003,0.505800,0.028200,0.786000,318.066156,2.998352,0.425720,24.834606,2.101900,2.101900
ML-KEM-768,262144,256 KB,297,194.300002,49.000002,0.380200,0.015100,0.638600,391.481364,2.436066,0.425720,30.425932,2.427500,2.427500
ML-KEM-768,262144,256 KB,299,324.200002,95.700001,0.745700,0.032900,1.198500,208.594076,4.571915,0.425720,27.050480,4.059100,4.059100
ML-KEM-768,524288,512 KB,1,249.400000,68.400004,1.166100,0.063400,1.547300,323.143540,2.951241,0.212860,16.118400,3.603800,3.603800
ML-KEM-768,524288,512 KB,2,297.200000,117.600001,1.254900,0.052000,1.721700,290.410641,3.283882,0.212860,17.262009,2.602500,2.602500
ML-KEM-768,524288,512 KB,3,285.999995,40.100000,0.941400,0.049400,1.316900,379.679550,2.511787,0.212860,21.717670,2.785000,2.785000
ML-KEM-768,524288,512 KB,4,283.999994,80.200000,1.279000,0.270100,1.913300,261.328594,3.649330,0.212860,14.843464,3.653800,3.653800
ML-KEM-768,524288,512 KB,5,324.499997,75.099997,1.297800,0.043600,1.741000,287.191269,3.320694,0.212860,18.638713,3.132200,3.132200
ML-KEM-768,524288,512 KB,6,237.900000,59.500002,0.811300,0.055300,1.164000,429.553264,2.220154,0.212860,20.438144,3.897300,3.897300
ML-KEM-768,524288,512 KB,7,319.600003,102.300000,1.204000,0.061300,1.687200,296.348981,3.218079,0.212860,18.942627,2.771200,2.771200
ML-KEM-768,524288,512 KB,8,247.100004,66.599998,0.825800,0.039000,1.178500,424.268139,2.247810,0.212860,20.967332,2.143300,2.143300
ML-KEM-768,524288,512 KB,10,166.800004,43.000000,0.594900,0.170100,0.974800,512.925728,1.859283,0.212860,17.111203,2.818300,2.818300
ML-KEM-768,524288,512 KB,11,350.700000,70.300004,0.621400,0.031400,1.073800,465.636060,2.048111,0.212860,32.659713,3.274800,3.274800
ML-KEM-768,524288,512 KB,12,239.999994,68.800000,1.057100,0.041700,1.407600,355.214549,2.684784,0.212860,17.050298,2.414800,2.414800
ML-KEM-768,524288,512 KB,13,267.500000,58.700003,0.807800,0.038500,1.172500,426.439232,2.236366,0.212860,22.814499,2.247200,2.247200
ML-KEM-768,524288,512 KB,14,264.900002,79.799996,1.062800,0.051000,1.458500,342.817963,2.781868,0.212860,18.162496,5.148100,5.148100
ML-KEM-768,524288,512 KB,15,244.399998,79.100006,0.787600,0.030700,1.141800,437.905062,2.177811,0.212860,21.404799,2.768400,2.768400
ML-KEM-768,524288,512 KB,16,216.700006,70.599999,0.841500,0.055400,1.184200,422.225975,2.258682,0.212860,18.299274,3.516100,3.516100
ML-KEM-768,524288,512 KB,17,255.699997,68.100002,1.033200,0.054900,1.411900,354.132730,2.692986,0.212860,18.110348,3.076900,3.076900
ML-KEM-768,524288,512 KB,18,222.100003,59.200007,0.802500,0.037100,1.120900,446.070122,2.137947,0.212860,19.814435,3.011800,3.011800
ML-KEM-768,524288,512 KB,19,224.600000,56.499994,0.825100,0.067700,1.173900,425.930657,2.239037,0.212860,19.132805,2.509800,2.509800
ML-KEM-768,524288,512 KB,20,231.399994,56.299999,1.314800,0.061600,1.664100,300.462713,3.174019,0.212860,13.905414,3.520900,3.520900
ML-KEM-768,524288,512 KB,21,339.100006,76.600001,0.964100,0.046100,1.425900,350.655726,2.719688,0.212860,23.781472,3.373900,3.373900
ML-KEM-768,524288,512 KB,22,291.500000,70.000002,1.223400,0.149800,1.734700,288.234276,3.308678,0.212860,16.804058,2.611400,2.611400
ML-KEM-768,524288,512 KB,24,242.400005,55.799996,0.833200,0.039000,1.170400,427.204375,2.232361,0.212860,20.710869,4.168700,4.168700
ML-KEM-768,524288,512 KB,25,356.500001,107.699998,1.076900,0.040500,1.581600,316.135559,3.016663,0.212860,22.540465,3.769600,3.769600
ML-KEM-768,524288,512 KB,26,597.500002,75.199998,0.872300,0.043800,1.588800,314.702921,3.030396,0.212860,37.606999,2.916200,2.916200
ML-KEM-768,524288,512 KB,27,260.200002,59.400001,1.134600,0.046700,1.500900,333.133452,2.862740,0.212860,17.336265,5.467500,5.467500
ML-KEM-768,524288,512 KB,29,298.700004,69.800000,1.564600,0.036700,1.969800,253.832877,3.757095,0.212860,15.163976,3.485500,3.485500
ML-KEM-768,524288,512 KB,30,400.899997,78.099998,1.157300,0.038000,1.674300,298.632264,3.193474,0.212860,23.944335,3.399600,3.399600
ML-KEM-768,524288,512 KB,31,223.199997,49.299997,0.875500,0.062600,1.210600,413.018338,2.309036,0.212860,18.437138,3.574900,3.574900
ML-KEM-768,524288,512 KB,32,208.099998,51.800002,1.279600,0.036600,1.576100,317.238755,3.006172,0.212860,13.203477,5.112600,5.112600
ML-KEM-768,524288,512 KB,33,350.800001,113.900001,1.034900,0.036000,1.535600,325.605626,2.928925,0.212860,22.844491,3.319300,3.319300
ML-KEM-768,524288,512 KB,34,271.199999,61.200000,1.003400,0.201800,1.537600,325.182102,2.932739,0.212860,17.637877,3.579100,3.579100
ML-KEM-768,524288,512 KB,36,261.000001,91.000002,0.913800,0.036100,1.301900,384.054074,2.483177,0.212860,20.047623,2.419500,2.419500
ML-KEM-768,524288,512 KB,37,252.099999,71.499999,0.766000,0.029700,1.119300,446.707763,2.134895,0.212860,22.523005,2.277600,2.277600
ML-KEM-768,524288,512 KB,38,258.000000,52.399999,1.018600,0.042300,1.371300,364.617516,2.615547,0.212860,18.814264,3.018700,3.018700
ML-KEM-768,524288,512 KB,39,277.700005,72.200004,0.998300,0.034200,1.382400,361.689815,2.636719,0.212860,20.088253,2.604700,2.604700
ML-KEM-768,524288,512 KB,40,162.099997,53.500000,0.762400,0.031200,1.009200,495.441934,1.924896,0.212860,16.062227,3.093600,3.093600
ML-KEM-768,524288,512 KB,41,266.900002,124.699996,0.760900,0.064900,1.217400,410.711352,2.322006,0.212860,21.923772,3.285000,3.285000
ML-KEM-768,524288,512 KB,42,472.300002,129.499997,1.033700,0.044700,1.680200,297.583621,3.204727,0.212860,28.109749,3.799500,3.799500
ML-KEM-768,524288,512 KB,43,294.600002,104.400002,0.864800,0.043500,1.307300,382.467681,2.493477,0.212860,22.534996,2.613800,2.613800
ML-KEM-768,524288,512 KB,44,286.800001,72.399998,0.795800,0.036000,1.191000,419.815280,2.271652,0.212860,24.080605,2.637900,2.637900
ML-KEM-768,524288,512 KB,45,416.200004,74.099997,0.770900,0.038900,1.300100,384.585800,2.479744,0.212860,32.012922,4.692400,4.692400
ML-KEM-768,524288,512 KB,46,309.299998,78.100005,0.986700,0.158200,1.532300,326.306860,2.922630,0.212860,20.185342,2.242500,2.242500
ML-KEM-768,524288,512 KB,47,164.400000,62.999999,0.778600,0.031800,1.037800,481.788402,1.979446,0.212860,15.841203,2.331200,2.331200
ML-KEM-768,524288,512 KB,48,172.299995,48.599999,1.106900,0.057300,1.385100,360.984767,2.641869,0.212860,12.439535,4.067900,4.067900
ML-KEM-768,524288,512 KB,49,238.999994,135.399998,1.471200,0.037100,1.882700,265.576034,3.590965,0.212860,12.694534,2.363700,2.363700
ML-KEM-768,524288,512 KB,50,180.900002,54.000004,0.711900,0.032000,0.978800,510.829590,1.866913,0.212860,18.481815,2.196900,2.196900
ML-KEM-768,524288,512 KB,51,161.199998,42.400003,0.877500,0.030700,1.111800,449.721171,2.120590,0.212860,14.499010,4.288600,4.288600
ML-KEM-768,524288,512 KB,52,348.099995,74.600001,1.488100,0.043900,1.954700,255.793728,3.728294,0.212860,17.808359,2.416800,2.416800
ML-KEM-768,524288,512 KB,53,214.899999,61.500003,0.860000,0.031800,1.168200,428.008904,2.228165,0.212860,18.395823,1.854400,1.854400
ML-KEM-768,524288,512 KB,55,182.299998,40.599996,1.521000,0.119700,1.863600,268.297918,3.554535,0.212860,9.782142,4.551100,4.551100
ML-KEM-768,524288,512 KB,56,295.300000,110.599998,0.991800,0.131000,1.528700,327.075291,2.915764,0.212860,19.317067,2.307900,2.307900
ML-KEM-768,524288,512 KB,57,173.200002,50.600000,0.794200,0.031600,1.049600,476.371950,2.001953,0.212860,16.501525,2.435700,2.435700
ML-KEM-768,524288,512 KB,58,202.999996,47.399997,0.695600,0.054800,1.000800,499.600318,1.908875,0.212860,20.283773,3.356200,3.356200
ML-KEM-768,524288,512 KB,59,306.399997,79.600002,1.288300,0.039500,1.713800,291.749330,3.268814,0.212860,17.878399,2.982300,2.982300
ML-KEM-768,524288,512 KB,60,338.099999,98.799996,0.721600,0.060500,1.219000,410.172273,2.325058,0.212860,27.735849,2.595800,2.595800
ML-KEM-768,524288,512 KB,61,186.199999,53.800002,0.723000,0.032900,0.995900,502.058439,1.899529,0.212860,18.696656,2.618300,2.618300
ML-KEM-768,524288,512 KB,62,205.199998,59.300000,1.282800,0.046200,1.593500,313.774710,3.039360,0.212860,12.877314,3.368500,3.368500
ML-KEM-768,524288,512 KB,63,215.099994,52.899995,0.916600,0.035200,1.219800,409.903261,2.326584,0.212860,17.634038,2.482900,2.482900
ML-KEM-768,524288,512 KB,64,190.500003,49.599999,0.854700,0.204700,1.299500,384.763371,2.478600,0.212860,14.659485,3.021000,3.021000
ML-KEM-768,524288,512 KB,65,187.899997,53.099997,1.175800,0.041000,1.457800,342.982577,2.780533,0.212860,12.889285,3.533100,3.533100
ML-KEM-768,524288,512 KB,66,306.199996,91.599999,1.028600,0.041800,1.468200,340.553057,2.800369,0.212860,20.855469,2.458300,2.458300
ML-KEM-768,524288,512 KB,67,191.599996,59.900005,0.745400,0.034200,1.031100,484.919018,1.966667,0.212860,18.582096,2.637500,2.637500
ML-KEM-768,524288,512 KB,68,202.100004,61.100000,0.638500,0.187300,1.089000,459.136821,2.077103,0.212860,18.558311,2.558100,2.558100
ML-KEM-768,524288,512 KB,69,357.799996,76.900003,0.772400,0.069600,1.276700,391.634685,2.435112,0.212860,28.025378,3.094100,3.094100
ML-KEM-768,524288,512 KB,70,250.500001,72.199997,0.690900,0.035700,1.049300,476.508148,2.001381,0.212860,23.873058,2.219300,2.219300
ML-KEM-768,524288,512 KB,71,237.900000,46.800000,0.578300,0.135800,0.998800,500.600724,1.905060,0.212860,23.818582,1.691300,1.691300
ML-KEM-768,524288,512 KB,73,255.499996,72.200004,1.402700,0.098700,1.829100,273.358483,3.488731,0.212860,13.968618,3.920500,3.920500
ML-KEM-768,524288,512 KB,74,210.099999,59.799997,0.658500,0.036900,0.965300,517.973686,1.841164,0.212860,21.765254,2.461000,2.461000
ML-KEM-768,524288,512 KB,75,166.200000,49.499999,0.578800,0.026400,0.820900,609.087586,1.565742,0.212860,20.246071,1.920400,1.920400
ML-KEM-768,524288,512 KB,77,412.000001,106.000000,0.959600,0.041100,1.518700,329.228945,2.896690,0.212860,27.128465,2.220700,2.220700
ML-KEM-768,524288,512 KB,78,215.500004,64.899999,0.731900,0.033800,1.046100,477.965778,1.995277,0.212860,20.600325,1.991200,1.991200
ML-KEM-768,524288,512 KB,80,285.400005,69.400005,1.391700,0.225000,1.971500,253.613999,3.760338,0.212860,14.476287,3.131000,3.131000
ML-KEM-768,524288,512 KB,81,191.199993,55.299999,0.813500,0.033700,1.093700,457.163757,2.086067,0.212860,17.481941,2.663200,2.663200
ML-KEM-768,524288,512 KB,82,221.499999,54.800003,0.827500,0.029600,1.133400,441.150520,2.161789,0.212860,19.542968,2.027600,2.027600
ML-KEM-768,524288,512 KB,83,211.500002,37.500002,0.894100,0.030700,1.173800,425.966947,2.238846,0.212860,18.018402,4.123400,4.123400
ML-KEM-768,524288,512 KB,84,340.599996,71.100003,1.123700,0.041200,1.576600,317.138145,3.007126,0.212860,21.603450,2.102900,2.102900
ML-KEM-768,524288,512 KB,85,166.400001,59.599995,0.666100,0.030100,0.922200,542.181739,1.758957,0.212860,18.043808,1.786800,1.786800
ML-KEM-768,524288,512 KB,86,200.900002,49.599999,0.562300,0.027700,0.840500,594.884000,1.603127,0.212860,23.902439,1.815000,1.815000
ML-KEM-768,524288,512 KB,88,354.200005,169.499996,1.431500,0.038700,1.993900,250.764832,3.803062,0.212860,17.764181,3.164700,3.164700
ML-KEM-768,524288,512 KB,89,234.799998,65.699998,0.793500,0.035800,1.129800,442.556204,2.154922,0.212860,20.782439,2.559200,2.559200
ML-KEM-768,524288,512 KB,90,757.700000,68.000001,0.802500,0.031100,1.659300,301.331886,3.164864,0.212860,45.663834,3.180900,3.180900
ML-KEM-768,524288,512 KB,91,301.000000,56.800003,0.804500,0.034500,1.196800,417.780750,2.282715,0.212860,25.150401,3.382800,3.382800
ML-KEM-768,524288,512 KB,92,184.999997,49.099996,0.671600,0.152800,1.058500,472.366554,2.018929,0.212860,17.477562,1.895800,1.895800
ML-KEM-768,524288,512 KB,94,245.700001,131.100001,0.953500,0.051000,1.381300,361.977846,2.634621,0.212860,17.787591,2.867200,2.867200
ML-KEM-768,524288,512 KB,95,235.599997,137.900002,0.852900,0.039400,1.265800,395.007111,2.414322,0.212860,18.612735,2.089800,2.089800
ML-KEM-768,524288,512 KB,96,229.300000,82.000006,0.626800,0.028800,0.966900,517.116559,1.844215,0.212860,23.714965,2.102600,2.102600
ML-KEM-768,524288,512 KB,97,158.399998,36.199999,0.721300,0.025100,0.941000,531.349625,1.794815,0.212860,16.833156,2.626200,2.626200
ML-KEM-768,524288,512 KB,98,359.099999,67.300003,1.156800,0.056800,1.640000,304.878048,3.128052,0.212860,21.896341,3.018100,3.018100
ML-KEM-768,524288,512 KB,99,171.300002,80.000005,0.786500,0.027800,1.065600,469.219219,2.032471,0.212860,16.075451,2.510300,2.510300
ML-KEM-768,524288,512 KB,100,217.700006,63.799998,0.673900,0.041100,0.996500,501.756147,1.900673,0.212860,21.846463,2.211200,2.211200
ML-KEM-768,524288,512 KB,101,316.099999,65.200002,0.838100,0.067200,1.286600,388.621171,2.453995,0.212860,24.568630,3.448000,3.448000
ML-KEM-768,524288,512 KB,102,219.200003,68.200003,0.741300,0.037000,1.065700,469.175189,2.032661,0.212860,20.568641,2.024400,2.024400
ML-KEM-768,524288,512 KB,103,158.399998,42.600004,0.659300,0.035800,0.896100,557.973437,1.709175,0.212860,17.676598,2.259700,2.259700
ML-KEM-768,524288,512 KB,104,183.200005,46.199995,0.880200,0.194800,1.304400,383.318000,2.487946,0.212860,14.044772,2.498000,2.498000
ML-KEM-768,524288,512 KB,105,276.799998,57.400001,0.823400,0.038600,1.196200,417.990303,2.281570,0.212860,23.139943,3.278000,3.278000
ML-KEM-768,524288,512 KB,106,215.699998,53.700001,0.700100,0.032500,1.002000,499.001994,1.911163,0.212860,21.526946,2.072900,2.072900
ML-KEM-768,524288,512 KB,108,175.300003,33.700002,0.818200,0.029100,1.056300,473.350372,2.014732,0.212860,16.595664,2.900400,2.900400
ML-KEM-768,524288,512 KB,109,197.000001,49.300004,0.930700,0.040400,1.217400,410.711352,2.322006,0.212860,16.182027,2.575200,2.575200
ML-KEM-768,524288,512 KB,111,170.499996,41.499996,0.695700,0.037100,0.944800,529.212533,1.802063,0.212860,18.046147,2.096500,2.096500
ML-KEM-768,524288,512 KB,113,212.100000,49.599999,0.816900,0.032300,1.110900,450.085515,2.118874,0.212860,19.092628,3.042200,3.042200
ML-KEM-768,524288,512 KB,114,728.100000,52.399999,0.793200,0.207400,1.781100,280.725394,3.397179,0.212860,40.879232,2.521200,2.521200
ML-KEM-768,524288,512 KB,115,173.200002,45.399996,0.582500,0.030100,0.831200,601.539943,1.585388,0.212860,20.837344,2.404000,2.404000
ML-KEM-768,524288,512 KB,116,180.399998,42.899999,0.745100,0.033200,1.001600,499.201277,1.910400,0.212860,18.011182,2.073500,2.073500
ML-KEM-768,524288,512 KB,118,183.200005,47.800000,0.641100,0.036800,0.908900,550.115528,1.733589,0.212860,20.156234,2.015800,2.015800
ML-KEM-768,524288,512 KB,119,163.699995,49.700000,0.617100,0.026900,0.857400,583.158389,1.635361,0.212860,19.092605,1.972500,1.972500
ML-KEM-768,524288,512 KB,121,251.700003,181.299998,0.992200,0.057700,1.482900,337.177153,2.828407,0.212860,16.973498,3.493800,3.493800
ML-KEM-768,524288,512 KB,122,254.899998,67.100002,0.977700,0.042700,1.342400,372.467221,2.560425,0.212860,18.988379,3.015000,3.015000
ML-KEM-768,524288,512 KB,123,232.200000,52.600000,0.876800,0.032700,1.194300,418.655277,2.277946,0.212860,19.442351,1.851500,1.851500
ML-KEM-768,524288,512 KB,124,192.100000,42.100000,0.645800,0.031300,0.911300,548.666741,1.738167,0.212860,21.079776,1.813300,1.813300
ML-KEM-768,524288,512 KB,126,227.199998,69.500005,0.870400,0.227900,1.395000,358.422939,2.660751,0.212860,16.286738,2.953300,2.953300
ML-KEM-768,524288,512 KB,127,272.199999,84.500003,0.866600,0.035300,1.258600,397.266804,2.400589,0.212860,21.627205,3.248700,3.248700
ML-KEM-768,524288,512 KB,128,229.500001,60.099999,0.974600,0.034400,1.298600,385.030032,2.476883,0.212860,17.672879,2.271800,2.271800
ML-KEM-768,524288,512 KB,129,322.300002,69.100002,0.828300,0.037000,1.256700,397.867430,2.396965,0.212860,25.646535,3.552000,3.552000
ML-KEM-768,524288,512 KB,130,254.400002,68.600006,0.857700,0.041700,1.222400,409.031415,2.331543,0.212860,20.811519,3.085100,3.085100
ML-KEM-768,524288,512 KB,132,227.199998,50.200004,0.938200,0.042900,1.258500,397.298371,2.400398,0.212860,18.053238,4.195300,4.195300
ML-KEM-768,524288,512 KB,133,359.300000,87.199995,0.859900,0.043300,1.349700,370.452694,2.574348,0.212860,26.620731,2.928200,2.928200
ML-KEM-768,524288,512 KB,134,260.800000,84.600004,1.352000,0.058500,1.755900,284.754256,3.349113,0.212860,14.852782,4.141800,4.141800
ML-KEM-768,524288,512 KB,137,368.900000,89.399997,1.206900,0.045200,1.710400,292.329280,3.262329,0.212860,21.568054,3.810900,3.810900
ML-KEM-768,524288,512 KB,138,469.099999,93.099996,1.082100,0.046500,1.690800,295.718004,3.224945,0.212860,27.744263,2.947000,2.947000
ML-KEM-768,524288,512 KB,139,239.100002,75.299999,1.039600,0.033400,1.387400,360.386334,2.646255,0.212860,17.233675,2.861300,2.861300
ML-KEM-768,524288,512 KB,140,286.200004,82.899998,0.996600,0.198900,1.564600,319.570498,2.984238,0.212860,18.292216,3.248100,3.248100
ML-KEM-768,524288,512 KB,141,238.900000,74.500000,0.794800,0.050500,1.158700,431.518082,2.210045,0.212860,20.617934,2.218100,2.218100
ML-KEM-768,524288,512 KB,142,189.999999,56.899997,0.722700,0.026900,0.996500,501.756147,1.900673,0.212860,19.066733,2.383000,2.383000
ML-KEM-768,524288,512 KB,143,285.400005,82.799997,1.355100,0.062700,1.786000,279.955208,3.406525,0.212860,15.979844,2.421300,2.421300
ML-KEM-768,524288,512 KB,144,309.800002,77.899997,1.198300,0.402400,1.988400,251.458459,3.792572,0.212860,15.580366,3.283500,3.283500
ML-KEM-768,524288,512 KB,145,247.999997,133.000001,1.243000,0.056800,1.680800,297.477392,3.205872,0.212860,14.754878,2.751900,2.751900
ML-KEM-768,524288,512 KB,146,238.299996,60.500002,0.812700,0.037800,1.149300,435.047421,2.192116,0.212860,20.734360,1.831600,1.831600
ML-KEM-768,524288,512 KB,147,210.000006,50.000002,0.749700,0.028700,1.038400,481.510016,1.980591,0.212860,20.223421,2.543100,2.543100
ML-KEM-768,524288,512 KB,148,316.600002,98.600001,1.092200,0.055400,1.562800,319.938573,2.980804,0.212860,20.258511,2.954900,2.954900
ML-KEM-768,524288,512 KB,149,296.000006,75.600001,1.076300,0.045300,1.493200,334.851327,2.848053,0.212860,19.823199,2.721200,2.721200
ML-KEM-768,524288,512 KB,150,236.399996,39.600003,1.002600,0.042400,1.321000,378.501135,2.519608,0.212860,17.895533,2.365200,2.365200
ML-KEM-768,524288,512 KB,151,274.800004,40.500003,1.264700,0.048200,1.628200,307.087581,3.105545,0.212860,16.877534,3.210000,3.210000
ML-KEM-768,524288,512 KB,152,248.999997,97.200005,0.869000,0.028200,1.243400,402.123212,2.371597,0.212860,20.025736,2.940400,2.940400
ML-KEM-768,524288,512 KB,153,281.499997,90.299996,1.125600,0.048000,1.545400,323.540832,2.947617,0.212860,18.215349,2.451100,2.451100
ML-KEM-768,524288,512 KB,154,264.599999,71.600000,1.141900,0.044900,1.523000,328.299409,2.904892,0.212860,17.373605,3.100100,3.100100
ML-KEM-768,524288,512 KB,155,348.199996,96.299998,1.393200,0.053600,1.891300,264.368425,3.607368,0.212860,18.410617,2.504800,2.504800
ML-KEM-768,524288,512 KB,156,212.499996,65.100001,0.751800,0.033300,1.062700,470.499670,2.026939,0.212860,19.996236,2.657600,2.657600
ML-KEM-768,524288,512 KB,157,190.000006,55.600001,0.969400,0.031900,1.246900,400.994466,2.378273,0.212860,15.237790,2.034600,2.034600
ML-KEM-768,524288,512 KB,158,171.299995,39.799997,0.678500,0.037100,0.926700,539.548938,1.767540,0.212860,18.484946,4.272500,4.272500
ML-KEM-768,524288,512 KB,159,211.500002,79.300000,0.800000,0.037000,1.127800,443.341020,2.151108,0.212860,18.753325,2.411800,2.411800
ML-KEM-768,524288,512 KB,160,214.200001,38.300001,0.778300,0.035500,1.066300,468.911188,2.033806,0.212860,20.088155,3.127500,3.127500
ML-KEM-768,524288,512 KB,161,207.300000,56.100005,0.810200,0.036300,1.109900,450.491034,2.116966,0.212860,18.677358,2.719500,2.719500
ML-KEM-768,524288,512 KB,162,247.299999,64.200001,0.788900,0.060100,1.160500,430.848773,2.213478,0.212860,21.309780,3.527300,3.527300
ML-KEM-768,524288,512 KB,163,181.199997,68.000001,0.670800,0.035400,0.955400,523.341010,1.822281,0.212860,18.965878,2.737500,2.737500
ML-KEM-768,524288,512 KB,164,218.100002,56.299999,0.815900,0.037000,1.127300,443.537657,2.150154,0.212860,19.347113,2.322300,2.322300
ML-KEM-768,524288,512 KB,165,178.900002,28.200004,0.744900,0.035000,0.987000,506.585613,1.882553,0.212860,18.125633,3.892900,3.892900
ML-KEM-768,524288,512 KB,166,269.900003,74.700001,0.707000,0.270700,1.322300,378.129018,2.522087,0.212860,20.411405,2.671300,2.671300
ML-KEM-768,524288,512 KB,167,213.199994,57.900004,0.845700,0.051000,1.167800,428.155506,2.227402,0.212860,18.256550,3.013800,3.013800
ML-KEM-768,524288,512 KB,168,204.099997,43.300002,0.570500,0.050100,0.868000,576.036869,1.655579,0.212860,23.513825,3.154800,3.154800
ML-KEM-768,524288,512 KB,169,361.399994,101.600002,0.817400,0.042100,1.322500,378.071834,2.522469,0.212860,27.327032,3.030500,3.030500
ML-KEM-768,524288,512 KB,170,278.899999,69.000002,0.819800,0.056300,1.224000,408.496730,2.334595,0.212860,22.785948,2.130300,2.130300
ML-KEM-768,524288,512 KB,171,301.500004,73.000003,1.283300,0.053600,1.711400,292.158467,3.264236,0.212860,17.617156,3.167800,3.167800
ML-KEM-768,524288,512 KB,172,236.900007,65.600005,0.863700,0.046700,1.212900,412.235138,2.313423,0.212860,19.531701,2.965600,2.965600
ML-KEM-768,524288,512 KB,173,205.500000,61.100000,0.720500,0.032400,1.019500,490.436489,1.944542,0.212860,20.156940,2.295200,2.295200
ML-KEM-768,524288,512 KB,174,206.699995,58.700003,0.757400,0.035100,1.057900,472.634464,2.017784,0.212860,19.538708,2.227700,2.227700
ML-KEM-768,524288,512 KB,175,207.000005,54.399999,0.805200,0.037600,1.104200,452.816520,2.106094,0.212860,18.746604,2.194900,2.194900
ML-KEM-768,524288,512 KB,177,205.700002,93.099996,0.799600,0.041400,1.139800,438.673452,2.173996,0.212860,18.047026,2.343000,2.343000
ML-KEM-768,524288,512 KB,178,165.699996,42.100000,0.573100,0.051900,0.832800,600.384248,1.588440,0.212860,19.896733,4.646700,4.646700
ML-KEM-768,524288,512 KB,179,268.400006,74.600001,0.890100,0.033300,1.266400,394.819961,2.415466,0.212860,21.193936,2.680000,2.680000
ML-KEM-768,524288,512 KB,180,238.999994,60.200000,0.812300,0.053900,1.165400,429.037239,2.222824,0.212860,20.507979,2.675900,2.675900
ML-KEM-768,524288,512 KB,181,251.700003,54.399999,1.037100,0.084900,1.428100,350.115539,2.723885,0.212860,17.624816,3.129000,3.129000
ML-KEM-768,524288,512 KB,182,421.199999,95.100004,0.940500,0.066400,1.523200,328.256302,2.905273,0.212860,27.652311,3.655300,3.655300
ML-KEM-768,524288,512 KB,183,313.400000,97.400000,1.320600,0.113000,1.844400,271.090869,3.517914,0.212860,16.991976,2.443400,2.443400
ML-KEM-768,524288,512 KB,184,268.399999,77.099998,1.145700,0.057600,1.548800,322.830577,2.954102,0.212860,17.329545,2.900500,2.900500
ML-KEM-768,524288,512 KB,185,315.599995,84.500003,1.212900,0.073400,1.686400,296.489562,3.216553,0.212860,18.714421,2.962000,2.962000
ML-KEM-768,524288,512 KB,186,457.700000,99.999997,0.911200,0.109400,1.578300,316.796554,3.010368,0.212860,28.999557,2.323600,2.323600
ML-KEM-768,524288,512 KB,187,163.299999,46.499998,0.582400,0.036000,0.828200,603.718910,1.579666,0.212860,19.717460,2.127500,2.127500
ML-KEM-768,524288,512 KB,188,145.700003,28.900002,0.557800,0.302600,1.035000,483.091787,1.974106,0.212860,14.077295,3.485200,3.485200
ML-KEM-768,524288,512 KB,189,369.900001,103.200000,0.856500,0.070900,1.400500,357.015352,2.671242,0.212860,26.411996,2.811400,2.811400
ML-KEM-768,524288,512 KB,190,234.200001,61.500003,0.808000,0.043000,1.146700,436.033836,2.187157,0.212860,20.423825,2.006200,2.006200
ML-KEM-768,524288,512 KB,191,199.000002,34.400000,0.634800,0.041500,0.909700,549.631747,1.735115,0.212860,21.875344,2.790600,2.790600
ML-KEM-768,524288,512 KB,192,207.599995,49.800001,0.863900,0.034200,1.155500,432.713110,2.203941,0.212860,17.966248,2.805800,2.805800
ML-KEM-768,524288,512 KB,193,197.700007,60.700004,0.722900,0.066700,1.048000,477.099237,1.998901,0.212860,18.864504,3.168800,3.168800
ML-KEM-768,524288,512 KB,194,159.299998,44.099994,0.578800,0.049700,0.831900,601.033780,1.586723,0.212860,19.148936,1.681600,1.681600
ML-KEM-768,524288,512 KB,196,160.199997,40.500003,0.686600,0.053200,0.940500,531.632110,1.793861,0.212860,17.033493,3.277900,3.277900
ML-KEM-768,524288,512 KB,197,326.499998,102.999998,1.073700,0.064000,1.567200,319.040327,2.989197,0.212860,20.833333,2.003900,2.003900
ML-KEM-768,524288,512 KB,198,215.400003,51.299998,0.694900,0.041200,1.002800,498.603907,1.912689,0.212860,21.479857,1.978000,1.978000
ML-KEM-768,524288,512 KB,199,140.700002,31.600001,0.674500,0.035100,0.881900,566.957705,1.682091,0.212860,15.954190,2.003000,2.003000
ML-KEM-768,524288,512 KB,200,230.199999,58.600002,0.805300,0.054800,1.148900,435.198885,2.191353,0.212860,20.036557,4.850300,4.850300
ML-KEM-768,524288,512 KB,201,314.900004,69.099995,0.794400,0.036300,1.214700,411.624271,2.316856,0.212860,25.924097,2.033700,2.033700
ML-KEM-768,524288,512 KB,202,183.099997,47.800000,0.696700,0.037600,0.965200,518.027351,1.840973,0.212860,18.970161,2.129400,2.129400
ML-KEM-768,524288,512 KB,203,201.800001,40.300001,0.851700,0.054800,1.148600,435.312554,2.190781,0.212860,17.569215,2.479800,2.479800
ML-KEM-768,524288,512 KB,204,226.099997,91.200003,1.046900,0.068000,1.432200,349.113253,2.731705,0.212860,15.786901,4.187100,4.187100
ML-KEM-768,524288,512 KB,206,551.199999,95.800002,0.927700,0.048100,1.622800,308.109440,3.095245,0.212860,33.965985,4.430900,4.430900
ML-KEM-768,524288,512 KB,207,267.700001,85.100000,0.807900,0.036400,1.197100,417.676051,2.283287,0.212860,22.362376,2.581100,2.581100
ML-KEM-768,524288,512 KB,208,268.000003,73.600000,0.851100,0.058500,1.251200,399.616370,2.386475,0.212860,21.419438,3.129800,3.129800
ML-KEM-768,524288,512 KB,209,390.499998,91.800001,1.161900,0.051400,1.695600,294.880868,3.234100,0.212860,23.030196,3.742500,3.742500
ML-KEM-768,524288,512 KB,210,398.700002,104.600003,1.300200,0.042600,1.846100,270.841233,3.521156,0.212860,21.596880,3.793100,3.793100
ML-KEM-768,524288,512 KB,211,373.399998,117.800002,1.261900,0.070000,1.823100,274.258132,3.477287,0.212860,20.481597,6.385700,6.385700
ML-KEM-768,524288,512 KB,212,366.900000,138.600000,1.048700,0.040200,1.594400,313.597591,3.041077,0.212860,23.011791,4.589200,4.589200
ML-KEM-768,524288,512 KB,213,329.099996,85.699998,1.198100,0.071600,1.684500,296.823984,3.212929,0.212860,19.536954,5.764700,5.764700
ML-KEM-768,524288,512 KB,215,283.000001,109.399996,1.060200,0.041000,1.493600,334.761650,2.848816,0.212860,18.947509,5.046700,5.046700
ML-KEM-768,524288,512 KB,216,373.700001,115.100003,1.407900,0.044600,1.941300,257.559368,3.702736,0.212860,19.249987,4.073400,4.073400
ML-KEM-768,524288,512 KB,217,328.700000,85.099993,0.779700,0.043200,1.236700,404.301770,2.358818,0.212860,26.578798,4.000300,4.000300
ML-KEM-768,524288,512 KB,218,298.999999,84.700005,1.136900,0.091900,1.612500,310.077520,3.075600,0.212860,18.542636,2.989800,2.989800
ML-KEM-768,524288,512 KB,219,299.300002,127.400002,0.855100,0.039100,1.320900,378.529790,2.519417,0.212860,22.658793,2.688200,2.688200
ML-KEM-768,524288,512 KB,220,264.999995,178.299997,1.421300,0.045100,1.909700,261.821228,3.642464,0.212860,13.876525,2.853900,2.853900
ML-KEM-768,524288,512 KB,221,406.399995,57.899997,0.830700,0.035000,1.330000,375.939850,2.536774,0.212860,30.556391,3.630300,3.630300
ML-KEM-768,524288,512 KB,222,335.500001,69.399997,1.028400,0.047300,1.480600,337.700931,2.824020,0.212860,22.659733,4.060200,4.060200
ML-KEM-768,524288,512 KB,223,359.300000,85.200001,1.416500,0.046400,1.907400,262.136940,3.638077,0.212860,18.837161,2.876600,2.876600
ML-KEM-768,524288,512 KB,225,343.799999,102.200000,1.317500,0.085100,1.848600,270.474954,3.525925,0.212860,18.597858,3.431300,3.431300
ML-KEM-768,524288,512 KB,226,264.700000,107.200001,0.911900,0.062900,1.346700,371.277938,2.568626,0.212860,19.655454,2.952000,2.952000
ML-KEM-768,524288,512 KB,227,371.000002,81.099999,1.146400,0.087900,1.686400,296.489564,3.216553,0.212860,21.999526,2.693200,2.693200
ML-KEM-768,524288,512 KB,228,306.700000,82.899998,1.119100,0.082400,1.591100,314.248004,3.034782,0.212860,19.275973,2.607700,2.607700
ML-KEM-768,524288,512 KB,229,259.499997,82.200000,0.869500,0.039600,1.250800,399.744164,2.385712,0.212860,20.746722,2.889300,2.889300
ML-KEM-768,524288,512 KB,231,350.800001,106.200001,0.981700,0.049900,1.488600,335.886068,2.839279,0.212860,23.565767,2.706100,2.706100
ML-KEM-768,524288,512 KB,232,200.999995,50.999995,0.832300,0.051600,1.135900,440.179594,2.166557,0.212860,17.695219,2.946700,2.946700
ML-KEM-768,524288,512 KB,233,219.800000,54.699995,0.740400,0.048400,1.063300,470.234174,2.028084,0.212860,20.671494,4.491400,4.491400
ML-KEM-768,524288,512 KB,234,338.300000,98.400000,1.042100,0.045100,1.523900,328.105519,2.906609,0.212860,22.199619,3.255200,3.255200
ML-KEM-768,524288,512 KB,235,230.100006,63.499996,0.836200,0.046100,1.175900,425.206226,2.242851,0.212860,19.567991,2.605100,2.605100
ML-KEM-768,524288,512 KB,236,234.799998,62.999999,1.107400,0.205300,1.610500,310.462589,3.071785,0.212860,14.579323,3.592400,3.592400
ML-KEM-768,524288,512 KB,237,297.999999,94.600000,1.271100,0.057500,1.721200,290.495003,3.282928,0.212860,17.313502,3.009900,3.009900
ML-KEM-768,524288,512 KB,238,184.000004,49.499999,0.589000,0.027300,0.849800,588.373733,1.620865,0.212860,21.652154,2.672400,2.672400
ML-KEM-768,524288,512 KB,239,279.699998,58.500002,0.817900,0.038600,1.194700,418.515110,2.278709,0.212860,23.411735,2.807000,2.807000
ML-KEM-768,524288,512 KB,240,234.100000,75.900003,0.764800,0.034600,1.109400,450.694069,2.116013,0.212860,21.101496,2.696300,2.696300
ML-KEM-768,524288,512 KB,241,240.800000,56.600002,0.778900,0.040900,1.117200,447.547440,2.130890,0.212860,21.553885,2.322900,2.322900
ML-KEM-768,524288,512 KB,242,221.300004,56.500001,0.799000,0.036700,1.113500,449.034578,2.123833,0.212860,19.874271,2.606500,2.606500
ML-KEM-768,524288,512 KB,243,218.800000,53.900003,0.795500,0.036700,1.104900,452.529643,2.107429,0.212860,19.802697,3.245200,3.245200
ML-KEM-768,524288,512 KB,244,259.199995,77.400000,0.788300,0.040100,1.165000,429.184549,2.222061,0.212860,22.248927,3.251100,3.251100
ML-KEM-768,524288,512 KB,245,247.500000,55.999997,0.799400,0.037700,1.140600,438.365771,2.175522,0.212860,21.699106,2.215600,2.215600
ML-KEM-768,524288,512 KB,246,202.100004,37.199999,0.787800,0.036200,1.063300,470.234177,2.028084,0.212860,19.006866,3.024700,3.024700
ML-KEM-768,524288,512 KB,247,461.700001,68.599998,1.327500,0.048100,1.905900,262.343250,3.635216,0.212860,24.224776,3.173600,3.173600
ML-KEM-768,524288,512 KB,248,301.300002,83.300001,1.260200,0.074900,1.719700,290.748387,3.280067,0.212860,17.520498,3.030000,3.030000
ML-KEM-768,524288,512 KB,249,285.199996,67.900000,1.251100,0.045100,1.649300,303.158916,3.145790,0.212860,17.292184,2.772700,2.772700
ML-KEM-768,524288,512 KB,251,274.999999,82.300001,0.830300,0.039900,1.227500,407.331974,2.341270,0.212860,22.403258,2.580000,2.580000
ML-KEM-768,524288,512 KB,252,242.100003,73.700001,0.810700,0.037700,1.164200,429.479470,2.220535,0.212860,20.795396,2.636300,2.636300
ML-KEM-768,524288,512 KB,253,217.800000,41.300002,0.798000,0.039500,1.096600,455.954767,2.091599,0.212860,19.861390,2.265600,2.265600
ML-KEM-768,524288,512 KB,254,217.599998,54.600001,1.252500,0.046200,1.570900,318.288879,2.996254,0.212860,13.851932,3.631600,3.631600
ML-KEM-768,524288,512 KB,255,335.400000,95.199997,1.273400,0.055700,1.759700,284.139341,3.356361,0.212860,19.060067,3.542000,3.542000
ML-KEM-768,524288,512 KB,256,341.200001,95.900003,1.285000,0.047100,1.769200,282.613610,3.374481,0.212860,19.285553,3.828400,3.828400
ML-KEM-768,524288,512 KB,257,325.399997,144.999998,1.163300,0.049900,1.683600,296.982656,3.211212,0.212860,19.327631,3.812500,3.812500
ML-KEM-768,524288,512 KB,259,334.400000,93.900002,1.244000,0.049300,1.721600,290.427508,3.283691,0.212860,19.423792,4.124300,4.124300
ML-KEM-768,524288,512 KB,260,372.800001,102.099999,1.231200,0.050600,1.756700,284.624580,3.350639,0.212860,21.221609,3.232700,3.232700
ML-KEM-768,524288,512 KB,261,334.499993,95.100004,1.168900,0.044000,1.642500,304.414003,3.132820,0.212860,20.365296,2.996300,2.996300
ML-KEM-768,524288,512 KB,262,360.099999,99.900004,1.119700,0.089800,1.669500,299.490865,3.184319,0.212860,21.569332,3.196500,3.196500
ML-KEM-768,524288,512 KB,263,317.400001,97.700002,1.198900,0.056800,1.670800,299.257841,3.186798,0.212860,18.996888,2.539000,2.539000
ML-KEM-768,524288,512 KB,264,189.499995,56.800003,1.091200,0.040800,1.378300,362.765727,2.628899,0.212860,13.748821,2.436100,2.436100
ML-KEM-768,524288,512 KB,265,313.299999,77.500001,0.977100,0.044800,1.412700,353.932186,2.694511,0.212860,22.177391,3.164500,3.164500
ML-KEM-768,524288,512 KB,266,339.400001,100.300000,1.141200,0.058500,1.639400,304.989631,3.126907,0.212860,20.702696,3.263200,3.263200
ML-KEM-768,524288,512 KB,267,326.199995,87.799999,1.184000,0.043800,1.641800,304.543793,3.131485,0.212860,19.868437,2.329100,2.329100
ML-KEM-768,524288,512 KB,268,230.699996,56.200006,0.809700,0.032100,1.128700,442.987507,2.152824,0.212860,20.439443,2.227600,2.227600
ML-KEM-768,524288,512 KB,269,144.300000,23.900000,1.053900,0.094300,1.316400,379.823760,2.510834,0.212860,10.961714,3.254100,3.254100
ML-KEM-768,524288,512 KB,270,339.600003,118.600001,1.230200,0.046200,1.734600,288.250894,3.308487,0.212860,19.578001,1.752300,1.752300
ML-KEM-768,524288,512 KB,271,207.099998,45.799999,0.605300,0.027100,0.885300,564.780298,1.688576,0.212860,23.393200,1.760400,1.760400
ML-KEM-768,524288,512 KB,272,213.899999,51.299998,0.806400,0.030700,1.102300,453.597026,2.102470,0.212860,19.404881,1.818400,1.818400
ML-KEM-768,524288,512 KB,273,242.900001,66.300003,0.894800,0.042000,1.246000,401.284109,2.376556,0.212860,19.494382,3.217200,3.217200
ML-KEM-768,524288,512 KB,274,423.100006,108.000000,1.155400,0.057500,1.744000,286.697248,3.326416,0.212860,24.260321,2.378200,2.378200
ML-KEM-768,524288,512 KB,275,207.400000,63.899999,0.779500,0.028200,1.079000,463.392029,2.058029,0.212860,19.221501,1.859000,1.859000
ML-KEM-768,524288,512 KB,277,175.400004,52.700001,0.815400,0.032700,1.076200,464.597658,2.052689,0.212860,16.298086,3.204200,3.204200
ML-KEM-768,524288,512 KB,278,353.099997,90.399997,1.228500,0.046700,1.718700,290.917554,3.278160,0.212860,20.544597,2.873000,2.873000
ML-KEM-768,524288,512 KB,279,210.700004,48.700000,0.587200,0.026700,0.873300,572.540937,1.665688,0.212860,24.126876,1.937300,1.937300
ML-KEM-768,524288,512 KB,280,210.099999,50.300005,0.924400,0.111400,1.296200,385.742942,2.472305,0.212860,16.208918,1.877300,1.877300
ML-KEM-768,524288,512 KB,282,314.899997,85.399995,1.071300,0.048700,1.520300,328.882457,2.899742,0.212860,20.713017,2.799100,2.799100
ML-KEM-768,524288,512 KB,283,199.299997,65.100001,0.680400,0.031800,0.976600,511.980340,1.862717,0.212860,20.407536,2.388300,2.388300
ML-KEM-768,524288,512 KB,284,182.800002,43.599997,0.576200,0.027900,0.830500,602.046959,1.584053,0.212860,22.010837,2.023100,2.023100
ML-KEM-768,524288,512 KB,285,177.499998,32.099997,0.697800,0.027800,0.935200,534.644997,1.783752,0.212860,18.979897,3.120200,3.120200
ML-KEM-768,524288,512 KB,287,241.099995,54.000004,0.773800,0.039500,1.108400,451.100686,2.114105,0.212860,21.752075,1.753300,1.753300
ML-KEM-768,524288,512 KB,288,142.799996,40.300001,0.747200,0.026500,0.956800,522.575254,1.824951,0.212860,14.924749,2.178100,2.178100
ML-KEM-768,524288,512 KB,289,304.800000,71.499999,1.252900,0.046400,1.675600,298.400572,3.195953,0.212860,18.190499,2.659900,2.659900
ML-KEM-768,524288,512 KB,290,525.399999,76.199998,0.796400,0.036600,1.434600,348.529206,2.736282,0.212860,36.623449,2.675700,2.675700
ML-KEM-768,524288,512 KB,291,240.399997,70.000002,1.465700,0.047200,1.823300,274.228048,3.477669,0.212860,13.184884,3.100600,3.100600
ML-KEM-768,524288,512 KB,292,240.699999,69.800000,0.811100,0.031200,1.152800,433.726580,2.198791,0.212860,20.879598,3.137000,3.137000
ML-KEM-768,524288,512 KB,293,400.100005,100.600002,0.998200,0.036300,1.535200,325.690464,2.928162,0.212860,26.061751,3.320700,3.320700
ML-KEM-768,524288,512 KB,294,341.100000,100.599995,1.203700,0.054200,1.699600,294.186868,3.241730,0.212860,20.069428,2.559400,2.559400
ML-KEM-768,524288,512 KB,295,318.499995,72.199997,1.202200,0.044100,1.637000,305.436774,3.122330,0.212860,19.456322,3.014600,3.014600
ML-KEM-768,524288,512 KB,296,379.600002,81.400001,1.098600,0.072000,1.631600,306.447658,3.112030,0.212860,23.265506,3.007400,3.007400
ML-KEM-768,524288,512 KB,297,219.400004,57.599995,0.806200,0.029300,1.112500,449.438201,2.121925,0.212860,19.721349,2.767700,2.767700
ML-KEM-768,524288,512 KB,298,265.700000,42.199994,1.122500,0.042000,1.472400,339.581636,2.808380,0.212860,18.045368,2.787200,2.787200
ML-KEM-768,524288,512 KB,299,294.500001,42.500003,1.007400,0.039200,1.383600,361.376120,2.639008,0.212860,21.285054,2.895200,2.895200
ML-KEM-768,1048576,1 MB,1,201.600000,71.499999,1.975500,0.339300,2.587900,386.413694,2.468014,0.106430,7.790100,6.793500,6.793500
ML-KEM-768,1048576,1 MB,2,375.500000,102.799997,2.890700,0.465200,3.834200,260.810600,3.656578,0.106430,9.793438,6.124300,6.124300
ML-KEM-768,1048576,1 MB,3,309.000003,94.100003,2.101500,0.277200,2.781800,359.479474,2.652931,0.106430,11.107916,5.292800,5.292800
ML-KEM-768,1048576,1 MB,4,351.899995,176.700007,3.373100,0.610500,4.512200,221.621382,4.303169,0.106430,7.798856,5.988100,5.988100
ML-KEM-768,1048576,1 MB,5,480.000002,170.900006,3.186200,0.471900,4.309000,232.072406,4.109383,0.106430,11.139476,7.307900,7.307900
ML-KEM-768,1048576,1 MB,6,450.699998,373.899995,3.603900,0.373000,4.801500,208.268250,4.579067,0.106430,9.386650,5.913000,5.913000
ML-KEM-768,1048576,1 MB,7,546.299998,159.999996,3.165000,0.427500,4.298800,232.623058,4.099655,0.106430,12.708198,4.706400,4.706400
ML-KEM-768,1048576,1 MB,8,293.999998,91.800001,1.985300,0.434800,2.805900,356.391888,2.675915,0.106430,10.477921,5.577900,5.577900
ML-KEM-768,1048576,1 MB,9,388.699998,91.899994,1.977500,0.292300,2.750400,363.583479,2.622986,0.106430,14.132490,4.302900,4.302900
ML-KEM-768,1048576,1 MB,10,483.100004,171.300002,3.573500,0.367000,4.594900,217.632592,4.382038,0.106430,10.513831,4.690000,4.690000
ML-KEM-768,1048576,1 MB,11,333.999997,115.700001,2.508400,0.659300,3.617400,276.441643,3.449821,0.106430,9.233151,5.682800,5.682800
ML-KEM-768,1048576,1 MB,12,416.899995,148.400002,3.128200,0.396400,4.089900,244.504756,3.900433,0.106430,10.193403,5.607500,5.607500
ML-KEM-768,1048576,1 MB,13,378.099998,114.200004,3.001600,0.333800,3.827700,261.253494,3.650379,0.106430,9.877995,5.822600,5.822600
ML-KEM-768,1048576,1 MB,14,285.000002,114.099996,2.043600,0.338800,2.781500,359.518246,2.652645,0.106430,10.246270,6.199900,6.199900
ML-KEM-768,1048576,1 MB,15,314.600002,92.099996,1.869100,0.344600,2.620400,381.621127,2.499008,0.106430,12.005801,8.731700,8.731700
ML-KEM-768,1048576,1 MB,17,277.200001,120.699995,2.185200,0.678000,3.261100,306.644997,3.110027,0.106430,8.500199,6.441800,6.441800
ML-KEM-768,1048576,1 MB,18,457.800001,178.299997,2.437900,0.356400,3.430400,291.511194,3.271484,0.106430,13.345382,6.952900,6.952900
ML-KEM-768,1048576,1 MB,19,397.500000,115.600000,3.199400,0.388300,4.100800,243.854858,3.910828,0.106430,9.693231,7.210600,7.210600
ML-KEM-768,1048576,1 MB,20,376.299999,115.499999,3.520500,0.355300,4.367600,228.958696,4.165268,0.106430,8.615716,5.396600,5.396600
ML-KEM-768,1048576,1 MB,21,360.099999,125.700004,2.660000,0.649300,3.795100,263.497668,3.619289,0.106430,9.488551,6.508400,6.508400
ML-KEM-768,1048576,1 MB,22,369.699999,110.999994,2.873900,0.355200,3.709800,269.556310,3.537941,0.106430,9.965497,5.998700,5.998700
ML-KEM-768,1048576,1 MB,23,325.599998,99.400000,2.583700,0.481000,3.489700,286.557584,3.328037,0.106430,9.330315,5.279200,5.279200
ML-KEM-768,1048576,1 MB,25,406.700005,150.000000,2.542600,0.358400,3.457700,289.209590,3.297520,0.106430,11.762154,6.282000,6.282000
ML-KEM-768,1048576,1 MB,26,337.400001,89.599998,2.046500,0.352200,2.825700,353.894610,2.694798,0.106430,11.940404,4.947200,4.947200
ML-KEM-768,1048576,1 MB,27,301.100001,118.799995,3.705300,0.622400,4.747600,210.632741,4.527664,0.106430,6.342152,5.472700,5.472700
ML-KEM-768,1048576,1 MB,28,395.000003,102.899998,3.053600,0.823700,4.375200,228.560980,4.172516,0.106430,9.028159,6.222800,6.222800
ML-KEM-768,1048576,1 MB,29,291.600001,96.099997,2.456000,0.553800,3.397500,294.334069,3.240108,0.106430,8.582781,4.916800,4.916800
ML-KEM-768,1048576,1 MB,30,547.900003,124.999999,3.246200,0.572600,4.491700,222.632856,4.283619,0.106430,12.198054,4.232400,4.232400
ML-KEM-768,1048576,1 MB,31,293.400000,165.899997,3.646000,0.492300,4.597600,217.504785,4.384613,0.106430,6.381590,5.195300,5.195300
ML-KEM-768,1048576,1 MB,32,461.500000,122.300000,3.028700,0.494200,4.106700,243.504517,3.916454,0.106430,11.237733,5.340200,5.340200
ML-KEM-768,1048576,1 MB,35,175.499998,43.499997,1.645500,0.378500,2.243000,445.831477,2.139091,0.106430,7.824342,6.575300,6.575300
ML-KEM-768,1048576,1 MB,36,277.600004,86.299995,2.376500,0.282400,3.022800,330.819108,2.882767,0.106430,9.183539,4.051500,4.051500
ML-KEM-768,1048576,1 MB,37,175.800007,43.000000,2.988400,0.459000,3.666200,272.761988,3.496361,0.106430,4.795156,6.517000,6.517000
ML-KEM-768,1048576,1 MB,38,362.799998,79.199999,2.138100,0.385600,2.965700,337.188522,2.828312,0.106430,12.233200,7.026700,7.026700
ML-KEM-768,1048576,1 MB,39,292.299999,92.800001,2.039700,0.292800,2.717600,367.971740,2.591705,0.106430,10.755814,3.094600,3.094600
ML-KEM-768,1048576,1 MB,40,158.499999,43.399996,1.614600,0.504100,2.320600,430.923038,2.213097,0.106430,6.830130,6.114400,6.114400
ML-KEM-768,1048576,1 MB,41,310.800002,79.300000,1.792700,0.234200,2.417000,413.736037,2.305031,0.106430,12.858916,3.830400,3.830400
ML-KEM-768,1048576,1 MB,42,223.800002,62.300001,1.976400,0.319700,2.582200,387.266671,2.462578,0.106430,8.667028,5.182100,5.182100
ML-KEM-768,1048576,1 MB,44,339.799997,71.900002,2.702400,0.509100,3.623200,275.999116,3.455353,0.106430,9.378450,4.324200,4.324200
ML-KEM-768,1048576,1 MB,45,253.500002,69.199996,1.988700,0.382500,2.693900,371.209028,2.569103,0.106430,9.410149,3.730400,3.730400
ML-KEM-768,1048576,1 MB,46,181.000003,45.699999,2.954400,0.543700,3.724800,268.470790,3.552246,0.106430,4.859321,4.243400,4.243400
ML-KEM-768,1048576,1 MB,47,271.099998,66.499997,2.183300,0.375500,2.896400,345.256180,2.762222,0.106430,9.359895,4.083000,4.083000
ML-KEM-768,1048576,1 MB,48,310.300005,101.699996,2.621500,0.465000,3.498500,285.836788,3.336430,0.106430,8.869516,3.127700,3.127700
ML-KEM-768,1048576,1 MB,49,168.300001,36.700003,1.941800,0.404600,2.551400,391.941679,2.433205,0.106430,6.596378,5.204700,5.204700
ML-KEM-768,1048576,1 MB,50,276.699997,84.700005,2.429200,0.306600,3.097200,322.872271,2.953720,0.106430,8.933876,3.884800,3.884800
ML-KEM-768,1048576,1 MB,51,193.599997,48.800001,2.038100,0.376500,2.657000,376.364320,2.533913,0.106430,7.286413,5.362600,5.362600
ML-KEM-768,1048576,1 MB,52,342.300002,121.199999,2.313400,0.360100,3.137000,318.775901,2.991676,0.106430,10.911699,3.731000,3.731000
ML-KEM-768,1048576,1 MB,53,269.400000,68.399997,2.242900,0.351000,2.931700,341.099021,2.795887,0.106430,9.189208,5.805500,5.805500
ML-KEM-768,1048576,1 MB,54,261.800000,74.500000,2.025700,0.351000,2.713000,368.595650,2.587318,0.106430,9.649834,4.153200,4.153200
ML-KEM-768,1048576,1 MB,55,188.600003,70.700000,2.243900,0.886100,3.389300,295.046175,3.232288,0.106430,5.564571,5.950000,5.950000
ML-KEM-768,1048576,1 MB,56,403.499995,130.900000,1.797800,0.405100,2.737300,365.323494,2.610493,0.106430,14.740803,3.923900,3.923900
ML-KEM-768,1048576,1 MB,57,347.699999,210.399994,2.497400,0.326000,3.381500,295.726749,3.224850,0.106430,10.282419,4.151400,4.151400
ML-KEM-768,1048576,1 MB,58,201.800001,45.100001,2.444200,0.385400,3.076500,325.044694,2.933979,0.106430,6.559402,3.260200,3.260200
ML-KEM-768,1048576,1 MB,59,1135.400002,171.799998,2.510900,0.359900,4.178000,239.348971,3.984451,0.106430,27.175682,3.120800,3.120800
ML-KEM-768,1048576,1 MB,60,283.699999,72.300005,1.790800,0.313300,2.460100,406.487542,2.346134,0.106430,11.532052,4.256400,4.256400
ML-KEM-768,1048576,1 MB,61,349.800001,91.900001,2.482300,0.367500,3.291500,303.812852,3.139019,0.106430,10.627374,3.814700,3.814700
ML-KEM-768,1048576,1 MB,62,196.399997,51.300005,2.122400,0.319400,2.689500,371.816323,2.564907,0.106430,7.302472,5.242700,5.242700
ML-KEM-768,1048576,1 MB,63,341.999999,187.699996,2.089600,0.285200,2.904500,344.293338,2.769947,0.106430,11.774832,4.335800,4.335800
ML-KEM-768,1048576,1 MB,64,190.200000,50.399998,1.597300,0.319000,2.156900,463.628355,2.056980,0.106430,8.818211,6.214200,6.214200
ML-KEM-768,1048576,1 MB,65,243.400005,90.599999,1.508900,0.313000,2.155900,463.843406,2.056026,0.106430,11.289949,4.145200,4.145200
ML-KEM-768,1048576,1 MB,66,200.800001,53.799995,1.613000,0.307700,2.175300,459.706706,2.074528,0.106430,9.230911,8.936100,8.936100
ML-KEM-768,1048576,1 MB,67,259.200002,80.099999,1.880300,0.315700,2.535300,394.430639,2.417850,0.106430,10.223642,4.134200,4.134200
ML-KEM-768,1048576,1 MB,68,409.500004,135.499999,2.891000,0.252300,3.688300,271.127620,3.517437,0.106430,11.102676,4.876100,4.876100
ML-KEM-768,1048576,1 MB,69,191.200001,53.300006,1.883900,0.273100,2.401500,416.406414,2.290249,0.106430,7.961691,7.072700,7.072700
ML-KEM-768,1048576,1 MB,70,312.400000,75.600001,1.876600,0.367200,2.631800,379.968082,2.509880,0.106430,11.870203,4.810000,4.810000
ML-KEM-768,1048576,1 MB,72,244.200004,59.800004,2.506800,0.661900,3.472700,287.960376,3.311825,0.106430,7.031993,8.144600,8.144600
ML-KEM-768,1048576,1 MB,73,378.400000,132.700006,2.292000,0.397700,3.200800,312.421895,3.052521,0.106430,11.822044,4.277500,4.277500
ML-KEM-768,1048576,1 MB,76,273.899997,90.900001,1.574900,0.324500,2.264200,441.657097,2.159309,0.106430,12.096988,4.439000,4.439000
ML-KEM-768,1048576,1 MB,77,179.999995,46.300003,1.859500,0.349600,2.435400,410.610166,2.322578,0.106430,7.390983,5.544700,5.544700
ML-KEM-768,1048576,1 MB,78,256.600004,72.100003,2.174900,0.363200,2.866800,348.820985,2.733994,0.106430,8.950747,4.209800,4.209800
ML-KEM-768,1048576,1 MB,79,176.000001,47.000001,1.665100,0.345900,2.234000,447.627574,2.130508,0.106430,7.878245,5.137900,5.137900
ML-KEM-768,1048576,1 MB,80,244.600000,62.499996,2.381900,0.580600,3.269600,305.847810,3.118134,0.106430,7.481037,4.289600,4.289600
ML-KEM-768,1048576,1 MB,81,272.500001,156.099995,2.413000,0.438500,3.280100,304.868754,3.128147,0.106430,8.307674,3.711300,3.711300
ML-KEM-768,1048576,1 MB,83,317.699996,87.699998,2.322500,0.275200,3.003100,332.989245,2.863979,0.106430,10.579068,3.612600,3.612600
ML-KEM-768,1048576,1 MB,84,173.799999,34.700002,1.749400,0.318600,2.276500,439.270810,2.171040,0.106430,7.634527,6.107000,6.107000
ML-KEM-768,1048576,1 MB,85,416.300005,131.900000,2.519000,0.290100,3.357300,297.858398,3.201771,0.106430,12.399845,3.879200,3.879200
ML-KEM-768,1048576,1 MB,86,178.900002,48.599999,2.046000,0.343200,2.616700,382.160736,2.495480,0.106430,6.836856,6.260800,6.260800
ML-KEM-768,1048576,1 MB,89,460.100004,88.200002,2.063300,0.383200,2.994800,333.912115,2.856064,0.106430,15.363297,4.892800,4.892800
ML-KEM-768,1048576,1 MB,90,679.400000,112.200003,2.425900,0.296500,3.514000,284.575982,3.351212,0.106430,19.334092,3.578400,3.578400
ML-KEM-768,1048576,1 MB,91,265.299997,103.300001,1.797800,0.313300,2.479700,403.274591,2.364826,0.106430,10.698875,6.285900,6.285900
ML-KEM-768,1048576,1 MB,92,274.800004,81.300001,2.287700,0.342800,2.986600,334.828902,2.848244,0.106430,9.201098,4.214000,4.214000
ML-KEM-768,1048576,1 MB,93,203.399999,68.599998,2.729800,0.605800,3.607600,277.192593,3.440475,0.106430,5.638097,4.745600,4.745600
ML-KEM-768,1048576,1 MB,94,201.000003,57.799996,2.028300,0.484500,2.771600,360.802425,2.643204,0.106430,7.252129,4.209600,4.209600
ML-KEM-768,1048576,1 MB,95,859.200001,129.100001,3.387200,0.431600,4.807100,208.025629,4.584408,0.106430,17.873562,4.120400,4.120400
ML-KEM-768,1048576,1 MB,96,270.100005,84.700005,2.199700,0.360600,2.915100,343.041404,2.780056,0.106430,9.265549,5.175400,5.175400
ML-KEM-768,1048576,1 MB,97,681.300000,104.599996,2.263800,0.321800,3.371500,296.603885,3.215313,0.106430,20.207623,3.633800,3.633800
ML-KEM-768,1048576,1 MB,98,200.499999,75.399999,1.586300,0.310300,2.172500,460.299195,2.071857,0.106430,9.228999,5.199800,5.199800
ML-KEM-768,1048576,1 MB,99,264.800001,83.699997,2.009700,0.283700,2.641900,378.515461,2.519512,0.106430,10.023089,4.009300,4.009300
ML-KEM-768,1048576,1 MB,102,177.599999,44.100001,1.644500,0.304800,2.171000,460.617227,2.070427,0.106430,8.180562,5.586200,5.586200
ML-KEM-768,1048576,1 MB,103,242.399998,73.700001,1.503900,0.335600,2.155600,463.907961,2.055740,0.106430,11.245129,3.577200,3.577200
ML-KEM-768,1048576,1 MB,104,211.500002,51.400006,2.609200,0.893500,3.765600,265.561929,3.591156,0.106430,5.616635,5.098900,5.098900
ML-KEM-768,1048576,1 MB,105,251.199999,71.299997,2.104600,0.460800,2.887900,346.272378,2.754116,0.106430,8.698362,3.540600,3.540600
ML-KEM-768,1048576,1 MB,107,375.200005,90.000001,1.736900,0.311800,2.513900,397.788296,2.397442,0.106430,14.925017,5.326500,5.326500
ML-KEM-768,1048576,1 MB,108,296.599996,165.599995,1.911100,0.316200,2.689500,371.816323,2.564907,0.106430,11.028072,3.803600,3.803600
ML-KEM-768,1048576,1 MB,109,177.999995,44.500004,2.356600,0.377200,2.956300,338.260664,2.819347,0.106430,6.021040,5.774400,5.774400
ML-KEM-768,1048576,1 MB,110,326.399997,92.599999,2.335700,0.664700,3.419400,292.448967,3.260994,0.106430,9.545534,3.862900,3.862900
ML-KEM-768,1048576,1 MB,112,223.499999,74.299998,2.175700,0.503200,2.976700,335.942486,2.838802,0.106430,7.508315,4.132200,4.132200
ML-KEM-768,1048576,1 MB,113,288.100004,81.099999,3.922300,0.426800,4.718300,211.940741,4.499722,0.106430,6.106013,4.486800,4.486800
ML-KEM-768,1048576,1 MB,114,272.300000,90.900001,2.191600,0.348000,2.902800,344.494970,2.768326,0.106430,9.380598,6.579600,6.579600
ML-KEM-768,1048576,1 MB,115,580.799999,215.599997,2.608300,0.300900,3.705600,269.861831,3.533936,0.106430,15.673575,6.551700,6.551700
ML-KEM-768,1048576,1 MB,116,295.700003,494.500004,2.770000,0.445600,4.005800,249.638025,3.820229,0.106430,7.381796,5.698100,5.698100
ML-KEM-768,1048576,1 MB,117,355.099997,155.900001,2.694700,0.316400,3.522100,283.921524,3.358936,0.106430,10.082053,6.689500,6.689500
ML-KEM-768,1048576,1 MB,118,273.199999,84.400002,1.933700,0.351400,2.642700,378.400877,2.520275,0.106430,10.337912,5.038800,5.038800
ML-KEM-768,1048576,1 MB,120,273.899997,86.000000,3.100100,0.393300,3.853300,259.517816,3.674793,0.106430,7.108193,13.260300,13.260300
ML-KEM-768,1048576,1 MB,122,283.800000,83.800005,1.546200,0.253200,2.167000,461.467467,2.066612,0.106430,13.096447,4.364200,4.364200
ML-KEM-768,1048576,1 MB,123,230.800004,96.799995,2.665600,0.340700,3.333900,299.949009,3.179455,0.106430,6.922823,4.235300,4.235300
ML-KEM-768,1048576,1 MB,124,237.700006,56.700002,2.476400,0.369000,3.139800,318.491624,2.994347,0.106430,7.570546,5.132300,5.132300
ML-KEM-768,1048576,1 MB,125,325.699999,74.100004,2.719300,0.382600,3.501700,285.575578,3.339481,0.106430,9.301197,3.831600,3.831600
ML-KEM-768,1048576,1 MB,126,239.800000,68.000001,2.038200,0.320800,2.666800,374.981251,2.543259,0.106430,8.992050,4.931300,4.931300
ML-KEM-768,1048576,1 MB,127,262.000001,72.100003,1.699400,0.237000,2.270500,440.431623,2.165318,0.106430,11.539309,3.524200,3.524200
ML-KEM-768,1048576,1 MB,128,269.700002,79.800004,2.421200,0.391800,3.162500,316.205534,3.015995,0.106430,8.528063,4.905000,4.905000
ML-KEM-768,1048576,1 MB,129,219.500005,61.000006,1.977400,0.374200,2.632100,379.924774,2.510166,0.106430,8.339349,3.411900,3.411900
ML-KEM-768,1048576,1 MB,130,198.200003,55.900004,1.959000,0.354700,2.567800,389.438429,2.448845,0.106430,7.718670,5.771100,5.771100
ML-KEM-768,1048576,1 MB,131,213.200001,134.500006,1.862400,0.327000,2.537100,394.150802,2.419567,0.106430,8.403295,4.087100,4.087100
ML-KEM-768,1048576,1 MB,132,261.300003,80.400001,2.329300,0.481900,3.152900,317.168321,3.006840,0.106430,8.287608,5.909000,5.909000
ML-KEM-768,1048576,1 MB,133,292.099998,113.000002,1.987500,0.263100,2.655700,376.548556,2.532673,0.106430,10.998983,3.811500,3.811500
ML-KEM-768,1048576,1 MB,134,307.000002,95.299998,3.156400,0.403100,3.961800,252.410520,3.778267,0.106430,7.749003,4.283400,4.283400
ML-KEM-768,1048576,1 MB,135,235.300002,83.799998,2.359200,0.399700,3.078000,324.886290,2.935410,0.106430,7.644574,6.005300,6.005300
ML-KEM-768,1048576,1 MB,136,388.200002,98.400000,2.175300,0.305300,2.967200,337.018065,2.829742,0.106430,13.083041,4.138300,4.138300
ML-KEM-768,1048576,1 MB,137,260.700006,66.700006,2.447200,0.501600,3.276200,305.231671,3.124428,0.106430,7.957390,5.345400,5.345400
ML-KEM-768,1048576,1 MB,138,346.499997,99.700002,2.094700,0.293200,2.834100,352.845701,2.702808,0.106430,12.226103,4.274100,4.274100
ML-KEM-768,1048576,1 MB,139,267.399999,87.200002,3.262000,0.486600,4.103200,243.712225,3.913116,0.106430,6.516865,4.529200,4.529200
ML-KEM-768,1048576,1 MB,140,216.699998,75.299999,2.222600,0.362300,2.876900,347.596371,2.743626,0.106430,7.532413,5.675400,5.675400
ML-KEM-768,1048576,1 MB,141,336.099998,129.000000,1.753900,0.341800,2.560800,390.502968,2.442169,0.106430,13.124805,4.806500,4.806500
ML-KEM-768,1048576,1 MB,142,251.500001,84.399995,2.056900,0.476700,2.869500,348.492769,2.736568,0.106430,8.764593,5.456000,5.456000
ML-KEM-768,1048576,1 MB,143,269.500000,90.400004,2.904700,0.468000,3.732600,267.909768,3.559685,0.106430,7.220168,4.049300,4.049300
ML-KEM-768,1048576,1 MB,144,433.200003,104.799998,2.310700,0.312300,3.161000,316.355584,3.014565,0.106430,13.704524,4.496300,4.496300
ML-KEM-768,1048576,1 MB,146,645.400003,88.500004,3.147800,0.414800,4.296500,232.747585,4.097462,0.106430,15.021529,4.359500,4.359500
ML-KEM-768,1048576,1 MB,147,234.799998,68.499998,1.617300,0.308300,2.228900,448.651802,2.125645,0.106430,10.534344,4.624300,4.624300
ML-KEM-768,1048576,1 MB,148,417.700001,179.700000,2.553600,0.282300,3.433300,291.264964,3.274250,0.106430,12.166138,3.582200,3.582200
ML-KEM-768,1048576,1 MB,149,188.200000,52.399999,1.638900,0.342200,2.221700,450.105775,2.118778,0.106430,8.470991,4.589500,4.589500
ML-KEM-768,1048576,1 MB,150,359.300000,255.700004,2.186300,0.293600,3.094900,323.112216,2.951527,0.106430,11.609422,3.969400,3.969400
ML-KEM-768,1048576,1 MB,151,248.300006,76.300006,2.167500,0.380200,2.872300,348.153048,2.739239,0.106430,8.644640,5.141700,5.141700
ML-KEM-768,1048576,1 MB,153,198.000002,54.099997,1.610700,0.306700,2.169500,460.935700,2.068996,0.106430,9.126527,5.731600,5.731600
ML-KEM-768,1048576,1 MB,154,222.700000,72.200004,1.939800,0.360500,2.595200,385.326756,2.474976,0.106430,8.581227,4.373500,4.373500
ML-KEM-768,1048576,1 MB,155,238.500004,66.100001,3.491400,0.580600,4.376600,228.487868,4.173851,0.106430,5.449436,4.490900,4.490900
ML-KEM-768,1048576,1 MB,156,259.000000,59.999998,1.592000,0.325400,2.236400,447.147200,2.132797,0.106430,11.581113,6.124800,6.124800
ML-KEM-768,1048576,1 MB,157,458.900002,205.000004,2.221200,0.299600,3.184700,314.001319,3.037167,0.106430,14.409521,3.983400,3.983400
ML-KEM-768,1048576,1 MB,158,375.300006,76.299999,2.203400,0.392800,3.047800,328.105519,2.906609,0.106430,12.313800,7.054900,7.054900
ML-KEM-768,1048576,1 MB,159,338.300000,90.099995,1.725200,0.298800,2.452400,407.763824,2.338791,0.106430,13.794650,3.674200,3.674200
ML-KEM-768,1048576,1 MB,160,376.000004,67.699999,3.522000,0.544100,4.509800,221.739323,4.300880,0.106430,8.337399,4.794200,4.794200
ML-KEM-768,1048576,1 MB,161,213.200001,70.700000,1.925300,0.315000,2.524200,396.165121,2.407265,0.106430,8.446240,6.575300,6.575300
ML-KEM-768,1048576,1 MB,162,386.400003,155.200003,2.750100,0.400000,3.691700,270.877916,3.520679,0.106430,10.466723,5.183900,5.183900
ML-KEM-768,1048576,1 MB,163,442.299999,121.500001,3.580000,0.460400,4.604200,217.192998,4.390907,0.106430,9.606446,4.965300,4.965300
ML-KEM-768,1048576,1 MB,165,202.299998,56.400000,2.159300,0.414600,2.832600,353.032549,2.701378,0.106430,7.141848,5.629800,5.629800
ML-KEM-768,1048576,1 MB,166,528.999997,97.000004,2.137900,0.264600,3.028500,330.196467,2.888203,0.106430,17.467393,3.769700,3.769700
ML-KEM-768,1048576,1 MB,167,318.600003,104.899998,2.374100,0.345100,3.142700,318.197728,2.997112,0.106430,10.137780,4.402200,4.402200
ML-KEM-768,1048576,1 MB,168,264.499999,79.899997,2.225400,0.374800,2.944600,339.604700,2.808189,0.106430,8.982544,4.728100,4.728100
ML-KEM-768,1048576,1 MB,169,311.299998,94.299998,2.357300,0.346400,3.109300,321.615798,2.965260,0.106430,10.011900,4.646000,4.646000
ML-KEM-768,1048576,1 MB,170,263.599999,82.799997,2.105100,0.448600,2.900100,344.815696,2.765751,0.106430,9.089342,6.963100,6.963100
ML-KEM-768,1048576,1 MB,172,353.400006,63.899999,2.674400,0.452000,3.543700,282.190931,3.379536,0.106430,9.972628,4.431600,4.431600
ML-KEM-768,1048576,1 MB,174,203.399999,58.600002,1.651200,0.308700,2.221900,450.065259,2.118969,0.106430,9.154327,5.728900,5.728900
ML-KEM-768,1048576,1 MB,175,276.999999,81.200000,1.836700,0.356200,2.551100,391.987770,2.432919,0.106430,10.858061,3.658900,3.658900
ML-KEM-768,1048576,1 MB,176,175.800000,48.100002,1.595800,0.562000,2.381700,419.868161,2.271366,0.106430,7.381282,5.297100,5.297100
ML-KEM-768,1048576,1 MB,177,200.199996,140.000004,1.519700,0.331700,2.191600,456.287644,2.090073,0.106430,9.134878,4.316300,4.316300
ML-KEM-768,1048576,1 MB,178,219.800000,60.699997,2.052600,0.634700,2.967800,336.949929,2.830315,0.106430,7.406159,4.131000,4.131000
ML-KEM-768,1048576,1 MB,179,245.499999,60.900005,2.079300,0.319700,2.705400,369.631108,2.580070,0.106430,9.074444,4.539500,4.539500
ML-KEM-768,1048576,1 MB,180,234.399995,58.800004,2.313000,0.295900,2.902100,344.578064,2.767658,0.106430,8.076910,4.956300,4.956300
ML-KEM-768,1048576,1 MB,181,272.899997,85.799998,2.380300,0.350500,3.089500,323.676970,2.946377,0.106430,8.833144,4.121200,4.121200
ML-KEM-768,1048576,1 MB,182,408.600004,130.599998,2.501000,0.341400,3.381600,295.718003,3.224945,0.106430,12.083038,4.180400,4.180400
ML-KEM-768,1048576,1 MB,183,537.499996,93.600000,2.307400,0.273200,3.211700,311.361584,3.062916,0.106430,16.735685,4.022200,4.022200
ML-KEM-768,1048576,1 MB,185,250.699995,66.199995,2.379400,0.406500,3.102800,322.289545,2.959061,0.106430,8.079799,4.522000,4.522000
ML-KEM-768,1048576,1 MB,186,293.500001,81.300001,2.007600,0.319300,2.701700,370.137321,2.576542,0.106430,10.863530,3.578200,3.578200
ML-KEM-768,1048576,1 MB,187,242.399998,60.099999,2.051400,0.299400,2.653300,376.889157,2.530384,0.106430,9.135793,5.550900,5.550900
ML-KEM-768,1048576,1 MB,188,253.000006,79.100006,2.090300,0.303100,2.725500,366.905156,2.599239,0.106430,9.282701,3.919800,3.919800
ML-KEM-768,1048576,1 MB,190,269.500000,86.300002,1.845900,0.269300,2.471000,404.694456,2.356529,0.106430,10.906516,4.008100,4.008100
ML-KEM-768,1048576,1 MB,191,201.300005,50.700000,1.712600,0.272300,2.236900,447.047253,2.133274,0.106430,8.999061,4.102000,4.102000
ML-KEM-768,1048576,1 MB,192,271.799996,102.900005,2.116700,0.242900,2.734300,365.724317,2.607632,0.106430,9.940387,3.513300,3.513300
ML-KEM-768,1048576,1 MB,193,185.400000,48.000002,1.920100,0.399000,2.552500,391.772771,2.434254,0.106430,7.263467,5.985600,5.985600
ML-KEM-768,1048576,1 MB,194,495.299995,147.500003,2.198500,0.318000,3.159300,316.525812,3.012943,0.106430,15.677523,4.406500,4.406500
ML-KEM-768,1048576,1 MB,195,232.099999,131.399996,1.702500,0.354900,2.420900,413.069519,2.308750,0.106430,9.587344,5.993900,5.993900
ML-KEM-768,1048576,1 MB,196,323.900000,112.000002,1.891200,0.316000,2.643100,378.343612,2.520657,0.106430,12.254550,3.877700,3.877700
ML-KEM-768,1048576,1 MB,197,195.599998,48.700000,2.410400,0.290100,2.944800,339.581636,2.808380,0.106430,6.642217,4.215500,4.215500
ML-KEM-768,1048576,1 MB,198,240.599999,61.300001,2.056300,0.298100,2.656300,376.463502,2.533245,0.106430,9.057712,3.871800,3.871800
ML-KEM-768,1048576,1 MB,201,244.800001,73.000003,2.676200,0.278000,3.272000,305.623472,3.120422,0.106430,7.481663,5.814500,5.814500
ML-KEM-768,1048576,1 MB,202,259.699998,85.299995,1.719600,0.215200,2.279800,438.634968,2.174187,0.106430,11.391350,3.011100,3.011100
ML-KEM-768,1048576,1 MB,203,164.699995,50.299997,2.094800,0.230200,2.540000,393.700787,2.422333,0.106430,6.484252,7.305000,7.305000
ML-KEM-768,1048576,1 MB,204,335.000004,143.500001,2.082000,0.427400,2.987900,334.683222,2.849483,0.106430,11.211888,6.788100,6.788100
ML-KEM-768,1048576,1 MB,206,270.299999,88.500004,1.668900,0.284400,2.312100,432.507245,2.204990,0.106430,11.690671,6.733400,6.733400
ML-KEM-768,1048576,1 MB,208,185.400000,52.000003,1.757200,0.833200,2.827800,353.631799,2.696800,0.106430,6.556334,5.612900,5.612900
ML-KEM-768,1048576,1 MB,209,286.499999,104.200000,2.488400,0.374100,3.253200,307.389647,3.102493,0.106430,8.806713,7.969000,7.969000
ML-KEM-768,1048576,1 MB,210,278.799998,99.900004,2.448000,0.334500,3.161200,316.335569,3.014755,0.106430,8.819436,4.904400,4.904400
ML-KEM-768,1048576,1 MB,211,294.699996,89.600006,2.415800,0.345600,3.145700,317.894268,2.999973,0.106430,9.368344,4.604300,4.604300
ML-KEM-768,1048576,1 MB,212,316.400001,89.900001,2.258000,0.329000,2.993300,334.079444,2.854633,0.106430,10.570274,5.424200,5.424200
ML-KEM-768,1048576,1 MB,213,394.399998,219.800000,2.838500,0.475100,3.927800,254.595448,3.745842,0.106430,10.041244,5.469500,5.469500
ML-KEM-768,1048576,1 MB,214,264.199996,78.999998,2.060200,0.288400,2.691800,371.498625,2.567101,0.106430,9.814994,6.525800,6.525800
ML-KEM-768,1048576,1 MB,215,242.599999,89.800000,2.242300,0.278900,2.853600,350.434538,2.721405,0.106430,8.501542,4.742400,4.742400
ML-KEM-768,1048576,1 MB,216,247.800002,75.799995,3.289400,0.345300,3.958300,252.633707,3.774929,0.106430,6.260263,5.364000,5.364000
ML-KEM-768,1048576,1 MB,217,257.699998,80.700003,1.776800,0.307200,2.422400,412.813740,2.310181,0.106430,10.638210,5.118600,5.118600
ML-KEM-768,1048576,1 MB,218,355.600001,88.699999,1.989300,0.244100,2.677700,373.454830,2.553654,0.106430,13.280054,4.423600,4.423600
ML-KEM-768,1048576,1 MB,219,244.899995,72.600000,2.067200,0.264300,2.649000,377.500943,2.526283,0.106430,9.244998,4.555000,4.555000
ML-KEM-768,1048576,1 MB,220,293.999998,110.100002,2.072600,0.269600,2.746300,364.126279,2.619076,0.106430,10.705313,3.876000,3.876000
ML-KEM-768,1048576,1 MB,221,210.200000,51.100003,1.737500,0.298700,2.297500,435.255712,2.191067,0.106430,9.149075,4.553700,4.553700
ML-KEM-768,1048576,1 MB,222,472.599997,102.200000,2.683200,0.300500,3.558500,281.017283,3.393650,0.106430,13.280877,4.313400,4.313400
ML-KEM-768,1048576,1 MB,223,232.500002,52.500000,1.595200,0.272400,2.152600,464.554493,2.052879,0.106430,10.800892,4.786500,4.786500
ML-KEM-768,1048576,1 MB,224,288.900002,106.300002,2.213100,0.348500,2.956800,338.203464,2.819824,0.106430,9.770698,4.853900,4.853900
ML-KEM-768,1048576,1 MB,225,225.799995,85.300002,2.153400,0.261800,2.726300,366.797491,2.600002,0.106430,8.282287,6.682100,6.682100
ML-KEM-768,1048576,1 MB,226,321.300002,80.400001,2.139000,0.278700,2.819400,354.685394,2.688789,0.106430,11.396042,4.287600,4.287600
ML-KEM-768,1048576,1 MB,227,248.700002,63.899999,2.203200,0.384000,2.899800,344.851369,2.765465,0.106430,8.576454,5.647500,5.647500
ML-KEM-768,1048576,1 MB,228,282.900000,142.999997,1.974500,0.279000,2.679400,373.217885,2.555275,0.106430,10.558334,3.737500,3.737500
ML-KEM-768,1048576,1 MB,229,244.099996,63.300002,2.747000,0.632100,3.686500,271.260003,3.515720,0.106430,6.621457,5.002300,5.002300
ML-KEM-768,1048576,1 MB,230,368.499997,79.600002,1.564000,0.333600,2.345700,426.311975,2.237034,0.106430,15.709596,4.943000,4.943000
ML-KEM-768,1048576,1 MB,231,367.699999,97.299999,2.610800,0.301600,3.377400,296.085747,3.220940,0.106430,10.887073,18.529200,18.529200
ML-KEM-768,1048576,1 MB,232,304.699999,97.400000,2.100500,0.418200,2.920800,342.371952,2.785492,0.106430,10.432073,8.378900,8.378900
ML-KEM-768,1048576,1 MB,233,470.699997,114.800001,1.881500,0.261600,2.728600,366.488309,2.602196,0.106430,17.250605,4.756000,4.756000
ML-KEM-768,1048576,1 MB,234,731.699998,401.799996,2.205400,0.314300,3.653200,273.732618,3.483963,0.106430,20.029016,6.232600,6.232600
ML-KEM-768,1048576,1 MB,235,282.699999,88.000001,1.999200,0.338500,2.708400,369.221680,2.582932,0.106430,10.437897,5.751400,5.751400
ML-KEM-768,1048576,1 MB,236,398.400000,151.000000,2.199100,0.311600,3.060100,326.786706,2.918339,0.106430,13.019182,4.538000,4.538000
ML-KEM-768,1048576,1 MB,237,411.300003,252.899998,3.213800,0.317800,4.195800,238.333572,4.001427,0.106430,9.802660,5.833600,5.833600
ML-KEM-768,1048576,1 MB,238,266.299998,91.300004,2.259400,0.384800,3.001800,333.133453,2.862740,0.106430,8.871344,3.507100,3.507100
ML-KEM-768,1048576,1 MB,239,492.200001,118.399999,2.952700,0.423400,3.986700,250.834023,3.802013,0.106430,12.346051,4.899000,4.899000
ML-KEM-768,1048576,1 MB,240,277.299994,79.000005,1.619300,0.383300,2.358900,423.926407,2.249622,0.106430,11.755479,5.797400,5.797400
ML-KEM-768,1048576,1 MB,241,614.900004,157.000002,2.254600,0.344400,3.370900,296.656679,3.214741,0.106430,18.241419,5.893800,5.893800
ML-KEM-768,1048576,1 MB,242,278.499996,86.300002,3.103000,0.293500,3.761300,265.865525,3.587055,0.106430,7.404355,5.241200,5.241200
ML-KEM-768,1048576,1 MB,243,276.899998,96.500000,3.058300,0.484100,3.915800,255.375658,3.734398,0.106430,7.071352,5.365000,5.365000
ML-KEM-768,1048576,1 MB,244,348.299996,92.500006,2.696400,0.414400,3.551600,281.563239,3.387070,0.106430,9.806848,4.910500,4.910500
ML-KEM-768,1048576,1 MB,245,289.600001,67.000001,2.831300,0.472600,3.660500,273.186723,3.490925,0.106430,7.911488,5.210100,5.210100
ML-KEM-768,1048576,1 MB,246,235.000000,58.500002,2.627900,0.429700,3.351100,298.409477,3.195858,0.106430,7.012623,4.844900,4.844900
ML-KEM-768,1048576,1 MB,247,273.600002,66.599998,1.949400,0.309600,2.599200,384.733764,2.478790,0.106430,10.526316,3.443900,3.443900
ML-KEM-768,1048576,1 MB,248,186.799996,56.899997,2.609000,0.430200,3.282900,304.608730,3.130817,0.106430,5.690091,4.133900,4.133900
ML-KEM-768,1048576,1 MB,249,249.999997,62.999999,3.074700,0.895200,4.282900,233.486656,4.084492,0.106430,5.837166,4.991100,4.991100
ML-KEM-768,1048576,1 MB,250,217.399996,86.300002,2.306800,0.374200,2.984700,335.042047,2.846432,0.106430,7.283814,4.889800,4.889800
ML-KEM-768,1048576,1 MB,251,295.599995,103.999999,2.632900,0.352200,3.384700,295.447159,3.227901,0.106430,8.733418,4.565800,4.565800
ML-KEM-768,1048576,1 MB,252,250.799996,80.999998,2.050400,0.559500,2.941700,339.939491,2.805424,0.106430,8.525682,3.667100,3.667100
ML-KEM-768,1048576,1 MB,253,357.199999,96.299998,2.314300,0.392600,3.160400,316.415644,3.013992,0.106430,11.302367,4.104700,4.104700
ML-KEM-768,1048576,1 MB,254,172.000000,45.599998,2.072500,0.306700,2.596800,385.089341,2.476501,0.106430,6.623537,4.795200,4.795200
ML-KEM-768,1048576,1 MB,255,197.899994,60.799997,2.252300,0.350700,2.861700,349.442639,2.729130,0.106430,6.915470,3.675600,3.675600
ML-KEM-768,1048576,1 MB,256,175.800000,78.300007,2.459900,0.504200,3.218200,310.732708,3.069115,0.106430,5.462681,5.464500,5.464500
ML-KEM-768,1048576,1 MB,257,331.600000,99.400000,2.218000,0.306400,2.955400,338.363673,2.818489,0.106430,11.220139,4.424500,4.424500
ML-KEM-768,1048576,1 MB,258,283.299996,106.100000,2.263900,0.362600,3.015900,331.575981,2.876186,0.106430,9.393547,5.497500,5.497500
ML-KEM-768,1048576,1 MB,259,400.900004,102.200000,2.932400,0.420200,3.855700,259.356278,3.677082,0.106430,10.397593,5.413000,5.413000
ML-KEM-768,1048576,1 MB,260,395.100004,93.800001,1.970300,0.237200,2.696400,370.864857,2.571487,0.106430,14.652871,4.628600,4.628600
ML-KEM-768,1048576,1 MB,261,363.499996,103.500002,3.745000,0.303300,4.515300,221.469227,4.306126,0.106430,8.050406,6.145500,6.145500
ML-KEM-768,1048576,1 MB,262,303.700006,89.600006,2.059800,0.311100,2.764200,361.768324,2.636147,0.106430,10.986904,3.961500,3.961500
ML-KEM-768,1048576,1 MB,263,211.400002,66.799999,2.222200,0.368400,2.868800,348.577803,2.735901,0.106430,7.368935,3.951300,3.951300
ML-KEM-768,1048576,1 MB,264,203.099997,53.800002,2.583700,0.450600,3.291200,303.840545,3.138733,0.106430,6.171001,4.295500,4.295500
ML-KEM-768,1048576,1 MB,265,272.500001,96.799995,2.017800,0.346200,2.733300,365.858120,2.606678,0.106430,9.969634,3.486300,3.486300
ML-KEM-768,1048576,1 MB,266,326.000001,88.499997,1.770500,0.235900,2.420900,413.069520,2.308750,0.106430,13.466066,4.756500,4.756500
ML-KEM-768,1048576,1 MB,267,212.999999,56.500001,2.250200,0.416000,2.935700,340.634261,2.799702,0.106430,7.255510,3.340100,3.340100
ML-KEM-768,1048576,1 MB,268,235.100000,74.900003,2.831100,0.444000,3.585100,278.932247,3.419018,0.106430,6.557697,5.342200,5.342200
ML-KEM-768,1048576,1 MB,269,272.200006,78.400000,1.807000,0.266600,2.424200,412.507219,2.311897,0.106430,11.228447,3.361700,3.361700
ML-KEM-768,1048576,1 MB,270,170.100000,45.900000,2.302100,0.472900,2.991000,334.336342,2.852440,0.106430,5.687061,5.662100,5.662100
ML-KEM-768,1048576,1 MB,271,266.900002,90.200003,1.721000,0.287200,2.365300,422.779351,2.255726,0.106430,11.283981,3.935400,3.935400
ML-KEM-768,1048576,1 MB,272,383.300001,93.300005,2.709200,0.328100,3.513900,284.584080,3.351116,0.106430,10.908108,4.047300,4.047300
ML-KEM-768,1048576,1 MB,273,273.799997,82.600003,2.827200,0.374500,3.558100,281.048875,3.393269,0.106430,7.695118,3.763500,3.763500
ML-KEM-768,1048576,1 MB,274,176.000001,45.900000,2.771900,0.459800,3.453600,289.552930,3.293610,0.106430,5.096132,4.956000,4.956000
ML-KEM-768,1048576,1 MB,275,204.999997,64.100001,1.878900,0.416400,2.564400,389.954764,2.445602,0.106430,7.994073,3.970800,3.970800
ML-KEM-768,1048576,1 MB,276,175.399997,43.500004,2.115500,0.391000,2.725400,366.918617,2.599144,0.106430,6.435752,4.983800,4.983800
ML-KEM-768,1048576,1 MB,277,268.799995,75.800002,2.677700,0.460400,3.482700,287.133546,3.321362,0.106430,7.718150,5.342000,5.342000
ML-KEM-768,1048576,1 MB,278,378.000004,276.100000,2.766400,0.476800,3.897300,256.587894,3.716755,0.106430,9.699023,4.292200,4.292200
ML-KEM-768,1048576,1 MB,279,221.800001,62.100000,2.719300,0.416800,3.420000,292.397661,3.261566,0.106430,6.485380,4.565700,4.565700
ML-KEM-768,1048576,1 MB,281,292.500001,174.300003,1.918100,0.512100,2.897000,345.184674,2.762794,0.106430,10.096652,4.274800,4.274800
ML-KEM-768,1048576,1 MB,283,166.899998,43.300002,2.163000,0.337300,2.710500,368.935620,2.584934,0.106430,6.157535,5.742400,5.742400
ML-KEM-768,1048576,1 MB,284,355.100005,91.199996,2.742100,0.474400,3.662800,273.015180,3.493118,0.106430,9.694769,3.818400,3.818400
ML-KEM-768,1048576,1 MB,285,184.800003,50.600000,2.791200,0.441900,3.468500,288.309067,3.307819,0.106430,5.327952,4.636600,4.636600
ML-KEM-768,1048576,1 MB,286,249.800003,64.200001,1.836400,0.264500,2.414900,414.095823,2.303028,0.106430,10.344114,3.491300,3.491300
ML-KEM-768,1048576,1 MB,287,172.200002,42.800006,2.321100,0.548000,3.084100,324.243701,2.941227,0.106430,5.583477,4.064600,4.064600
ML-KEM-768,1048576,1 MB,288,360.999999,106.600004,3.306700,0.452500,4.226800,236.585596,4.030991,0.106430,8.540740,3.762800,3.762800
ML-KEM-768,1048576,1 MB,289,341.499996,100.799996,2.973600,0.416100,3.832000,260.960334,3.654480,0.106430,8.911795,4.006200,4.006200
ML-KEM-768,1048576,1 MB,290,250.700003,57.400001,1.832900,0.450500,2.591500,385.876905,2.471447,0.106430,9.673934,4.472300,4.472300
ML-KEM-768,1048576,1 MB,291,393.700000,100.400001,2.512200,0.682600,3.688900,271.083521,3.518009,0.106430,10.672558,4.040800,4.040800
ML-KEM-768,1048576,1 MB,292,177.900001,46.800000,2.838000,0.385900,3.448600,289.972743,3.288841,0.106430,5.158615,5.622100,5.622100
ML-KEM-768,1048576,1 MB,293,420.700002,94.900002,2.012000,0.362800,2.890400,345.972876,2.756500,0.106430,14.555079,4.172600,4.172600
ML-KEM-768,1048576,1 MB,294,315.799996,74.100004,2.250900,0.425500,3.066300,326.125950,2.924252,0.106430,10.299057,4.859900,4.859900
ML-KEM-768,1048576,1 MB,295,194.200002,56.899997,2.558100,0.421200,3.230400,309.559187,3.080750,0.106430,6.011639,3.993900,3.993900
ML-KEM-768,1048576,1 MB,296,304.400004,517.399996,2.228000,0.415200,3.465000,288.600288,3.304482,0.106430,8.784993,4.807900,4.807900
ML-KEM-768,1048576,1 MB,297,242.399998,61.600003,2.271600,0.384600,2.960200,337.815013,2.823067,0.106430,8.188636,4.203900,4.203900
ML-KEM-768,1048576,1 MB,298,300.100000,80.200000,3.209300,0.471200,4.060800,246.256895,3.872681,0.106430,7.390169,3.702500,3.702500
ML-KEM-768,1048576,1 MB,299,201.600000,57.700003,1.792300,0.332700,2.384300,419.410309,2.273846,0.106430,8.455312,5.023600,5.023600
ML-KEM-768,2097152,2 MB,1,606.500005,93.700000,3.885100,0.438300,5.023600,398.120870,2.395439,0.053215,12.073015,5.722700,5.722700
ML-KEM-768,2097152,2 MB,3,293.799996,81.500002,3.238400,0.432500,4.046200,494.290940,1.929379,0.053215,7.261134,5.970800,5.970800
ML-KEM-768,2097152,2 MB,4,231.899998,79.100006,3.701000,0.603300,4.615300,433.341278,2.200747,0.053215,5.024592,4.976300,4.976300
ML-KEM-768,2097152,2 MB,5,378.600002,169.700004,4.056500,0.561300,5.166100,387.139235,2.463388,0.053215,7.328546,6.418700,6.418700
ML-KEM-768,2097152,2 MB,6,385.100000,135.700000,4.206300,0.427300,5.154400,388.018004,2.457809,0.053215,7.471287,5.816000,5.816000
ML-KEM-768,2097152,2 MB,7,278.599997,93.600000,3.824300,0.484800,4.681300,427.231752,2.232218,0.053215,5.951338,6.043900,6.043900
ML-KEM-768,2097152,2 MB,8,261.499998,94.699993,3.917000,0.628000,4.901200,408.063332,2.337074,0.053215,5.335428,6.898400,6.898400
ML-KEM-768,2097152,2 MB,9,275.899998,83.299994,3.726400,0.591200,4.676800,427.642833,2.230072,0.053215,5.899333,6.430300,6.430300
ML-KEM-768,2097152,2 MB,10,405.300001,131.200002,3.562000,0.423000,4.521500,442.331085,2.156019,0.053215,8.963839,6.130700,6.130700
ML-KEM-768,2097152,2 MB,11,302.299995,95.399999,3.671100,0.395800,4.464600,447.968463,2.128887,0.053215,6.771043,5.671600,5.671600
ML-KEM-768,2097152,2 MB,12,414.900001,100.700003,5.028900,0.572100,6.116600,326.979041,2.916622,0.053215,6.783180,4.895100,4.895100
ML-KEM-768,2097152,2 MB,13,300.400003,81.499995,4.052700,0.820000,5.254600,380.618886,2.505589,0.053215,5.716896,5.960000,5.960000
ML-KEM-768,2097152,2 MB,14,287.999996,84.899999,4.079700,0.546200,4.998800,400.096023,2.383614,0.053215,5.761383,6.699300,6.699300
ML-KEM-768,2097152,2 MB,16,286.000002,122.500001,3.767400,0.572900,4.748800,421.159030,2.264404,0.053215,6.022574,8.028700,8.028700
ML-KEM-768,2097152,2 MB,17,472.200001,123.099999,2.849800,0.369300,3.814400,524.328859,1.818848,0.053215,12.379404,6.150600,6.150600
ML-KEM-768,2097152,2 MB,18,493.500003,91.800001,3.969800,0.521400,5.076500,393.972225,2.420664,0.053215,9.721265,6.353400,6.353400
ML-KEM-768,2097152,2 MB,19,260.499997,106.200001,4.212100,0.410200,4.989000,400.881941,2.378941,0.053215,5.221487,7.140900,7.140900
ML-KEM-768,2097152,2 MB,20,281.799999,112.800000,5.222200,0.484300,6.101100,327.809739,2.909231,0.053215,4.618839,6.312900,6.312900
ML-KEM-768,2097152,2 MB,21,278.100000,88.600005,5.024000,0.496900,5.887600,339.696990,2.807426,0.053215,4.723487,5.629400,5.629400
ML-KEM-768,2097152,2 MB,22,276.700004,94.299998,6.857400,0.744500,7.972900,250.849754,3.801775,0.053215,3.470506,49.368200,49.368200
ML-KEM-768,2097152,2 MB,23,288.399999,95.099997,4.178300,0.446100,5.007900,399.368997,2.387953,0.053215,5.758901,21.094400,21.094400
ML-KEM-768,2097152,2 MB,24,338.400001,129.499997,4.025200,0.524600,5.017700,398.588995,2.392626,0.053215,6.744126,7.473500,7.473500
ML-KEM-768,2097152,2 MB,25,401.900004,141.600001,4.062600,0.389800,4.995900,400.328270,2.382231,0.053215,8.044597,5.781400,5.781400
ML-KEM-768,2097152,2 MB,26,391.800000,104.500003,3.763600,0.481200,4.741100,421.843032,2.260733,0.053215,8.263905,6.127900,6.127900
ML-KEM-768,2097152,2 MB,27,213.300002,490.400002,5.072500,1.008000,6.784200,294.802630,3.234959,0.053215,3.144070,6.196900,6.196900
ML-KEM-768,2097152,2 MB,28,303.400004,85.700005,3.967800,0.833900,5.190800,385.297064,2.475166,0.053215,5.844957,5.538600,5.538600
ML-KEM-768,2097152,2 MB,29,241.300004,75.700002,3.337100,0.596300,4.250400,470.543949,2.026749,0.053215,5.677113,11.664900,11.664900
ML-KEM-768,2097152,2 MB,30,239.699999,74.199997,4.004200,0.957200,5.275300,379.125358,2.515459,0.053215,4.543817,7.405100,7.405100
ML-KEM-768,2097152,2 MB,31,411.699999,86.700005,2.935900,1.345700,4.780000,418.410042,2.279282,0.053215,8.612971,8.894400,8.894400
ML-KEM-768,2097152,2 MB,32,339.200000,81.799997,3.035500,3.495300,6.951800,287.695273,3.314877,0.053215,4.879312,6.530600,6.530600
ML-KEM-768,2097152,2 MB,33,433.300003,90.900001,2.834300,1.810300,5.168800,386.937007,2.464676,0.053215,8.382990,8.380600,8.380600
ML-KEM-768,2097152,2 MB,34,401.400001,95.500000,4.129400,1.200600,5.826900,343.235683,2.778482,0.053215,6.888740,6.995600,6.995600
ML-KEM-768,2097152,2 MB,35,420.899996,124.700004,2.888400,0.700600,4.134600,483.722730,1.971531,0.053215,10.179945,7.607500,7.607500
ML-KEM-768,2097152,2 MB,36,395.199997,111.100002,3.100000,0.604100,4.210400,475.014251,2.007675,0.053215,9.386282,9.961800,9.961800
ML-KEM-768,2097152,2 MB,37,280.900000,94.900002,2.830100,0.771000,3.976900,502.904272,1.896334,0.053215,7.063290,10.518100,10.518100
ML-KEM-768,2097152,2 MB,38,300.500004,110.900000,3.223900,0.683500,4.318800,463.091599,2.059364,0.053215,6.957951,8.572400,8.572400
ML-KEM-768,2097152,2 MB,39,281.599998,88.500004,3.934300,0.599900,4.904300,407.805396,2.338552,0.053215,5.741900,8.440400,8.440400
ML-KEM-768,2097152,2 MB,40,349.500006,120.800003,4.158500,0.605500,5.234300,382.095027,2.495909,0.053215,6.677111,7.498500,7.498500
ML-KEM-768,2097152,2 MB,42,242.499998,87.799999,2.925200,0.543000,3.798500,526.523628,1.811266,0.053215,6.384099,6.479100,6.479100
ML-KEM-768,2097152,2 MB,43,805.799995,183.600001,3.744100,0.410800,5.144300,388.779815,2.452993,0.053215,15.663939,5.530500,5.530500
ML-KEM-768,2097152,2 MB,44,256.100000,91.999995,3.910900,0.668600,4.927600,405.877100,2.349663,0.053215,5.197256,5.744700,5.744700
ML-KEM-768,2097152,2 MB,45,256.599997,80.200000,5.296100,1.245700,6.878600,290.756840,3.279972,0.053215,3.730410,6.909100,6.909100
ML-KEM-768,2097152,2 MB,46,315.300000,110.200002,5.245200,0.590400,6.261100,319.432687,2.985525,0.053215,5.035856,5.063700,5.063700
ML-KEM-768,2097152,2 MB,47,203.200005,65.499997,3.395100,0.513700,4.177500,478.755236,1.991987,0.053215,4.864153,8.316000,8.316000
ML-KEM-768,2097152,2 MB,48,250.100005,82.799997,3.934700,0.426500,4.694100,426.066764,2.238321,0.053215,5.327965,7.601600,7.601600
ML-KEM-768,2097152,2 MB,50,413.900001,160.300006,3.481200,0.449300,4.504700,443.980731,2.148008,0.053215,9.188181,8.149600,8.149600
ML-KEM-768,2097152,2 MB,51,326.800000,102.799997,2.945600,0.386600,3.761800,531.660376,1.793766,0.053215,8.687331,5.112600,5.112600
ML-KEM-768,2097152,2 MB,52,226.800003,72.300005,3.878000,0.826200,5.003300,399.736174,2.385759,0.053215,4.533008,6.009700,6.009700
ML-KEM-768,2097152,2 MB,54,310.500000,114.700000,3.127100,0.545000,4.097300,488.126327,1.953745,0.053215,7.578161,7.723900,7.723900
ML-KEM-768,2097152,2 MB,56,356.000004,120.800003,3.457700,0.515000,4.449500,449.488707,2.121687,0.053215,8.000899,5.892900,5.892900
ML-KEM-768,2097152,2 MB,57,387.900000,120.000004,5.456900,0.442300,6.407100,312.153704,3.055143,0.053215,6.054221,5.128100,5.128100
ML-KEM-768,2097152,2 MB,58,279.799999,603.500004,4.376000,0.432300,5.691600,351.395038,2.713966,0.053215,4.916017,5.102300,5.102300
ML-KEM-768,2097152,2 MB,59,413.800000,78.400000,2.876500,2.498200,5.866900,340.895533,2.797556,0.053215,7.053129,7.330000,7.330000
ML-KEM-768,2097152,2 MB,60,221.200004,73.999996,3.270800,0.513900,4.079900,490.208094,1.945448,0.053215,5.421702,8.268000,8.268000
ML-KEM-768,2097152,2 MB,61,284.700000,74.800002,3.148500,0.439900,3.947900,506.598444,1.882505,0.053215,7.211429,8.320800,8.320800
ML-KEM-768,2097152,2 MB,62,437.299997,84.799998,3.135300,0.358000,4.015400,498.082383,1.914692,0.053215,10.890571,8.412200,8.412200
ML-KEM-768,2097152,2 MB,63,373.800001,80.200000,3.236300,1.220300,4.910600,407.282206,2.341557,0.053215,7.612104,8.401300,8.401300
ML-KEM-768,2097152,2 MB,64,256.299994,78.199999,3.327900,0.587500,4.249900,470.599309,2.026510,0.053215,6.030730,10.284400,10.284400
ML-KEM-768,2097152,2 MB,65,252.500002,78.899997,3.728400,0.383600,4.443400,450.105775,2.118778,0.053215,5.682585,9.506700,9.506700
ML-KEM-768,2097152,2 MB,66,501.499999,125.899998,3.192700,0.579700,4.399800,454.566116,2.097988,0.053215,11.398245,8.396500,8.396500
ML-KEM-768,2097152,2 MB,67,307.000002,93.199997,3.375100,0.551900,4.327200,462.192642,2.063370,0.053215,7.094657,8.759300,8.759300
ML-KEM-768,2097152,2 MB,68,433.000001,115.499999,3.749800,0.514700,4.813000,415.541243,2.295017,0.053215,8.996468,7.793800,7.793800
ML-KEM-768,2097152,2 MB,69,218.100002,75.999997,2.984600,0.594600,3.873300,516.355563,1.846933,0.053215,5.630857,5.145300,5.145300
ML-KEM-768,2097152,2 MB,70,200.800001,472.600004,3.831500,0.651800,5.156700,387.844940,2.458906,0.053215,3.893963,5.780000,5.780000
ML-KEM-768,2097152,2 MB,71,492.300001,107.100001,3.755100,0.649600,5.004100,399.672269,2.386141,0.053215,9.837933,10.703200,10.703200
ML-KEM-768,2097152,2 MB,72,356.400000,127.199994,5.483700,0.939900,6.907200,289.552930,3.293610,0.053215,5.159833,7.531300,7.531300
ML-KEM-768,2097152,2 MB,73,435.399998,307.400005,5.041600,1.199000,6.983400,286.393448,3.329945,0.053215,6.234785,8.907500,8.907500
ML-KEM-768,2097152,2 MB,74,406.600004,113.300004,5.049000,0.617200,6.186100,323.305475,2.949762,0.053215,6.572800,7.702600,7.702600
ML-KEM-768,2097152,2 MB,75,311.999996,93.600000,5.243600,0.509800,6.159000,324.728040,2.936840,0.053215,5.065757,7.671400,7.671400
ML-KEM-768,2097152,2 MB,76,369.699999,121.300000,3.377100,0.400800,4.268900,468.504767,2.035570,0.053215,8.660311,6.070900,6.070900
ML-KEM-768,2097152,2 MB,77,528.700002,151.000000,6.182200,0.469800,7.331700,272.788030,3.496027,0.053215,7.211152,8.527100,8.527100
ML-KEM-768,2097152,2 MB,78,325.599998,103.700004,3.997800,0.508200,4.935300,405.243856,2.353334,0.053215,6.597370,7.250200,7.250200
ML-KEM-768,2097152,2 MB,79,227.099998,75.100004,3.531000,0.679300,4.512500,443.213296,2.151728,0.053215,5.032687,6.992200,6.992200
ML-KEM-768,2097152,2 MB,80,405.999999,144.300000,4.237500,0.592700,5.380500,371.712666,2.565622,0.053215,7.545767,7.233200,7.233200
ML-KEM-768,2097152,2 MB,81,410.200002,179.799994,4.543000,0.636500,5.769500,346.650490,2.751112,0.053215,7.109802,9.212800,9.212800
ML-KEM-768,2097152,2 MB,82,544.500006,168.200000,4.406500,0.717100,5.836300,342.682864,2.782965,0.053215,9.329541,8.599600,8.599600
ML-KEM-768,2097152,2 MB,83,292.400000,92.099996,3.889800,0.651500,4.925800,406.025417,2.348804,0.053215,5.936092,8.239600,8.239600
ML-KEM-768,2097152,2 MB,84,422.699995,176.000001,4.688500,0.794200,6.081400,328.871641,2.899837,0.053215,6.950702,8.636800,8.636800
ML-KEM-768,2097152,2 MB,85,280.200002,135.800001,4.219200,0.588900,5.224100,382.841064,2.491045,0.053215,5.363603,8.699200,8.699200
ML-KEM-768,2097152,2 MB,86,293.500001,93.600000,3.498100,0.629200,4.514400,443.026759,2.152634,0.053215,6.501418,8.940700,8.940700
ML-KEM-768,2097152,2 MB,87,355.099997,131.599998,3.818100,0.627800,4.932600,405.465677,2.352047,0.053215,7.199043,9.150200,9.150200
ML-KEM-768,2097152,2 MB,88,372.399998,127.899999,4.261600,0.598600,5.360500,373.099524,2.556086,0.053215,6.947113,8.827800,8.827800
ML-KEM-768,2097152,2 MB,89,309.499999,91.499998,3.641700,0.593700,4.636400,431.369166,2.210808,0.053215,6.675438,9.960100,9.960100
ML-KEM-768,2097152,2 MB,90,343.399995,139.600001,3.874900,0.649700,5.007600,399.392923,2.387810,0.053215,6.857576,8.063900,8.063900
ML-KEM-768,2097152,2 MB,91,334.500000,109.499997,3.790800,0.739800,4.974600,402.042375,2.372074,0.053215,6.724159,8.555500,8.555500
ML-KEM-768,2097152,2 MB,92,375.600001,120.800003,3.952200,1.078000,5.526600,361.886151,2.635288,0.053215,6.796222,8.517000,8.517000
ML-KEM-768,2097152,2 MB,93,325.399997,109.299996,4.322200,0.747300,5.504200,363.358889,2.624607,0.053215,5.911849,7.590800,7.590800
ML-KEM-768,2097152,2 MB,94,513.799998,132.499998,4.409100,0.798200,5.853600,341.670083,2.791214,0.053215,8.777504,7.628100,7.628100
ML-KEM-768,2097152,2 MB,97,402.799997,119.299999,4.569700,0.710400,5.802200,344.696839,2.766705,0.053215,6.942194,15.168100,15.168100
ML-KEM-768,2097152,2 MB,99,455.599999,178.200004,5.108400,0.791800,6.534000,306.091215,3.115654,0.053215,6.972758,11.688200,11.688200
ML-KEM-768,2097152,2 MB,100,312.900003,82.800005,5.415500,1.341500,7.152700,279.614691,3.410673,0.053215,4.374572,8.334600,8.334600
ML-KEM-768,2097152,2 MB,101,294.300000,91.700000,6.684200,0.670700,7.740900,258.367890,3.691149,0.053215,3.801884,11.335900,11.335900
ML-KEM-768,2097152,2 MB,102,543.999995,124.399994,4.180800,0.696900,5.546100,360.613765,2.644587,0.053215,9.808694,10.420100,10.420100
ML-KEM-768,2097152,2 MB,104,378.299999,115.700001,4.810000,1.014600,6.318600,316.525813,3.012943,0.053215,5.987086,10.001200,10.001200
ML-KEM-768,2097152,2 MB,105,273.500002,82.899998,4.378800,0.681400,5.416600,369.235314,2.582836,0.053215,5.049293,9.129200,9.129200
ML-KEM-768,2097152,2 MB,106,258.200002,75.799995,3.847700,0.664100,4.845800,412.728548,2.310658,0.053215,5.328326,9.690500,9.690500
ML-KEM-768,2097152,2 MB,107,326.499998,93.300005,4.695700,0.580500,5.696000,351.123595,2.716064,0.053215,5.732093,9.206100,9.206100
ML-KEM-768,2097152,2 MB,108,376.799995,126.500003,7.104500,0.586800,8.194600,244.063164,3.907490,0.053215,4.598150,7.567700,7.567700
ML-KEM-768,2097152,2 MB,109,453.400004,140.199998,4.567000,0.535200,5.695800,351.135925,2.715969,0.053215,7.960251,10.461500,10.461500
ML-KEM-768,2097152,2 MB,110,374.699994,119.500000,5.339600,0.717700,6.551500,305.273601,3.123999,0.053215,5.719301,9.061200,9.061200
ML-KEM-768,2097152,2 MB,111,524.199997,125.699997,4.034900,0.655900,5.340700,374.482746,2.546644,0.053215,9.815193,9.604800,9.604800
ML-KEM-768,2097152,2 MB,112,314.600002,79.899997,4.096500,0.616500,5.107500,391.581008,2.435446,0.053215,6.159569,9.683300,9.683300
ML-KEM-768,2097152,2 MB,113,356.099998,86.599997,3.791800,0.897100,5.131600,389.741991,2.446938,0.053215,6.939356,7.587200,7.587200
ML-KEM-768,2097152,2 MB,114,266.299998,74.700001,4.766900,0.798900,5.906800,338.592808,2.816582,0.053215,4.508363,8.462600,8.462600
ML-KEM-768,2097152,2 MB,115,365.000000,95.000003,4.721000,0.934600,6.115600,327.032507,2.916145,0.053215,5.968343,7.993100,7.993100
ML-KEM-768,2097152,2 MB,116,293.500001,93.299997,6.009500,0.758400,7.154700,279.536529,3.411627,0.053215,4.102199,6.653800,6.653800
ML-KEM-768,2097152,2 MB,117,332.699994,82.999999,5.412500,0.815900,6.644100,301.018949,3.168154,0.053215,5.007450,7.455900,7.455900
ML-KEM-768,2097152,2 MB,118,294.199999,224.100004,5.779700,0.830300,7.128300,280.571805,3.399038,0.053215,4.127211,7.029500,7.029500
ML-KEM-768,2097152,2 MB,119,322.199994,180.999996,4.830100,2.255700,7.589000,263.539333,3.618717,0.053215,4.245619,14.652900,14.652900
ML-KEM-768,2097152,2 MB,120,438.100004,133.599999,6.948700,0.956900,8.477300,235.924174,4.042292,0.053215,5.167919,20.638400,20.638400
ML-KEM-768,2097152,2 MB,123,557.599997,287.299998,4.333600,0.786300,5.964800,335.300429,2.844238,0.053215,9.348176,12.572700,12.572700
ML-KEM-768,2097152,2 MB,125,509.999998,123.099999,5.976100,0.649100,7.258300,275.546616,3.461027,0.053215,7.026439,11.101800,11.101800
ML-KEM-768,2097152,2 MB,126,463.799995,172.000000,4.104200,0.711600,5.451600,366.864774,2.599525,0.053215,8.507594,9.548400,9.548400
ML-KEM-768,2097152,2 MB,127,446.700004,79.099998,7.265500,0.873900,8.665200,230.808291,4.131889,0.053215,5.155103,7.860400,7.860400
ML-KEM-768,2097152,2 MB,128,445.300000,84.899999,4.889000,0.925000,6.344200,315.248573,3.025150,0.053215,7.019009,7.967000,7.967000
ML-KEM-768,2097152,2 MB,129,304.599998,98.299999,7.220900,0.800800,8.424600,237.399995,4.017162,0.053215,3.615602,7.174900,7.174900
ML-KEM-768,2097152,2 MB,130,444.799996,2461.999997,4.692500,0.968400,8.567700,233.434878,4.085398,0.053215,5.191592,12.204400,12.204400
ML-KEM-768,2097152,2 MB,131,303.800000,89.699999,4.509200,0.666400,5.569100,359.124454,2.655554,0.053215,5.455100,12.591400,12.591400
ML-KEM-768,2097152,2 MB,132,420.400000,123.500002,5.623500,0.711000,6.878400,290.765294,3.279877,0.053215,6.111886,6.974300,6.974300
ML-KEM-768,2097152,2 MB,133,388.099994,123.900005,4.721800,0.681300,5.915100,338.117699,2.820539,0.053215,6.561174,9.628500,9.628500
ML-KEM-768,2097152,2 MB,134,444.499994,146.099999,4.955100,0.828000,6.373700,313.789479,3.039217,0.053215,6.973971,11.136400,11.136400
ML-KEM-768,2097152,2 MB,135,441.299999,137.999996,4.780500,0.702200,6.062000,329.924117,2.890587,0.053215,7.279776,9.766800,9.766800
ML-KEM-768,2097152,2 MB,136,379.800003,96.100004,4.614000,0.852600,5.942500,336.558687,2.833605,0.053215,6.391250,7.503700,7.503700
ML-KEM-768,2097152,2 MB,137,275.400002,100.999998,5.585500,0.755000,6.716900,297.756405,3.202868,0.053215,4.100106,7.828300,7.828300
ML-KEM-768,2097152,2 MB,138,369.500005,188.200000,5.159100,0.778700,6.495500,307.905473,3.097296,0.053215,5.688554,8.342100,8.342100
ML-KEM-768,2097152,2 MB,139,408.899999,146.400002,7.514200,0.627400,8.696900,229.967000,4.147005,0.053215,4.701675,10.702000,10.702000
ML-KEM-768,2097152,2 MB,140,433.699999,136.900002,5.139700,0.513000,6.223300,321.372905,2.967501,0.053215,6.968971,12.141200,12.141200
ML-KEM-768,2097152,2 MB,141,472.500004,167.999999,5.644300,0.843400,7.128200,280.575741,3.398991,0.053215,6.628602,7.283200,7.283200
ML-KEM-768,2097152,2 MB,142,276.799998,91.100002,5.380700,0.813600,6.562200,304.775838,3.129101,0.053215,4.218098,7.611000,7.611000
ML-KEM-768,2097152,2 MB,143,1069.500002,133.800000,5.781500,0.524000,7.508800,266.354144,3.580475,0.053215,14.243288,7.305000,7.305000
ML-KEM-768,2097152,2 MB,144,408.699998,169.399995,5.209600,0.672500,6.460200,309.587939,3.080463,0.053215,6.326429,12.200600,12.200600
ML-KEM-768,2097152,2 MB,145,379.400000,140.999997,3.993500,0.637500,5.151400,388.243972,2.456379,0.053215,7.364988,11.970500,11.970500
ML-KEM-768,2097152,2 MB,147,519.499998,168.300001,5.406200,0.683700,6.777700,295.085353,3.231859,0.053215,7.664842,11.506700,11.506700
ML-KEM-768,2097152,2 MB,148,378.699995,136.299997,3.913400,0.631300,5.059700,395.280353,2.412653,0.053215,7.484633,10.765700,10.765700
ML-KEM-768,2097152,2 MB,150,427.599996,136.199997,4.860400,0.672400,6.096600,328.051701,2.907085,0.053215,7.013745,15.007100,15.007100
ML-KEM-768,2097152,2 MB,151,1905.600002,172.700005,5.033600,0.850300,7.962200,251.186858,3.796673,0.053215,23.933084,11.621500,11.621500
ML-KEM-768,2097152,2 MB,152,359.400001,132.199995,3.848100,0.616800,4.956500,403.510542,2.363443,0.053215,7.251084,10.491200,10.491200
ML-KEM-768,2097152,2 MB,153,348.499998,126.899999,4.147500,0.597000,5.219900,383.149102,2.489042,0.053215,6.676373,9.147400,9.147400
ML-KEM-768,2097152,2 MB,154,373.499999,121.500001,5.728700,1.140400,7.364100,271.587838,3.511477,0.053215,5.071903,6.588100,6.588100
ML-KEM-768,2097152,2 MB,155,284.900001,92.099996,5.956400,0.770400,7.103800,281.539458,3.387356,0.053215,4.010530,7.288600,7.288600
ML-KEM-768,2097152,2 MB,156,1600.699994,335.000004,5.721600,0.632700,8.290000,241.254523,3.952980,0.053215,19.308806,8.373800,8.373800
ML-KEM-768,2097152,2 MB,157,1112.699996,152.499997,4.769500,0.665300,6.700000,298.507463,3.194809,0.053215,16.607463,9.904200,9.904200
ML-KEM-768,2097152,2 MB,158,290.500000,103.300001,3.906800,0.702700,5.003300,399.736174,2.385759,0.053215,5.806168,9.894600,9.894600
ML-KEM-768,2097152,2 MB,159,387.000000,120.100005,3.996000,0.977900,5.481000,364.896917,2.613544,0.053215,7.060755,8.879200,8.879200
ML-KEM-768,2097152,2 MB,160,401.199999,123.499995,6.393400,1.107200,8.025300,249.211868,3.826761,0.053215,4.999190,7.958400,7.958400
ML-KEM-768,2097152,2 MB,161,349.299997,104.999999,6.905200,0.650000,8.009500,249.703477,3.819227,0.053215,4.361071,8.089700,8.089700
ML-KEM-768,2097152,2 MB,162,487.599995,186.199999,4.343000,0.625700,5.642500,354.452813,2.690554,0.053215,8.641560,9.394900,9.394900
ML-KEM-768,2097152,2 MB,163,395.099996,116.800002,3.704400,0.631100,4.847400,412.592318,2.311420,0.053215,8.150761,10.472300,10.472300
ML-KEM-768,2097152,2 MB,164,356.400000,236.400003,3.849700,0.622600,5.065100,394.858937,2.415228,0.053215,7.036386,10.512000,10.512000
ML-KEM-768,2097152,2 MB,165,298.100007,101.300000,4.930800,1.235800,6.566000,304.599452,3.130913,0.053215,4.540055,6.892000,6.892000
ML-KEM-768,2097152,2 MB,166,335.000004,105.200001,5.292300,0.912000,6.644500,301.000828,3.168344,0.053215,5.041764,8.202000,8.202000
ML-KEM-768,2097152,2 MB,169,1184.099994,174.699999,4.090600,0.988800,6.438200,310.645833,3.069973,0.053215,18.391786,13.266100,13.266100
ML-KEM-768,2097152,2 MB,170,319.799998,120.599994,3.453400,4.613800,8.507600,235.083925,4.056740,0.053215,3.758992,6.754300,6.754300
ML-KEM-768,2097152,2 MB,171,477.499998,202.299998,6.644500,0.422600,7.746900,258.167783,3.694010,0.053215,6.163756,5.962300,5.962300
ML-KEM-768,2097152,2 MB,172,273.800004,102.099999,6.438100,0.624700,7.438700,268.864183,3.547049,0.053215,3.680751,6.726600,6.726600
ML-KEM-768,2097152,2 MB,173,382.799997,127.300002,6.168300,0.437500,7.115900,281.060723,3.393126,0.053215,5.379502,6.976300,6.976300
ML-KEM-768,2097152,2 MB,174,331.099996,91.399997,4.432900,0.443500,5.298900,377.436826,2.526712,0.053215,6.248467,6.161500,6.161500
ML-KEM-768,2097152,2 MB,175,608.099996,173.099994,5.971700,0.936300,7.689200,260.105082,3.666496,0.053215,7.908495,6.357500,6.357500
ML-KEM-768,2097152,2 MB,176,240.499998,75.299999,5.783200,0.471800,6.570800,304.376940,3.133202,0.053215,3.660133,6.171100,6.171100
ML-KEM-768,2097152,2 MB,177,281.000001,64.100001,2.664500,1.268100,4.277700,467.540968,2.039766,0.053215,6.568951,7.453600,7.453600
ML-KEM-768,2097152,2 MB,178,267.899995,93.499999,3.346400,0.556600,4.264400,468.999156,2.033424,0.053215,6.282244,8.405500,8.405500
ML-KEM-768,2097152,2 MB,179,263.800001,80.599995,2.830700,0.978300,4.153400,481.533201,1.980495,0.053215,6.351423,7.898600,7.898600
ML-KEM-768,2097152,2 MB,180,242.700000,71.600000,2.904200,0.530100,3.748600,533.532519,1.787472,0.053215,6.474417,8.256400,8.256400
ML-KEM-768,2097152,2 MB,183,336.799996,132.699999,5.260400,0.778500,6.508400,307.295188,3.103447,0.053215,5.174851,5.799000,5.799000
ML-KEM-768,2097152,2 MB,184,469.200000,105.400002,5.697500,0.460700,6.732800,297.053232,3.210449,0.053215,6.968869,5.391500,5.391500
ML-KEM-768,2097152,2 MB,185,413.499998,95.600000,5.015900,0.637200,6.162200,324.559411,2.938366,0.053215,6.710266,5.951900,5.951900
ML-KEM-768,2097152,2 MB,186,404.200000,86.499997,2.870000,0.529100,3.889800,514.165253,1.854801,0.053215,10.391280,9.275200,9.275200
ML-KEM-768,2097152,2 MB,187,366.799999,103.300001,3.138000,0.634400,4.242500,471.420153,2.022982,0.053215,8.645846,7.641700,7.641700
ML-KEM-768,2097152,2 MB,188,232.900005,66.900000,3.075000,0.522500,3.897300,513.175789,1.858377,0.053215,5.975932,7.521100,7.521100
ML-KEM-768,2097152,2 MB,189,315.200006,115.600000,3.643600,0.527300,4.601700,434.621988,2.194262,0.053215,6.849643,9.874400,9.874400
ML-KEM-768,2097152,2 MB,190,491.799998,127.400002,3.975700,0.424200,5.019100,398.477815,2.393293,0.053215,9.798569,11.299900,11.299900
ML-KEM-768,2097152,2 MB,191,310.600000,122.200006,3.015600,0.535700,3.984100,501.995432,1.899767,0.053215,7.795989,12.931200,12.931200
ML-KEM-768,2097152,2 MB,192,214.200001,66.500004,6.027100,0.948800,7.256600,275.611168,3.460217,0.053215,2.951796,5.930100,5.930100
ML-KEM-768,2097152,2 MB,194,245.200004,74.200005,5.496200,0.736600,6.552200,305.240988,3.124332,0.053215,3.742255,6.218200,6.218200
ML-KEM-768,2097152,2 MB,195,267.800002,99.099998,3.698100,1.280100,5.345100,374.174477,2.548742,0.053215,5.010196,6.394500,6.394500
ML-KEM-768,2097152,2 MB,197,273.500002,92.700000,3.058900,0.526700,3.951800,506.098486,1.884365,0.053215,6.920897,10.545600,10.545600
ML-KEM-768,2097152,2 MB,198,398.299999,147.100000,3.678800,0.608700,4.832900,413.830205,2.304506,0.053215,8.241429,11.745100,11.745100
ML-KEM-768,2097152,2 MB,199,304.100002,89.000001,4.501400,0.862200,5.756700,347.421265,2.745008,0.053215,5.282540,7.259800,7.259800
ML-KEM-768,2097152,2 MB,201,302.999993,95.199997,3.616900,0.452800,4.467900,447.637593,2.130461,0.053215,6.781709,9.188300,9.188300
ML-KEM-768,2097152,2 MB,202,318.200000,95.799995,3.415100,0.530000,4.359100,458.810305,2.078581,0.053215,7.299672,8.754500,8.754500
ML-KEM-768,2097152,2 MB,203,306.399997,99.899997,3.759300,0.647800,4.813400,415.506710,2.295208,0.053215,6.365563,10.412600,10.412600
ML-KEM-768,2097152,2 MB,204,483.200005,158.299998,5.015600,0.454600,6.111700,327.241193,2.914286,0.053215,7.906147,6.319900,6.319900
ML-KEM-768,2097152,2 MB,205,288.399999,84.400002,3.368200,0.441800,4.182800,478.148608,1.994514,0.053215,6.894903,6.945300,6.945300
ML-KEM-768,2097152,2 MB,206,413.299997,170.399995,4.598100,0.730000,5.911800,338.306438,2.818966,0.053215,6.991102,7.782900,7.782900
ML-KEM-768,2097152,2 MB,207,300.599997,80.500002,2.850600,0.591800,3.823500,523.080946,1.823187,0.053215,7.861907,6.168700,6.168700
ML-KEM-768,2097152,2 MB,208,310.700001,113.099995,4.330700,0.443400,5.197900,384.770773,2.478552,0.053215,5.977414,5.789600,5.789600
ML-KEM-768,2097152,2 MB,209,214.300002,53.500000,3.884600,0.789500,4.941900,404.702645,2.356482,0.053215,4.336389,5.305100,5.305100
ML-KEM-768,2097152,2 MB,211,245.099996,76.400000,3.731100,0.592400,4.645000,430.570506,2.214909,0.053215,5.276641,6.092500,6.092500
ML-KEM-768,2097152,2 MB,213,376.599994,112.900001,3.110700,0.403000,4.003200,499.600320,1.908875,0.053215,9.407474,5.558900,5.558900
ML-KEM-768,2097152,2 MB,214,222.499999,57.600002,3.974300,0.699800,4.954200,403.697873,2.362347,0.053215,4.491139,5.777700,5.777700
ML-KEM-768,2097152,2 MB,215,249.000004,84.899999,3.086500,0.533200,3.953600,505.868070,1.885223,0.053215,6.298058,7.402100,7.402100
ML-KEM-768,2097152,2 MB,216,273.500002,104.300001,3.853400,0.646900,4.878100,409.995695,2.326059,0.053215,5.606691,7.578400,7.578400
ML-KEM-768,2097152,2 MB,217,306.599999,360.899998,4.207200,0.624700,5.499400,363.676037,2.622318,0.053215,5.575154,7.689800,7.689800
ML-KEM-768,2097152,2 MB,218,290.699994,116.800002,3.571600,0.640200,4.619300,432.966034,2.202654,0.053215,6.293161,8.701500,8.701500
ML-KEM-768,2097152,2 MB,219,474.500004,131.599998,3.882600,0.648300,5.137000,389.332295,2.449512,0.053215,9.236909,8.313000,8.313000
ML-KEM-768,2097152,2 MB,220,501.399998,134.800001,3.886500,0.627200,5.149900,388.357055,2.455664,0.053215,9.736111,8.018000,8.018000
ML-KEM-768,2097152,2 MB,221,361.600003,129.800006,3.838100,0.639000,4.968500,402.535977,2.369165,0.053215,7.277851,7.964700,7.964700
ML-KEM-768,2097152,2 MB,222,326.800000,121.500001,3.665500,0.644100,4.757900,420.353518,2.268744,0.053215,6.868576,7.965800,7.965800
ML-KEM-768,2097152,2 MB,223,365.599997,221.599999,4.141900,0.656300,5.385400,371.374457,2.567959,0.053215,6.788725,7.752700,7.752700
ML-KEM-768,2097152,2 MB,224,300.899999,215.300002,3.874500,0.614000,5.004700,399.624353,2.386427,0.053215,6.012348,8.031700,8.031700
ML-KEM-768,2097152,2 MB,225,253.999999,189.499995,3.011200,0.506600,3.961300,504.884760,1.888895,0.053215,6.412036,6.084800,6.084800
ML-KEM-768,2097152,2 MB,226,454.800000,196.499997,4.117200,0.485500,5.254000,380.662353,2.505302,0.053215,8.656262,5.463700,5.463700
ML-KEM-768,2097152,2 MB,227,241.100002,98.000004,5.355000,0.466900,6.161000,324.622626,2.937794,0.053215,3.913326,5.235900,5.235900
ML-KEM-768,2097152,2 MB,228,226.099997,86.699998,4.344300,0.782900,5.440000,367.647059,2.593994,0.053215,4.156250,6.304800,6.304800
ML-KEM-768,2097152,2 MB,229,211.800005,63.599997,2.821900,0.575400,3.672700,544.558499,1.751280,0.053215,5.766875,6.468600,6.468600
ML-KEM-768,2097152,2 MB,230,410.900000,149.399995,3.280000,0.509400,4.349700,459.801826,2.074099,0.053215,9.446629,8.194100,8.194100
ML-KEM-768,2097152,2 MB,231,284.800000,98.299999,3.860500,0.543000,4.786600,417.833117,2.282429,0.053215,5.949944,7.692700,7.692700
ML-KEM-768,2097152,2 MB,232,246.500000,78.700003,2.900900,0.536200,3.762300,531.589719,1.794004,0.053215,6.551843,8.753400,8.753400
ML-KEM-768,2097152,2 MB,233,342.500003,108.700006,2.871500,0.523300,3.846000,520.020801,1.833916,0.053215,8.905356,5.790000,5.790000
ML-KEM-768,2097152,2 MB,234,414.299997,135.599999,4.061100,0.389400,5.000400,399.968003,2.384377,0.053215,8.285337,6.262700,6.262700
ML-KEM-768,2097152,2 MB,235,385.500003,91.200003,3.010400,0.564000,4.051100,493.693071,1.931715,0.053215,9.515934,5.855700,5.855700
ML-KEM-768,2097152,2 MB,236,224.000003,69.700000,5.002900,0.631000,5.927600,337.404683,2.826500,0.053215,3.778933,4.987200,4.987200
ML-KEM-768,2097152,2 MB,237,232.499995,71.900002,2.845300,0.531200,3.680900,543.345377,1.755190,0.053215,6.316390,6.741800,6.741800
ML-KEM-768,2097152,2 MB,238,254.399994,85.100000,2.925300,0.517300,3.782100,528.806747,1.803446,0.053215,6.726422,8.630100,8.630100
ML-KEM-768,2097152,2 MB,239,264.000002,92.999995,2.982800,0.493400,3.833200,521.757278,1.827812,0.053215,6.887196,8.504800,8.504800
ML-KEM-768,2097152,2 MB,240,227.499993,75.299999,3.724900,0.525300,4.553000,439.270810,2.171040,0.053215,4.996705,8.969600,8.969600
ML-KEM-768,2097152,2 MB,241,291.400000,93.600000,3.025100,0.672300,4.082400,489.907897,1.946640,0.053215,7.137958,7.831800,7.831800
ML-KEM-768,2097152,2 MB,242,511.999999,249.199999,3.328400,0.524400,4.614000,433.463372,2.200127,0.053215,11.096662,8.138600,8.138600
ML-KEM-768,2097152,2 MB,243,564.499998,140.500000,3.164200,0.576600,4.445800,449.862791,2.119923,0.053215,12.697377,7.651500,7.651500
ML-KEM-768,2097152,2 MB,244,368.900000,145.899998,3.637600,0.541500,4.693900,426.084919,2.238226,0.053215,7.859136,5.217900,5.217900
ML-KEM-768,2097152,2 MB,245,359.500002,77.199998,6.082000,0.547900,7.066600,283.021538,3.369617,0.053215,5.087312,5.648600,5.648600
ML-KEM-768,2097152,2 MB,247,275.599996,83.799998,3.541200,0.536500,4.437100,450.744855,2.115774,0.053215,6.211264,7.029900,7.029900
ML-KEM-768,2097152,2 MB,248,393.700000,378.500001,3.515400,0.553500,4.841100,413.129247,2.308416,0.053215,8.132449,6.156900,6.156900
ML-KEM-768,2097152,2 MB,249,1395.300002,247.500000,3.256700,0.630900,5.530400,361.637495,2.637100,0.053215,25.229640,9.598200,9.598200
ML-KEM-768,2097152,2 MB,250,333.100004,100.199999,3.405800,0.631700,4.470800,447.347231,2.131844,0.053215,7.450568,7.002600,7.002600
ML-KEM-768,2097152,2 MB,251,630.900002,151.499997,3.681600,0.493100,4.957100,403.461702,2.363729,0.053215,12.727199,6.721000,6.721000
ML-KEM-768,2097152,2 MB,252,486.299999,171.799998,3.675600,0.370100,4.703800,425.188145,2.242947,0.053215,10.338450,6.008600,6.008600
ML-KEM-768,2097152,2 MB,253,403.600003,94.099996,3.919900,0.769900,5.187500,385.542169,2.473593,0.053215,7.780241,5.870700,5.870700
ML-KEM-768,2097152,2 MB,254,473.399996,125.400002,4.547300,0.396500,5.542600,360.841482,2.642918,0.053215,8.541118,6.349600,6.349600
ML-KEM-768,2097152,2 MB,255,1044.199998,132.800000,3.775200,0.451600,5.403800,370.109923,2.576733,0.053215,19.323439,6.393600,6.393600
ML-KEM-768,2097152,2 MB,256,316.300000,69.899994,5.207700,0.553200,6.147100,325.356672,2.931166,0.053215,5.145516,5.846300,5.846300
ML-KEM-768,2097152,2 MB,257,372.799994,83.999999,4.838200,0.824800,6.119800,326.808065,2.918148,0.053215,6.091702,6.280700,6.280700
ML-KEM-768,2097152,2 MB,258,368.399997,58.500002,4.903000,1.939300,7.269200,275.133440,3.466225,0.053215,5.067958,6.405400,6.405400
ML-KEM-768,2097152,2 MB,259,276.200000,85.500003,5.593800,0.883800,6.839300,292.427587,3.261232,0.053215,4.038425,6.372700,6.372700
ML-KEM-768,2097152,2 MB,260,394.999995,85.100000,5.840100,0.771200,7.091400,282.031757,3.381443,0.053215,5.570127,6.838800,6.838800
ML-KEM-768,2097152,2 MB,261,247.299999,84.499996,3.251300,1.154400,4.737500,422.163588,2.259016,0.053215,5.220053,7.251200,7.251200
ML-KEM-768,2097152,2 MB,262,282.699999,70.000002,2.950500,0.558000,3.861200,517.973687,1.841164,0.053215,7.321558,8.031800,8.031800
ML-KEM-768,2097152,2 MB,263,273.400001,81.099999,3.310500,0.547400,4.212400,474.788719,2.008629,0.053215,6.490362,7.268900,7.268900
ML-KEM-768,2097152,2 MB,265,1013.699999,81.200007,2.704300,0.538300,4.337500,461.095101,2.068281,0.053215,23.370605,5.867400,5.867400
ML-KEM-768,2097152,2 MB,266,1838.099997,373.100003,3.714500,0.445500,6.371200,313.912607,3.038025,0.053215,28.850138,5.334900,5.334900
ML-KEM-768,2097152,2 MB,267,246.900003,76.700002,5.331500,0.660900,6.316000,316.656112,3.011703,0.053215,3.909120,5.193300,5.193300
ML-KEM-768,2097152,2 MB,268,225.199998,65.699998,2.993500,0.765300,4.049700,493.863744,1.931047,0.053215,5.560906,6.235700,6.235700
ML-KEM-768,2097152,2 MB,269,465.300000,108.900000,2.917800,0.537700,4.029700,496.314862,1.921511,0.053215,11.546765,7.911500,7.911500
ML-KEM-768,2097152,2 MB,270,315.000005,97.800003,3.242000,0.517700,4.172500,479.328940,1.989603,0.053215,7.549431,10.280900,10.280900
ML-KEM-768,2097152,2 MB,271,267.299998,103.099999,2.997600,0.518900,3.886900,514.548870,1.853418,0.053215,6.876946,11.110200,11.110200
ML-KEM-768,2097152,2 MB,272,294.600002,108.300002,2.876300,0.530800,3.810000,524.934383,1.816750,0.053215,7.732284,11.698700,11.698700
ML-KEM-768,2097152,2 MB,273,466.099998,236.199994,3.231700,1.087200,5.021200,398.311161,2.394295,0.053215,9.282642,9.199500,9.199500
ML-KEM-768,2097152,2 MB,274,316.500002,83.899999,7.110400,0.428800,7.939600,251.901859,3.785896,0.053215,3.986347,5.845700,5.845700
ML-KEM-768,2097152,2 MB,276,275.300001,104.600003,2.981300,0.532100,3.893300,513.703029,1.856470,0.053215,7.071122,8.105500,8.105500
ML-KEM-768,2097152,2 MB,277,395.500007,92.299997,3.475200,0.637900,4.600900,434.697559,2.193880,0.053215,8.596144,8.020400,8.020400
ML-KEM-768,2097152,2 MB,278,322.799999,91.199996,3.099100,0.658800,4.171900,479.397876,1.989317,0.053215,7.737482,5.567400,5.567400
ML-KEM-768,2097152,2 MB,279,457.800001,120.600002,3.370300,0.376400,4.325100,462.417054,2.062368,0.053215,10.584726,5.417500,5.417500
ML-KEM-768,2097152,2 MB,280,465.800003,401.199999,4.242800,0.598200,5.708000,350.385424,2.721787,0.053215,8.160477,5.495300,5.495300
ML-KEM-768,2097152,2 MB,281,338.600003,67.600005,5.200900,0.411900,6.019000,332.281110,2.870083,0.053215,5.625519,5.401300,5.401300
ML-KEM-768,2097152,2 MB,282,239.699999,74.500000,3.004100,2.585300,5.903600,338.776340,2.815056,0.053215,4.060234,6.379200,6.379200
ML-KEM-768,2097152,2 MB,283,226.999997,64.100001,3.370900,0.552900,4.214900,474.507106,2.009821,0.053215,5.385656,6.678800,6.678800
ML-KEM-768,2097152,2 MB,284,495.300003,106.699998,2.704100,0.526800,3.832900,521.798116,1.827669,0.053215,12.922330,10.690700,10.690700
ML-KEM-768,2097152,2 MB,285,417.499999,93.000002,2.698600,0.520300,3.729400,536.279294,1.778316,0.053215,11.194830,9.160500,9.160500
ML-KEM-768,2097152,2 MB,286,426.099999,106.699998,2.810000,0.685200,4.028000,496.524329,1.920700,0.053215,10.578451,7.746700,7.746700
ML-KEM-768,2097152,2 MB,288,502.100003,125.600003,3.394600,0.517200,4.539500,440.577156,2.164602,0.053215,11.060690,5.123100,5.123100
ML-KEM-768,2097152,2 MB,289,315.400001,115.000003,3.794400,0.424100,4.648900,430.209297,2.216768,0.053215,6.784401,4.956900,4.956900
ML-KEM-768,2097152,2 MB,290,338.000005,62.300001,4.991700,0.739800,6.131800,326.168499,2.923870,0.053215,5.512248,5.170400,5.170400
ML-KEM-768,2097152,2 MB,291,249.699995,81.800004,2.866100,0.507900,3.705500,539.738227,1.766920,0.053215,6.738632,6.948900,6.948900
ML-KEM-768,2097152,2 MB,292,463.100005,103.799997,2.923000,0.529100,4.019000,497.636228,1.916409,0.053215,11.522767,8.508200,8.508200
ML-KEM-768,2097152,2 MB,293,276.100000,100.700003,3.029700,0.511000,3.917500,510.529674,1.868010,0.053215,7.047862,8.848700,8.848700
ML-KEM-768,2097152,2 MB,295,285.499998,88.000001,4.051800,0.544500,4.969800,402.430681,2.369785,0.053215,5.744698,7.549900,7.549900
ML-KEM-768,2097152,2 MB,297,413.900001,225.100004,3.701200,0.667100,5.007300,399.416851,2.387667,0.053215,8.265932,5.188300,5.188300
ML-KEM-768,2097152,2 MB,298,430.000000,146.099999,3.376900,0.376200,4.329200,461.979118,2.064323,0.053215,9.932551,6.130900,6.130900
ML-KEM-768,2097152,2 MB,299,379.500001,71.899995,4.853400,0.559900,5.864700,341.023411,2.796507,0.053215,6.470919,5.634600,5.634600
ML-KEM-768,4194304,4 MB,1,567.099996,125.600003,5.677700,1.235600,7.606000,525.900604,1.813412,0.026608,7.455956,11.346000,11.346000
ML-KEM-768,4194304,4 MB,2,559.100001,135.899994,7.702400,0.837000,9.234400,433.162956,2.201653,0.026608,6.054535,12.108500,12.108500
ML-KEM-768,4194304,4 MB,3,305.699999,118.500000,7.120800,1.250800,8.795800,454.762500,2.097082,0.026608,3.475522,9.091400,9.091400
ML-KEM-768,4194304,4 MB,4,308.800001,92.800001,5.805000,0.978800,7.185400,556.684388,1.713133,0.026608,4.297603,11.281900,11.281900
ML-KEM-768,4194304,4 MB,5,299.399995,128.100000,6.219800,2.223200,8.870500,450.932867,2.114892,0.026608,3.375232,9.408600,9.408600
ML-KEM-768,4194304,4 MB,6,326.699999,81.000006,7.814900,0.787400,9.010000,443.951165,2.148151,0.026608,3.625971,10.887500,10.887500
ML-KEM-768,4194304,4 MB,7,286.500006,115.900002,7.879000,0.801600,9.083000,440.383133,2.165556,0.026608,3.154244,11.301400,11.301400
ML-KEM-768,4194304,4 MB,8,378.800003,125.599996,6.537300,1.049800,8.091500,494.345919,1.929164,0.026608,4.681456,10.212100,10.212100
ML-KEM-768,4194304,4 MB,9,293.600002,120.400000,7.736000,0.726100,8.876100,450.648370,2.116227,0.026608,3.307759,9.863300,9.863300
ML-KEM-768,4194304,4 MB,10,351.700000,127.699997,6.855700,0.982900,8.318000,480.884828,1.983166,0.026608,4.228180,10.079500,10.079500
ML-KEM-768,4194304,4 MB,11,297.300001,119.000004,7.620400,1.235800,9.272500,431.383122,2.210736,0.026608,3.206255,8.646000,8.646000
ML-KEM-768,4194304,4 MB,12,388.599998,118.999997,6.192300,0.854300,7.554200,529.506765,1.801062,0.026608,5.144158,11.836600,11.836600
ML-KEM-768,4194304,4 MB,13,293.099998,492.500003,7.998700,0.870300,9.654600,414.310277,2.301836,0.026608,3.035859,9.053100,9.053100
ML-KEM-768,4194304,4 MB,14,422.999998,139.000003,5.963900,0.956200,7.482100,534.609267,1.783872,0.026608,5.653493,12.576800,12.576800
ML-KEM-768,4194304,4 MB,15,313.500001,124.000006,6.608200,1.838600,8.884300,450.232433,2.118182,0.026608,3.528697,10.414400,10.414400
ML-KEM-768,4194304,4 MB,17,319.999999,100.600002,7.043700,0.854600,8.318900,480.832802,1.983380,0.026608,3.846662,11.700900,11.700900
ML-KEM-768,4194304,4 MB,18,386.000000,135.199996,7.646600,1.103000,9.270800,431.462226,2.210331,0.026608,4.163610,13.201200,13.201200
ML-KEM-768,4194304,4 MB,19,366.600005,93.600007,5.719600,1.052400,7.232200,553.082050,1.724291,0.026608,5.068997,11.989800,11.989800
ML-KEM-768,4194304,4 MB,20,363.400002,98.999997,8.558300,1.757100,10.777800,371.133255,2.569628,0.026608,3.371746,10.915600,10.915600
ML-KEM-768,4194304,4 MB,21,439.800002,159.900002,8.347600,1.231200,10.178500,392.985214,2.426744,0.026608,4.320872,11.636000,11.636000
ML-KEM-768,4194304,4 MB,22,780.599999,318.100007,8.802500,1.345900,11.247100,355.647234,2.681518,0.026608,6.940456,10.933800,10.933800
ML-KEM-768,4194304,4 MB,23,220.999995,76.899996,7.977300,1.280700,9.555900,418.589562,2.278304,0.026608,2.312707,10.945700,10.945700
ML-KEM-768,4194304,4 MB,24,411.900000,154.400004,8.996000,1.153700,10.716000,373.273610,2.554893,0.026608,3.843785,13.287000,13.287000
ML-KEM-768,4194304,4 MB,25,472.899999,141.799996,10.226300,0.989500,11.830500,338.109125,2.820611,0.026608,3.997295,14.704800,14.704800
ML-KEM-768,4194304,4 MB,26,369.199995,136.500006,9.407500,1.323300,11.236500,355.982735,2.678990,0.026608,3.285721,13.083900,13.083900
ML-KEM-768,4194304,4 MB,27,375.899996,136.800001,8.360500,1.536100,10.409300,384.271757,2.481771,0.026608,3.611194,13.134900,13.134900
ML-KEM-768,4194304,4 MB,28,257.699998,78.300007,5.351500,1.591500,7.279000,549.526034,1.735449,0.026608,3.540321,38.714400,38.714400
ML-KEM-768,4194304,4 MB,29,259.499997,82.200000,7.390400,3.639300,11.371400,351.759678,2.711153,0.026608,2.282041,12.352900,12.352900
ML-KEM-768,4194304,4 MB,30,340.200000,97.800003,6.878200,1.134800,8.451000,473.316767,2.014875,0.026608,4.025559,12.476200,12.476200
ML-KEM-768,4194304,4 MB,31,287.199997,108.799999,9.189000,0.818600,10.403600,384.482294,2.480412,0.026608,2.760583,11.533200,11.533200
ML-KEM-768,4194304,4 MB,32,479.999995,250.600002,5.658200,1.047800,7.436600,537.880214,1.773024,0.026608,6.454562,13.480100,13.480100
ML-KEM-768,4194304,4 MB,33,446.699996,171.100000,6.970000,0.681000,8.268800,483.746130,1.971436,0.026608,5.402235,13.347300,13.347300
ML-KEM-768,4194304,4 MB,34,326.899994,121.300000,6.012300,2.139600,8.600100,465.110871,2.050424,0.026608,3.801119,10.295800,10.295800
ML-KEM-768,4194304,4 MB,35,733.699999,139.299998,6.893500,0.999500,8.766000,456.308464,2.089977,0.026608,8.369838,12.330000,12.330000
ML-KEM-768,4194304,4 MB,36,371.000002,130.900000,6.957900,2.321600,9.781400,408.939415,2.332067,0.026608,3.792913,8.492500,8.492500
ML-KEM-768,4194304,4 MB,37,294.800004,163.099998,6.520500,1.297600,8.276000,483.325278,1.973152,0.026608,3.562107,12.220700,12.220700
ML-KEM-768,4194304,4 MB,38,296.799997,134.100002,7.108600,2.855400,10.394900,384.804087,2.478337,0.026608,2.855246,8.893100,8.893100
ML-KEM-768,4194304,4 MB,39,341.800005,85.899999,6.885100,1.171700,8.484500,471.447934,2.022862,0.026608,4.028523,10.970300,10.970300
ML-KEM-768,4194304,4 MB,40,302.799999,114.700000,10.260600,0.864300,11.542400,346.548378,2.751923,0.026608,2.623371,11.265100,11.265100
ML-KEM-768,4194304,4 MB,41,449.600004,125.599996,5.454100,1.021700,7.051000,567.295419,1.681089,0.026608,6.376401,12.486100,12.486100
ML-KEM-768,4194304,4 MB,42,2836.499996,135.900002,6.811000,0.869300,10.652700,375.491659,2.539802,0.026608,26.627052,14.771900,14.771900
ML-KEM-768,4194304,4 MB,43,257.300002,120.999997,11.573800,0.975500,12.927600,309.415514,3.082180,0.026608,1.990315,18.246700,18.246700
ML-KEM-768,4194304,4 MB,44,499.000002,2373.299998,7.729100,1.060800,11.662200,342.988458,2.780485,0.026608,4.278781,13.529500,13.529500
ML-KEM-768,4194304,4 MB,45,311.399999,119.800003,8.390900,0.906600,9.728700,411.154625,2.319503,0.026608,3.200839,11.662300,11.662300
ML-KEM-768,4194304,4 MB,46,755.000001,184.199998,6.547700,1.027900,8.514800,469.770282,2.030087,0.026608,8.866914,12.741100,12.741100
ML-KEM-768,4194304,4 MB,47,330.100003,93.999995,6.602500,1.094300,8.120900,492.556244,1.936173,0.026608,4.064820,13.105000,13.105000
ML-KEM-768,4194304,4 MB,48,305.800000,175.399997,8.525600,1.200500,10.207300,391.876402,2.433610,0.026608,2.995895,10.715500,10.715500
ML-KEM-768,4194304,4 MB,49,415.500006,138.600000,6.032500,1.054800,7.641400,523.464287,1.821852,0.026608,5.437485,12.074200,12.074200
ML-KEM-768,4194304,4 MB,50,307.000002,118.999997,9.351400,1.147100,10.924500,366.149481,2.604604,0.026608,2.810197,13.487300,13.487300
ML-KEM-768,4194304,4 MB,51,299.500003,119.600001,8.486100,1.265200,10.170400,393.298199,2.424812,0.026608,2.944820,9.841900,9.841900
ML-KEM-768,4194304,4 MB,52,1112.500002,134.100002,5.806900,1.162000,8.215500,486.884548,1.958728,0.026608,13.541477,12.551900,12.551900
ML-KEM-768,4194304,4 MB,53,333.700002,120.700002,7.171700,1.337600,8.963700,446.244297,2.137113,0.026608,3.722793,9.804100,9.804100
ML-KEM-768,4194304,4 MB,54,315.199999,99.200006,6.051700,1.173100,7.639200,523.615038,1.821327,0.026608,4.126086,11.152100,11.152100
ML-KEM-768,4194304,4 MB,55,535.699997,243.399998,8.392100,1.259400,10.430600,383.487048,2.486849,0.026608,5.135850,8.673600,8.673600
ML-KEM-768,4194304,4 MB,56,321.599997,90.300004,7.033200,1.145700,8.590800,465.614378,2.048206,0.026608,3.743540,20.930600,20.930600
ML-KEM-768,4194304,4 MB,57,371.599999,153.000001,10.979000,0.969800,12.473400,320.682412,2.973890,0.026608,2.979140,15.878300,15.878300
ML-KEM-768,4194304,4 MB,59,281.200002,90.100002,7.795400,1.734600,9.901300,403.987355,2.360654,0.026608,2.840031,10.619000,10.619000
ML-KEM-768,4194304,4 MB,60,319.399995,133.699999,7.379000,0.815400,8.647500,462.561434,2.061725,0.026608,3.693553,12.435800,12.435800
ML-KEM-768,4194304,4 MB,61,601.499996,199.700000,7.441400,0.863800,9.106400,439.251515,2.171135,0.026608,6.605245,9.407200,9.407200
ML-KEM-768,4194304,4 MB,62,265.600000,88.200002,6.761000,1.055800,8.170600,489.560130,1.948023,0.026608,3.250679,11.433600,11.433600
ML-KEM-768,4194304,4 MB,63,289.800002,109.299996,6.924400,1.290500,8.614000,464.360343,2.053738,0.026608,3.364291,10.117700,10.117700
ML-KEM-768,4194304,4 MB,64,614.999997,149.200001,7.765400,1.180000,9.709600,411.963418,2.314949,0.026608,6.333938,11.828200,11.828200
ML-KEM-768,4194304,4 MB,65,350.800001,136.499999,7.855400,0.856900,9.199600,434.801513,2.193356,0.026608,3.813209,8.740700,8.740700
ML-KEM-768,4194304,4 MB,66,377.199998,159.400006,5.447100,1.144400,7.128100,561.159355,1.699471,0.026608,5.291733,10.199200,10.199200
ML-KEM-768,4194304,4 MB,67,447.599996,118.900003,6.780000,1.565900,8.912400,448.812890,2.124882,0.026608,5.022216,11.314000,11.314000
ML-KEM-768,4194304,4 MB,68,288.900002,89.800000,6.761100,1.335000,8.474800,471.987539,2.020550,0.026608,3.408930,11.335100,11.335100
ML-KEM-768,4194304,4 MB,69,223.299998,89.200003,7.631200,1.189000,9.132700,437.986576,2.177405,0.026608,2.445060,10.524400,10.524400
ML-KEM-768,4194304,4 MB,70,341.100000,109.100001,7.105300,1.173200,8.728700,458.258389,2.081084,0.026608,3.907798,11.231200,11.231200
ML-KEM-768,4194304,4 MB,71,305.099995,117.600001,7.591400,1.227400,9.241500,432.830168,2.203345,0.026608,3.301412,9.787000,9.787000
ML-KEM-768,4194304,4 MB,72,316.300000,135.100003,5.888700,1.197100,7.537200,530.701056,1.797009,0.026608,4.196519,11.918300,11.918300
ML-KEM-768,4194304,4 MB,73,231.300000,130.200002,6.537200,1.328400,8.227100,486.198053,1.961493,0.026608,2.811440,11.429200,11.429200
ML-KEM-768,4194304,4 MB,74,299.799998,94.700001,7.089400,1.253600,8.737500,457.796853,2.083182,0.026608,3.431187,11.578600,11.578600
ML-KEM-768,4194304,4 MB,75,305.900001,122.899997,7.714000,1.393700,9.536500,419.441095,2.273679,0.026608,3.207676,9.294200,9.294200
ML-KEM-768,4194304,4 MB,76,248.000004,83.499996,6.483700,0.981700,7.796900,513.024407,1.858926,0.026608,3.180751,10.587900,10.587900
ML-KEM-768,4194304,4 MB,77,225.899996,114.700000,7.973400,1.141600,9.455600,423.029739,2.254391,0.026608,2.389060,8.773600,8.773600
ML-KEM-768,4194304,4 MB,78,355.199998,132.600006,6.260400,1.320000,8.068200,495.773531,1.923609,0.026608,4.402469,11.699700,11.699700
ML-KEM-768,4194304,4 MB,79,267.000003,76.900003,5.206200,3.066000,8.616100,464.247165,2.054238,0.026608,3.098850,10.606300,10.606300
ML-KEM-768,4194304,4 MB,80,270.200006,90.900001,5.970100,1.010400,7.341600,544.840362,1.750374,0.026608,3.680397,12.662600,12.662600
ML-KEM-768,4194304,4 MB,81,331.600000,116.499999,8.717900,0.907200,10.073200,397.093277,2.401638,0.026608,3.291903,12.719800,12.719800
ML-KEM-768,4194304,4 MB,82,570.400000,750.899999,6.536400,0.836100,8.693800,460.098001,2.072763,0.026608,6.560997,16.319400,16.319400
ML-KEM-768,4194304,4 MB,85,367.500004,133.199996,9.952500,0.904300,11.357500,352.190183,2.707839,0.026608,3.235747,12.722100,12.722100
ML-KEM-768,4194304,4 MB,86,544.299997,258.399996,8.583800,1.084100,10.470600,382.022043,2.496386,0.026608,5.198365,9.768600,9.768600
ML-KEM-768,4194304,4 MB,88,316.600002,112.700000,9.395500,0.946900,10.771700,371.343428,2.568173,0.026608,2.939183,11.560300,11.560300
ML-KEM-768,4194304,4 MB,90,783.800002,121.199999,8.401900,1.012600,10.319500,387.615679,2.460361,0.026608,7.595329,13.562600,13.562600
ML-KEM-768,4194304,4 MB,91,310.100004,139.399999,5.942300,2.777500,9.169300,436.238317,2.186131,0.026608,3.381938,9.945300,9.945300
ML-KEM-768,4194304,4 MB,92,302.900000,93.499999,6.109200,1.507900,8.013500,499.157672,1.910567,0.026608,3.779871,12.321200,12.321200
ML-KEM-768,4194304,4 MB,93,286.299997,129.200002,9.143100,1.492500,11.051100,361.954919,2.634788,0.026608,2.590692,9.594700,9.594700
ML-KEM-768,4194304,4 MB,94,362.700004,91.899994,5.826000,1.022100,7.302700,547.742616,1.741099,0.026608,4.966656,12.683500,12.683500
ML-KEM-768,4194304,4 MB,95,287.600000,112.800000,9.140800,0.734600,10.275800,389.264096,2.449942,0.026608,2.798809,17.947500,17.947500
ML-KEM-768,4194304,4 MB,98,584.300004,122.400001,7.379100,1.187400,9.273200,431.350558,2.210903,0.026608,6.300953,12.756600,12.756600
ML-KEM-768,4194304,4 MB,99,273.400001,104.100000,10.698400,1.126800,12.202700,327.796307,2.909350,0.026608,2.240488,13.756000,13.756000
ML-KEM-768,4194304,4 MB,100,400.199999,131.800000,7.885800,0.865400,9.283200,430.885901,2.213287,0.026608,4.311013,10.943800,10.943800
ML-KEM-768,4194304,4 MB,101,358.099998,147.999999,6.199700,1.059300,7.765100,515.125368,1.851344,0.026608,4.611660,14.645300,14.645300
ML-KEM-768,4194304,4 MB,102,415.900002,93.700000,7.195000,0.751100,8.455700,473.053680,2.015996,0.026608,4.918576,9.960900,9.960900
ML-KEM-768,4194304,4 MB,103,339.599996,127.400002,6.361900,0.984400,7.813300,511.947577,1.862836,0.026608,4.346435,14.100700,14.100700
ML-KEM-768,4194304,4 MB,104,344.500004,114.000002,6.638100,0.693400,7.790000,513.478819,1.857281,0.026608,4.422336,12.702700,12.702700
ML-KEM-768,4194304,4 MB,105,297.300001,136.600000,8.016600,1.286800,9.737300,410.791493,2.321553,0.026608,3.053208,11.732100,11.732100
ML-KEM-768,4194304,4 MB,107,313.699995,97.299999,7.109800,1.365000,8.885800,450.156429,2.118540,0.026608,3.530352,11.194400,11.194400
ML-KEM-768,4194304,4 MB,108,466.800004,120.800003,7.207900,1.118600,8.914100,448.727297,2.125287,0.026608,5.236648,10.459300,10.459300
ML-KEM-768,4194304,4 MB,109,267.899995,81.300001,6.967300,0.923300,8.239800,485.448676,1.964521,0.026608,3.251292,12.063700,12.063700
ML-KEM-768,4194304,4 MB,110,312.799995,95.899995,7.451000,1.209400,9.069100,441.058098,2.162242,0.026608,3.449074,11.186200,11.186200
ML-KEM-768,4194304,4 MB,111,285.599999,91.900001,7.025800,1.488000,8.891300,449.877971,2.119851,0.026608,3.212129,11.456500,11.456500
ML-KEM-768,4194304,4 MB,112,477.200003,145.899998,6.647500,1.327000,8.597600,465.246115,2.049828,0.026608,5.550386,11.243400,11.243400
ML-KEM-768,4194304,4 MB,113,344.400003,79.400001,7.377200,1.544200,9.345200,428.027223,2.228069,0.026608,3.685314,11.276600,11.276600
ML-KEM-768,4194304,4 MB,114,523.399998,133.800000,6.458400,1.083400,8.199000,487.864373,1.954794,0.026608,6.383705,12.116600,12.116600
ML-KEM-768,4194304,4 MB,115,416.399998,118.100004,6.169300,1.177700,7.881500,507.517604,1.879096,0.026608,5.283258,10.508100,10.508100
ML-KEM-768,4194304,4 MB,116,465.500001,178.800001,8.412100,1.154900,10.211300,391.722895,2.434564,0.026608,4.558675,14.913000,14.913000
ML-KEM-768,4194304,4 MB,117,370.600006,131.900000,9.252400,1.095700,10.850600,368.643209,2.586985,0.026608,3.415479,15.000000,15.000000
ML-KEM-768,4194304,4 MB,118,311.299998,117.299998,11.421400,0.822600,12.672600,315.641621,3.021383,0.026608,2.456481,14.183000,14.183000
ML-KEM-768,4194304,4 MB,119,326.000001,120.500001,10.008400,1.673800,12.128700,329.796268,2.891707,0.026608,2.687840,14.901000,14.901000
ML-KEM-768,4194304,4 MB,120,270.600001,126.899999,8.500200,1.487000,10.384700,385.182047,2.475905,0.026608,2.605757,9.275500,9.275500
ML-KEM-768,4194304,4 MB,121,333.900003,96.899996,7.309800,1.322600,9.063200,441.345220,2.160835,0.026608,3.684129,12.334200,12.334200
ML-KEM-768,4194304,4 MB,122,593.999997,859.299995,8.974000,1.221700,11.649000,343.377114,2.777338,0.026608,5.099150,15.572800,15.572800
ML-KEM-768,4194304,4 MB,123,617.400001,165.999998,8.241100,1.138500,10.163000,393.584572,2.423048,0.026608,6.074978,13.063000,13.063000
ML-KEM-768,4194304,4 MB,124,601.400003,162.199998,7.485400,1.080800,9.329800,428.733735,2.224398,0.026608,6.446012,9.468900,9.468900
ML-KEM-768,4194304,4 MB,125,341.600004,91.900001,5.849000,0.985700,7.268200,550.342588,1.732874,0.026608,4.699926,11.816900,11.816900
ML-KEM-768,4194304,4 MB,126,484.200005,201.000003,7.617000,1.475100,9.777300,409.110900,2.331090,0.026608,4.952287,8.744800,8.744800
ML-KEM-768,4194304,4 MB,127,475.100001,262.600006,5.512900,1.017900,7.268500,550.319874,1.732945,0.026608,6.536424,11.828400,11.828400
ML-KEM-768,4194304,4 MB,128,355.800003,135.199996,6.824200,1.505000,8.820200,453.504455,2.102900,0.026608,4.033922,10.353700,10.353700
ML-KEM-768,4194304,4 MB,129,419.199998,149.600004,7.001600,1.052600,8.623000,463.875681,2.055883,0.026608,4.861417,11.651900,11.651900
ML-KEM-768,4194304,4 MB,130,300.700005,118.900003,8.431700,0.741400,9.592700,416.983748,2.287078,0.026608,3.134675,12.414700,12.414700
ML-KEM-768,4194304,4 MB,131,308.000002,133.599999,6.680400,0.960300,8.082300,494.908627,1.926970,0.026608,3.810796,11.815900,11.815900
ML-KEM-768,4194304,4 MB,132,228.900004,75.600001,10.132100,0.721100,11.157700,358.496823,2.660203,0.026608,2.051498,17.675400,17.675400
ML-KEM-768,4194304,4 MB,134,401.099998,124.600003,11.518700,0.975100,13.019500,307.231460,3.104091,0.026608,3.080763,12.432000,12.432000
ML-KEM-768,4194304,4 MB,135,380.300000,134.500006,9.104900,1.423100,11.042800,362.226971,2.632809,0.026608,3.443873,14.405500,14.405500
ML-KEM-768,4194304,4 MB,136,311.000003,121.800003,5.778200,2.064400,8.275400,483.360321,1.973009,0.026608,3.758127,11.281100,11.281100
ML-KEM-768,4194304,4 MB,137,290.000004,105.700004,6.130500,0.964000,7.490200,534.031134,1.785803,0.026608,3.871726,12.035700,12.035700
ML-KEM-768,4194304,4 MB,138,303.400004,121.599995,8.158500,1.278900,9.862400,405.580792,2.351379,0.026608,3.076330,9.350600,9.350600
ML-KEM-768,4194304,4 MB,140,246.600001,78.800003,6.316300,2.716300,9.358000,427.441761,2.231121,0.026608,2.635178,10.019800,10.019800
ML-KEM-768,4194304,4 MB,141,537.699998,140.899996,6.547000,1.025200,8.250800,484.801474,1.967144,0.026608,6.516944,11.896800,11.896800
ML-KEM-768,4194304,4 MB,142,227.500001,111.400004,7.633600,1.461900,9.434400,423.980328,2.249336,0.026608,2.411388,11.336900,11.336900
ML-KEM-768,4194304,4 MB,143,276.999999,92.800001,6.514300,0.965100,7.849200,509.606075,1.871395,0.026608,3.529022,12.825200,12.825200
ML-KEM-768,4194304,4 MB,144,311.100004,120.500001,7.686600,1.409600,9.527800,419.824094,2.271605,0.026608,3.265182,9.141900,9.141900
ML-KEM-768,4194304,4 MB,145,241.599999,116.100004,5.905300,0.957900,7.220900,553.947569,1.721597,0.026608,3.345843,11.987400,11.987400
ML-KEM-768,4194304,4 MB,146,305.099995,122.099998,8.280400,1.376700,10.084300,396.656188,2.404284,0.026608,3.025495,8.921200,8.921200
ML-KEM-768,4194304,4 MB,147,364.399995,83.999999,6.323600,1.063500,7.835500,510.497097,1.868129,0.026608,4.650628,15.639600,15.639600
ML-KEM-768,4194304,4 MB,148,349.400005,132.300003,5.950800,1.110700,7.543200,530.278927,1.798439,0.026608,4.631986,15.470400,15.470400
ML-KEM-768,4194304,4 MB,149,298.300001,97.999997,5.885400,1.025300,7.307000,547.420282,1.742125,0.026608,4.082387,14.638300,14.638300
ML-KEM-768,4194304,4 MB,150,312.099997,121.500001,10.916100,0.961200,12.310900,324.915319,2.935147,0.026608,2.535152,14.665500,14.665500
ML-KEM-768,4194304,4 MB,152,402.599995,116.999996,7.969400,1.166600,9.655600,414.267368,2.302074,0.026608,4.169601,10.784800,10.784800
ML-KEM-768,4194304,4 MB,153,690.100002,231.200000,5.642000,1.022600,7.585900,527.294059,1.808619,0.026608,9.097141,11.502700,11.502700
ML-KEM-768,4194304,4 MB,154,299.400002,116.600000,8.557400,0.691700,9.665100,413.860177,2.304339,0.026608,3.097743,12.278700,12.278700
ML-KEM-768,4194304,4 MB,155,274.999999,81.099999,5.991400,1.027800,7.375300,542.350820,1.758409,0.026608,3.728662,12.118400,12.118400
ML-KEM-768,4194304,4 MB,156,293.999998,116.399999,9.194400,0.989400,10.594200,377.565083,2.525854,0.026608,2.775103,13.066400,13.066400
ML-KEM-768,4194304,4 MB,157,375.400006,120.400000,6.330000,2.951700,9.777500,409.102531,2.331138,0.026608,3.839427,10.136100,10.136100
ML-KEM-768,4194304,4 MB,158,334.199998,113.599999,6.345100,1.028400,7.821300,511.423932,1.864743,0.026608,4.272947,12.015200,12.015200
ML-KEM-768,4194304,4 MB,159,431.300003,122.799996,8.589400,0.858300,10.001800,399.928013,2.384615,0.026608,4.312224,13.904600,13.904600
ML-KEM-768,4194304,4 MB,161,296.599996,115.000003,7.246500,1.391700,9.049800,441.998718,2.157640,0.026608,3.277420,10.457400,10.457400
ML-KEM-768,4194304,4 MB,162,261.000001,82.599996,6.261300,1.010600,7.615500,525.244567,1.815677,0.026608,3.427221,15.274600,15.274600
ML-KEM-768,4194304,4 MB,163,1193.999997,332.999996,6.063800,1.024500,8.615300,464.290275,2.054048,0.026608,13.859065,13.632000,13.632000
ML-KEM-768,4194304,4 MB,164,302.799999,118.299999,11.580700,0.746500,12.748300,313.767326,3.039432,0.026608,2.375219,15.086000,15.086000
ML-KEM-768,4194304,4 MB,167,238.000001,80.400001,5.466300,1.210600,6.995300,571.812503,1.667809,0.026608,3.402284,12.163200,12.163200
ML-KEM-768,4194304,4 MB,168,1068.999998,233.300001,6.246700,0.711300,8.260300,484.243913,1.969409,0.026608,12.941419,13.443600,13.443600
ML-KEM-768,4194304,4 MB,169,240.699999,80.500002,5.647800,0.956200,6.925200,577.600647,1.651096,0.026608,3.475712,12.167300,12.167300
ML-KEM-768,4194304,4 MB,171,545.700001,124.699996,6.033700,3.034700,9.738800,410.728221,2.321911,0.026608,5.603360,9.430800,9.430800
ML-KEM-768,4194304,4 MB,173,221.800001,76.500000,6.285800,2.109700,8.693800,460.098001,2.072763,0.026608,2.551243,10.275100,10.275100
ML-KEM-768,4194304,4 MB,175,232.200000,79.099998,6.106300,3.016300,9.433900,424.002798,2.249217,0.026608,2.461336,9.149300,9.149300
ML-KEM-768,4194304,4 MB,176,346.600005,138.399999,6.485600,0.973900,7.944500,503.492983,1.894116,0.026608,4.362767,11.757300,11.757300
ML-KEM-768,4194304,4 MB,177,235.100000,79.500001,6.067400,4.399200,10.781200,371.016213,2.570438,0.026608,2.180648,9.460000,9.460000
ML-KEM-768,4194304,4 MB,179,289.199997,91.500006,6.371500,0.734300,7.486500,534.295065,1.784921,0.026608,3.862953,14.870900,14.870900
ML-KEM-768,4194304,4 MB,180,515.500004,226.500000,8.867400,0.958400,10.567800,378.508299,2.519560,0.026608,4.878026,12.816400,12.816400
ML-KEM-768,4194304,4 MB,181,534.200000,128.799998,9.992500,1.149100,11.804600,338.850956,2.814436,0.026608,4.525355,14.379900,14.379900
ML-KEM-768,4194304,4 MB,182,295.900005,93.999995,10.060900,0.952100,11.402900,350.787958,2.718663,0.026608,2.594954,13.353700,13.353700
ML-KEM-768,4194304,4 MB,183,336.500001,143.600002,6.976700,1.579200,9.036000,442.673750,2.154350,0.026608,3.723993,9.887300,9.887300
ML-KEM-768,4194304,4 MB,184,351.299997,90.800000,5.891800,0.943500,7.277400,549.646852,1.735067,0.026608,4.827273,10.867600,10.867600
ML-KEM-768,4194304,4 MB,185,304.900001,126.800005,8.010800,2.022000,10.464500,382.244732,2.494931,0.026608,2.913660,9.931100,9.931100
ML-KEM-768,4194304,4 MB,186,264.700000,81.699996,6.076800,1.583500,8.006700,499.581600,1.908946,0.026608,3.305981,10.969600,10.969600
ML-KEM-768,4194304,4 MB,187,492.100000,171.300002,7.607600,1.898200,10.169200,393.344609,2.424526,0.026608,4.839122,9.865100,9.865100
ML-KEM-768,4194304,4 MB,189,340.899998,121.300000,7.238100,1.070900,8.771200,456.037943,2.091217,0.026608,3.886583,8.547400,8.547400
ML-KEM-768,4194304,4 MB,190,547.800002,204.199998,6.365300,0.702700,7.820000,511.508951,1.864433,0.026608,7.005115,12.322900,12.322900
ML-KEM-768,4194304,4 MB,191,216.399996,74.400006,5.865400,1.572900,7.729100,517.524679,1.842761,0.026608,2.799808,9.862400,9.862400
ML-KEM-768,4194304,4 MB,193,368.500005,125.200000,6.201000,1.032400,7.727100,517.658630,1.842284,0.026608,4.768930,15.046700,15.046700
ML-KEM-768,4194304,4 MB,194,277.700005,84.899999,8.080900,1.259600,9.703100,412.239387,2.313399,0.026608,2.861972,11.301200,11.301200
ML-KEM-768,4194304,4 MB,195,497.900000,113.200003,6.756800,1.073800,8.441700,473.838208,2.012658,0.026608,5.898101,11.138900,11.138900
ML-KEM-768,4194304,4 MB,196,310.500000,120.400000,10.572000,0.753900,11.756800,340.228634,2.803040,0.026608,2.641025,11.881600,11.881600
ML-KEM-768,4194304,4 MB,197,289.800002,102.600003,5.997100,1.048600,7.438100,537.771743,1.773381,0.026608,3.896156,11.422300,11.422300
ML-KEM-768,4194304,4 MB,198,1410.299999,338.900005,6.102000,0.746200,8.597400,465.256938,2.049780,0.026608,16.403796,13.083400,13.083400
ML-KEM-768,4194304,4 MB,199,320.500003,122.699996,7.467800,1.745600,9.656600,414.224468,2.302313,0.026608,3.318974,9.210700,9.210700
ML-KEM-768,4194304,4 MB,200,1787.200003,203.600001,7.055000,1.220600,10.266400,389.620510,2.447701,0.026608,17.408244,12.681300,12.681300
ML-KEM-768,4194304,4 MB,201,227.299999,77.400000,7.679100,2.088100,10.071900,397.144531,2.401328,0.026608,2.256774,9.978100,9.978100
ML-KEM-768,4194304,4 MB,202,263.100002,84.599997,6.101900,1.067700,7.517300,532.105942,1.792264,0.026608,3.499927,12.220800,12.220800
ML-KEM-768,4194304,4 MB,203,230.600002,78.899997,9.854900,1.184000,11.348400,352.472595,2.705669,0.026608,2.032005,11.363500,11.363500
ML-KEM-768,4194304,4 MB,205,551.899997,201.799994,6.870400,1.056500,8.680600,460.797641,2.069616,0.026608,6.357855,15.264900,15.264900
ML-KEM-768,4194304,4 MB,206,265.700000,88.800000,5.456700,4.027500,9.838700,406.557777,2.345729,0.026608,2.700560,10.211800,10.211800
ML-KEM-768,4194304,4 MB,209,1113.700004,151.100001,8.552300,1.203200,11.020300,362.966526,2.627444,0.026608,10.105896,12.964200,12.964200
ML-KEM-768,4194304,4 MB,210,406.699997,140.900003,9.860400,1.004800,11.412800,350.483668,2.721024,0.026608,3.563543,13.039300,13.039300
ML-KEM-768,4194304,4 MB,212,302.100001,118.399999,7.882800,1.059300,9.362600,427.231752,2.232218,0.026608,3.226668,11.272900,11.272900
ML-KEM-768,4194304,4 MB,213,567.299998,129.600005,5.750000,1.164300,7.611200,525.541307,1.814651,0.026608,7.453490,11.791100,11.791100
ML-KEM-768,4194304,4 MB,214,680.099998,139.100004,6.928700,0.669500,8.417400,475.206121,2.006865,0.026608,8.079692,12.031600,12.031600
ML-KEM-768,4194304,4 MB,215,352.099996,123.300000,5.708300,0.952800,7.136500,560.498844,1.701474,0.026608,4.933791,13.966000,13.966000
ML-KEM-768,4194304,4 MB,216,388.499997,195.699999,6.437100,0.715900,7.737200,516.982888,1.844692,0.026608,5.021196,12.143100,12.143100
ML-KEM-768,4194304,4 MB,217,221.000002,74.099997,6.080700,0.957800,7.333600,545.434711,1.748466,0.026608,3.013527,10.843000,10.843000
ML-KEM-768,4194304,4 MB,218,263.399997,82.999999,9.905400,0.876200,11.128000,359.453630,2.653122,0.026608,2.367002,10.976700,10.976700
ML-KEM-768,4194304,4 MB,219,314.800003,98.500001,7.011000,1.172900,8.597200,465.267762,2.049732,0.026608,3.661657,11.076100,11.076100
ML-KEM-768,4194304,4 MB,220,307.300004,95.800002,7.268000,0.803800,8.474900,471.981970,2.020574,0.026608,3.626002,13.249500,13.249500
ML-KEM-768,4194304,4 MB,221,805.199998,166.200007,9.022000,1.508200,11.501600,347.777701,2.742195,0.026608,7.000765,13.446400,13.446400
ML-KEM-768,4194304,4 MB,222,242.000002,82.400002,7.385100,1.272900,8.982400,445.315283,2.141571,0.026608,2.694157,13.122800,13.122800
ML-KEM-768,4194304,4 MB,223,372.000002,215.299995,8.162300,1.119200,9.868800,405.317769,2.352905,0.026608,3.769455,12.930500,12.930500
ML-KEM-768,4194304,4 MB,224,407.200001,134.499998,10.343200,1.629000,12.513900,319.644555,2.983546,0.026608,3.253982,14.515300,14.515300
ML-KEM-768,4194304,4 MB,225,342.499996,129.900000,9.884700,1.087600,11.444700,349.506759,2.728629,0.026608,2.992652,14.144400,14.144400
ML-KEM-768,4194304,4 MB,226,380.899997,137.900002,8.518800,1.459900,10.497500,381.043106,2.502799,0.026608,3.628483,12.002800,12.002800
ML-KEM-768,4194304,4 MB,227,406.500003,144.100006,8.698700,1.255600,10.504900,380.774686,2.504563,0.026608,3.869623,14.308100,14.308100
ML-KEM-768,4194304,4 MB,228,368.699999,132.000001,7.613000,1.203600,9.317300,429.308920,2.221417,0.026608,3.957155,13.272100,13.272100
ML-KEM-768,4194304,4 MB,229,221.499999,75.999997,10.283200,1.014000,11.594700,344.985209,2.764392,0.026608,1.910356,15.892900,15.892900
ML-KEM-768,4194304,4 MB,230,391.800000,125.099999,10.191800,1.081000,11.789700,339.279201,2.810884,0.026608,3.323240,15.142400,15.142400
ML-KEM-768,4194304,4 MB,231,229.400001,80.799997,10.786500,0.751600,11.848300,337.601175,2.824855,0.026608,1.936143,13.491000,13.491000
ML-KEM-768,4194304,4 MB,232,361.500002,132.500005,9.055000,1.710100,11.259100,355.268183,2.684379,0.026608,3.210736,10.975300,10.975300
ML-KEM-768,4194304,4 MB,233,294.499994,79.900004,5.521800,1.076800,6.973000,573.641187,1.662493,0.026608,4.223433,11.852200,11.852200
ML-KEM-768,4194304,4 MB,234,301.900000,130.800006,9.876000,1.141600,11.450300,349.335825,2.729964,0.026608,2.636612,10.644800,10.644800
ML-KEM-768,4194304,4 MB,235,304.100002,81.000006,6.089700,1.003100,7.477900,534.909534,1.782870,0.026608,4.066650,12.853700,12.853700
ML-KEM-768,4194304,4 MB,236,297.600003,116.799994,8.054600,0.895500,9.364500,427.145069,2.232671,0.026608,3.177959,12.640800,12.640800
ML-KEM-768,4194304,4 MB,237,300.400003,104.400002,4.908400,1.683500,6.996700,571.698086,1.668143,0.026608,4.293453,10.976600,10.976600
ML-KEM-768,4194304,4 MB,238,2387.500004,224.399999,6.764500,1.030600,10.407000,384.356683,2.481222,0.026608,22.941290,12.917500,12.917500
ML-KEM-768,4194304,4 MB,239,220.299997,74.399999,7.055600,1.623900,8.974200,445.722181,2.139616,0.026608,2.454815,9.221500,9.221500
ML-KEM-768,4194304,4 MB,240,282.299996,94.899995,7.342200,0.744300,8.463700,472.606543,2.017903,0.026608,3.335421,11.326000,11.326000
ML-KEM-768,4194304,4 MB,241,227.400000,77.499993,5.792100,1.113200,7.210200,554.769632,1.719046,0.026608,3.153865,12.410800,12.410800
ML-KEM-768,4194304,4 MB,243,218.200003,74.900003,5.081000,6.436900,11.811000,338.667344,2.815962,0.026608,1.847430,8.685900,8.685900
ML-KEM-768,4194304,4 MB,244,341.200001,373.200004,6.525000,1.045700,8.285100,482.794414,1.975322,0.026608,4.118236,12.997800,12.997800
ML-KEM-768,4194304,4 MB,245,299.699997,83.200001,6.545800,0.978300,7.907000,505.880865,1.885176,0.026608,3.790312,17.892600,17.892600
ML-KEM-768,4194304,4 MB,246,373.999996,135.499999,10.430000,1.312900,12.252400,326.466652,2.921200,0.026608,3.052463,13.077800,13.077800
ML-KEM-768,4194304,4 MB,247,274.700004,123.300000,5.980500,0.959100,7.337600,545.137375,1.749420,0.026608,3.743731,9.438200,9.438200
ML-KEM-768,4194304,4 MB,248,278.599997,80.999998,7.968200,1.103700,9.431500,424.110693,2.248645,0.026608,2.953931,11.802400,11.802400
ML-KEM-768,4194304,4 MB,249,292.600002,149.200001,6.104300,1.201600,7.747700,516.282251,1.847196,0.026608,3.776605,11.210500,11.210500
ML-KEM-768,4194304,4 MB,250,286.299997,117.500000,8.094500,0.698900,9.197200,434.914974,2.192783,0.026608,3.112904,12.114400,12.114400
ML-KEM-768,4194304,4 MB,251,305.900001,105.799998,6.918300,1.276100,8.606100,464.786605,2.051854,0.026608,3.554456,9.367800,9.367800
ML-KEM-768,4194304,4 MB,252,980.699995,605.000001,6.772100,1.167800,9.525600,419.921055,2.271080,0.026608,10.295414,13.383200,13.383200
ML-KEM-768,4194304,4 MB,253,363.100000,122.100006,6.090000,2.599100,9.174300,436.000567,2.187324,0.026608,3.957795,10.169600,10.169600
ML-KEM-768,4194304,4 MB,255,367.200002,136.200004,8.633000,1.522700,10.659100,375.266204,2.541327,0.026608,3.444944,9.633100,9.633100
ML-KEM-768,4194304,4 MB,256,235.200001,80.099999,5.903100,1.068400,7.286800,548.937805,1.737309,0.026608,3.227754,12.656000,12.656000
ML-KEM-768,4194304,4 MB,258,534.799998,255.999999,10.743500,1.053000,12.587300,317.780620,3.001046,0.026608,4.248727,15.578400,15.578400
ML-KEM-768,4194304,4 MB,259,303.599998,120.099998,10.201800,1.033200,11.658700,343.091425,2.779651,0.026608,2.604064,16.453800,16.453800
ML-KEM-768,4194304,4 MB,260,355.000004,108.499997,10.282800,1.195700,11.942000,334.952269,2.847195,0.026608,2.972701,14.448400,14.448400
ML-KEM-768,4194304,4 MB,261,686.599997,295.400001,9.144400,1.402900,11.529300,346.942139,2.748799,0.026608,5.955262,12.245300,12.245300
ML-KEM-768,4194304,4 MB,262,488.400001,361.200000,10.028500,1.763700,12.641800,316.410638,3.014040,0.026608,3.863374,13.562300,13.562300
ML-KEM-768,4194304,4 MB,263,243.899995,82.100007,6.103900,0.972600,7.402500,540.357987,1.764894,0.026608,3.294833,13.268400,13.268400
ML-KEM-768,4194304,4 MB,264,290.600001,93.800001,6.622600,0.996300,8.003300,499.793835,1.908135,0.026608,3.631002,11.695700,11.695700
ML-KEM-768,4194304,4 MB,265,398.299999,120.500001,5.631000,2.700100,8.849900,451.982508,2.109981,0.026608,4.500616,10.973000,10.973000
ML-KEM-768,4194304,4 MB,266,315.300000,92.999995,6.015800,0.953700,7.377800,542.167042,1.759005,0.026608,4.273632,12.101300,12.101300
ML-KEM-768,4194304,4 MB,267,229.199999,88.900000,5.941300,2.993300,9.252700,432.306246,2.206016,0.026608,2.477115,9.895000,9.895000
ML-KEM-768,4194304,4 MB,268,412.200003,128.599997,6.216800,0.740900,7.498500,533.440021,1.787782,0.026608,5.497099,11.755000,11.755000
ML-KEM-768,4194304,4 MB,269,481.600000,123.300000,5.868000,1.891400,8.364300,478.222923,1.994205,0.026608,5.757804,10.102200,10.102200
ML-KEM-768,4194304,4 MB,270,736.999995,272.099998,6.708300,1.074400,8.791800,454.969403,2.096128,0.026608,8.382811,12.326900,12.326900
ML-KEM-768,4194304,4 MB,271,219.300004,75.700002,6.423600,4.169100,10.887700,367.387051,2.595830,0.026608,2.014200,15.326300,15.326300
ML-KEM-768,4194304,4 MB,272,442.299999,142.100005,6.928900,4.211300,11.724600,341.163025,2.795362,0.026608,3.772410,9.553500,9.553500
ML-KEM-768,4194304,4 MB,273,365.400003,82.200000,5.495500,1.023100,6.966200,574.201143,1.660872,0.026608,5.245327,14.553500,14.553500
ML-KEM-768,4194304,4 MB,274,337.999998,110.200002,7.851700,0.950500,9.250400,432.413733,2.205467,0.026608,3.653896,16.478400,16.478400
ML-KEM-768,4194304,4 MB,275,234.599996,81.500002,8.344700,1.840700,10.501500,380.897967,2.503753,0.026608,2.233967,9.041600,9.041600
ML-KEM-768,4194304,4 MB,276,407.100000,82.999999,5.924100,0.743600,7.157800,558.830925,1.706553,0.026608,5.687502,11.044000,11.044000
ML-KEM-768,4194304,4 MB,277,1038.000002,188.599995,6.648400,1.151400,9.026400,443.144554,2.152061,0.026608,11.499601,14.327200,14.327200
ML-KEM-768,4194304,4 MB,278,359.099999,129.900007,8.172900,1.390700,10.052600,397.907009,2.396727,0.026608,3.572210,8.679400,8.679400
ML-KEM-768,4194304,4 MB,279,423.900005,201.999996,5.880100,0.712800,7.218800,554.108716,1.721096,0.026608,5.872167,11.608900,11.608900
ML-KEM-768,4194304,4 MB,280,224.000003,75.900003,5.809100,3.014800,9.123800,438.413819,2.175283,0.026608,2.455117,8.857800,8.857800
ML-KEM-768,4194304,4 MB,281,279.399996,83.999999,6.842700,1.015800,8.221900,486.505552,1.960254,0.026608,3.398241,14.646800,14.646800
ML-KEM-768,4194304,4 MB,282,223.700001,79.199999,6.625300,0.986600,7.914800,505.382322,1.887035,0.026608,2.826351,9.163600,9.163600
ML-KEM-768,4194304,4 MB,283,1678.699999,131.200002,6.277500,0.786000,8.873400,450.785494,2.115583,0.026608,18.918340,10.826800,10.826800
ML-KEM-768,4194304,4 MB,284,390.800000,112.800000,6.970300,1.341000,8.814900,453.777127,2.101636,0.026608,4.433403,8.996900,8.996900
ML-KEM-768,4194304,4 MB,285,469.599996,191.100000,6.190300,0.983200,7.834200,510.581808,1.867819,0.026608,5.994230,17.088800,17.088800
ML-KEM-768,4194304,4 MB,286,287.999996,108.399996,10.051300,0.889600,11.337300,352.817690,2.703023,0.026608,2.540287,18.733800,18.733800
ML-KEM-768,4194304,4 MB,288,318.300001,108.500004,6.625300,1.302900,8.355000,478.755236,1.991987,0.026608,3.809695,13.007100,13.007100
ML-KEM-768,4194304,4 MB,289,544.299997,481.699994,8.262200,1.631600,10.919800,366.307075,2.603483,0.026608,4.984524,12.786000,12.786000
ML-KEM-768,4194304,4 MB,291,466.399993,360.699996,8.647300,0.957100,10.431500,383.453962,2.487063,0.026608,4.471073,14.302700,14.302700
ML-KEM-768,4194304,4 MB,292,414.499998,110.500005,10.477100,1.128200,12.130300,329.752768,2.892089,0.026608,3.417063,11.953700,11.953700
ML-KEM-768,4194304,4 MB,293,281.599998,87.799999,7.164500,1.080800,8.614700,464.322612,2.053905,0.026608,3.268831,9.054700,9.054700
ML-KEM-768,4194304,4 MB,294,594.899997,184.700002,9.533100,1.642500,11.955200,334.582441,2.850342,0.026608,4.976077,10.772400,10.772400
ML-KEM-768,4194304,4 MB,295,245.399999,76.500000,6.514600,1.603300,8.439800,473.944880,2.012205,0.026608,2.907652,9.668900,9.668900
ML-KEM-768,4194304,4 MB,296,481.800002,95.500000,5.846300,1.068200,7.491800,533.917082,1.786184,0.026608,6.431031,11.195000,11.195000
ML-KEM-768,4194304,4 MB,297,254.099999,97.900003,6.362200,1.239500,7.953700,502.910595,1.896310,0.026608,3.194740,10.984000,10.984000
ML-KEM-768,4194304,4 MB,298,688.799999,133.499998,7.770200,1.020900,9.613400,416.085880,2.292013,0.026608,7.164999,11.797300,11.797300
ML-KEM-768,4194304,4 MB,299,264.700000,76.299999,5.759100,1.232000,7.332100,545.546296,1.748109,0.026608,3.610153,10.609900,10.609900
ML-KEM-768,8388608,8 MB,1,357.500001,123.799997,14.057900,1.922600,16.461800,485.973587,1.962399,0.013304,2.171694,18.628900,18.628900
ML-KEM-768,8388608,8 MB,2,333.600001,135.900002,16.158400,2.042900,18.670800,428.476552,2.225733,0.013304,1.786747,23.818200,23.818200
ML-KEM-768,8388608,8 MB,3,241.599999,81.500002,16.784900,2.051100,19.159100,417.556148,2.283943,0.013304,1.261020,24.141400,24.141400
ML-KEM-768,8388608,8 MB,4,328.800001,118.999997,14.167200,2.309700,16.924700,472.681938,2.017581,0.013304,1.942723,24.407900,24.407900
ML-KEM-768,8388608,8 MB,5,298.400002,119.200005,14.447000,4.258100,19.122700,418.350965,2.279603,0.013304,1.560449,17.754400,17.754400
ML-KEM-768,8388608,8 MB,6,594.700003,267.700001,13.494000,1.939400,16.295800,490.924042,1.942611,0.013304,3.649407,22.538200,22.538200
ML-KEM-768,8388608,8 MB,7,287.499999,88.200002,14.351700,2.335300,17.062700,468.858973,2.034032,0.013304,1.684962,25.916000,25.916000
ML-KEM-768,8388608,8 MB,8,563.699999,162.099997,16.728700,2.252100,19.706600,405.955365,2.349210,0.013304,2.860463,20.644700,20.644700
ML-KEM-768,8388608,8 MB,9,314.099998,103.099999,15.964700,2.950400,19.332300,413.815221,2.304590,0.013304,1.624742,23.127600,23.127600
ML-KEM-768,8388608,8 MB,10,578.700005,253.200000,17.906400,4.001600,22.739900,351.804537,2.710807,0.013304,2.544866,21.714600,21.714600
ML-KEM-768,8388608,8 MB,11,497.600005,143.400001,16.029100,2.941500,19.611600,407.921842,2.337885,0.013304,2.537274,23.734700,23.734700
ML-KEM-768,8388608,8 MB,12,385.100000,132.000001,17.445700,2.279900,20.242700,395.204197,2.413118,0.013304,1.902414,25.394300,25.394300
ML-KEM-768,8388608,8 MB,13,674.800001,167.099999,17.822000,3.383400,22.047300,362.856223,2.628243,0.013304,3.060692,22.668400,22.668400
ML-KEM-768,8388608,8 MB,14,398.900003,132.999994,16.473100,2.611200,19.616200,407.826184,2.338433,0.013304,2.033523,28.707900,28.707900
ML-KEM-768,8388608,8 MB,15,481.299998,159.000003,16.210500,3.627800,20.478600,390.651705,2.441239,0.013304,2.350258,24.321000,24.321000
ML-KEM-768,8388608,8 MB,16,447.200000,139.900003,17.073900,2.788500,20.449500,391.207609,2.437770,0.013304,2.186851,27.677500,27.677500
ML-KEM-768,8388608,8 MB,17,479.700000,116.899995,18.911300,2.602900,22.110800,361.814136,2.635813,0.013304,2.169528,22.670700,22.670700
ML-KEM-768,8388608,8 MB,18,418.299998,133.000001,17.166000,2.451700,20.169000,396.648322,2.404332,0.013304,2.073975,24.181200,24.181200
ML-KEM-768,8388608,8 MB,19,1074.399996,230.000005,16.689200,3.614600,21.608200,370.229820,2.575898,0.013304,4.972186,24.630600,24.630600
ML-KEM-768,8388608,8 MB,20,422.400000,139.700001,16.915100,2.412200,19.889400,402.224300,2.371001,0.013304,2.123744,25.522300,25.522300
ML-KEM-768,8388608,8 MB,21,971.100002,290.399999,15.983900,3.664500,20.909900,382.593891,2.492654,0.013304,4.644212,25.626500,25.626500
ML-KEM-768,8388608,8 MB,22,393.700000,139.800002,18.187600,2.396000,21.117100,378.839898,2.517354,0.013304,1.864366,80.979400,80.979400
ML-KEM-768,8388608,8 MB,24,367.300003,128.899999,19.842500,2.787600,23.126300,345.926499,2.756870,0.013304,1.588235,28.820300,28.820300
ML-KEM-768,8388608,8 MB,26,431.699998,143.300000,20.676800,3.249200,24.501000,326.517285,2.920747,0.013304,1.761969,29.111700,29.111700
ML-KEM-768,8388608,8 MB,27,542.100002,156.700000,20.417800,3.211100,24.327700,328.843253,2.900088,0.013304,2.228324,31.357600,31.357600
ML-KEM-768,8388608,8 MB,29,514.499996,100.600002,15.803300,1.888900,18.307300,436.984154,2.182400,0.013304,2.810354,19.746400,19.746400
ML-KEM-768,8388608,8 MB,31,290.100004,90.000001,14.002200,1.934800,16.317100,490.283200,1.945150,0.013304,1.777889,19.075000,19.075000
ML-KEM-768,8388608,8 MB,32,261.699999,82.400002,14.861600,2.983100,18.188800,439.831105,2.168274,0.013304,1.438797,22.743300,22.743300
ML-KEM-768,8388608,8 MB,33,433.900001,139.699994,16.856900,2.972500,20.403000,392.099201,2.432227,0.013304,2.126648,21.518800,21.518800
ML-KEM-768,8388608,8 MB,34,443.899997,147.899998,17.400100,3.351000,21.342900,374.831911,2.544272,0.013304,2.079849,23.077000,23.077000
ML-KEM-768,8388608,8 MB,35,315.699996,93.299997,16.467700,1.999200,18.875900,423.820851,2.250183,0.013304,1.672503,21.999600,21.999600
ML-KEM-768,8388608,8 MB,36,302.699998,111.699999,15.195600,1.614300,17.224300,464.460094,2.053297,0.013304,1.757401,19.147800,19.147800
ML-KEM-768,8388608,8 MB,37,930.399998,448.899998,18.571500,3.141500,23.092300,346.435825,2.752817,0.013304,4.029049,20.991500,20.991500
ML-KEM-768,8388608,8 MB,38,448.400002,130.499997,13.931500,1.581400,16.091800,497.147616,1.918292,0.013304,2.786512,18.371300,18.371300
ML-KEM-768,8388608,8 MB,40,370.800000,131.800000,14.369300,1.777900,16.649800,480.486252,1.984811,0.013304,2.227054,20.758500,20.758500
ML-KEM-768,8388608,8 MB,41,352.099996,101.300000,13.720400,1.502200,15.676000,510.334269,1.868725,0.013304,2.246109,18.455100,18.455100
ML-KEM-768,8388608,8 MB,42,315.599995,99.499994,13.361000,1.865400,15.641500,511.459898,1.864612,0.013304,2.017709,18.398400,18.398400
ML-KEM-768,8388608,8 MB,43,325.999994,133.300004,15.832900,1.758000,18.050200,443.208385,2.151752,0.013304,1.806074,22.330200,22.330200
ML-KEM-768,8388608,8 MB,44,255.499996,90.800000,15.705000,1.633500,17.684800,452.365873,2.108192,0.013304,1.444743,19.372100,19.372100
ML-KEM-768,8388608,8 MB,45,653.800002,123.700003,12.626200,3.401200,16.804900,476.051628,2.003300,0.013304,3.890532,19.826500,19.826500
ML-KEM-768,8388608,8 MB,46,541.900001,214.299995,13.246000,2.530400,16.532600,483.892431,1.970840,0.013304,3.277766,17.359800,17.359800
ML-KEM-768,8388608,8 MB,49,414.799993,96.899996,14.445900,1.504400,16.462000,485.967683,1.962423,0.013304,2.519742,18.049900,18.049900
ML-KEM-768,8388608,8 MB,50,388.000000,137.299998,13.349600,3.325300,17.200200,465.110871,2.050424,0.013304,2.255788,19.870900,19.870900
ML-KEM-768,8388608,8 MB,51,314.199999,104.200000,13.061400,1.848800,15.328600,521.900239,1.827312,0.013304,2.049763,18.208800,18.208800
ML-KEM-768,8388608,8 MB,52,289.900003,82.699997,11.904100,3.384900,15.661600,510.803494,1.867008,0.013304,1.851024,20.368500,20.368500
ML-KEM-768,8388608,8 MB,53,499.200003,99.199999,14.189900,2.372600,17.160900,466.176016,2.045739,0.013304,2.908938,21.318700,21.318700
ML-KEM-768,8388608,8 MB,54,298.799998,97.600001,14.779500,2.006600,17.182500,465.589990,2.048314,0.013304,1.738979,26.583400,26.583400
ML-KEM-768,8388608,8 MB,55,233.100000,77.299999,14.026900,1.675400,16.012700,499.603440,1.908863,0.013304,1.455720,17.973100,17.973100
ML-KEM-768,8388608,8 MB,56,365.700005,86.500004,11.818100,4.348600,16.618900,481.379634,1.981127,0.013304,2.200507,18.060000,18.060000
ML-KEM-768,8388608,8 MB,57,522.700000,139.399999,13.395200,2.000900,16.058200,498.187842,1.914287,0.013304,3.255035,19.889600,19.889600
ML-KEM-768,8388608,8 MB,58,264.000002,81.800004,14.686200,2.480300,17.512300,456.821777,2.087629,0.013304,1.507512,17.323100,17.323100
ML-KEM-768,8388608,8 MB,59,493.100000,141.700002,13.254100,2.920400,16.809300,475.927017,2.003825,0.013304,2.933495,18.472700,18.472700
ML-KEM-768,8388608,8 MB,61,312.699995,118.600001,15.796000,2.087500,18.314800,436.805207,2.183294,0.013304,1.707362,26.717200,26.717200
ML-KEM-768,8388608,8 MB,62,580.499996,127.899999,14.998600,2.039700,17.746700,450.788034,2.115571,0.013304,3.271031,25.460200,25.460200
ML-KEM-768,8388608,8 MB,63,346.100001,136.900002,21.430600,2.193700,24.107300,331.849689,2.873814,0.013304,1.435665,21.654900,21.654900
ML-KEM-768,8388608,8 MB,64,313.900004,96.900003,15.173800,2.727700,18.312300,436.864839,2.182996,0.013304,1.714148,22.892300,22.892300
ML-KEM-768,8388608,8 MB,65,477.499998,102.200000,14.661700,1.771300,17.012700,470.236941,2.028072,0.013304,2.806727,19.393400,19.393400
ML-KEM-768,8388608,8 MB,66,520.300004,97.900003,13.497200,2.243200,16.358600,489.039404,1.950097,0.013304,3.180590,19.246700,19.246700
ML-KEM-768,8388608,8 MB,67,333.900003,98.599994,13.323200,1.699400,15.455100,517.628485,1.842391,0.013304,2.160452,17.652000,17.652000
ML-KEM-768,8388608,8 MB,68,505.800002,184.999997,13.012000,2.182800,15.885600,503.600745,1.893711,0.013304,3.184016,19.493300,19.493300
ML-KEM-768,8388608,8 MB,71,511.699996,145.099999,13.946200,1.616500,16.219500,493.233454,1.933515,0.013304,3.154844,18.508300,18.508300
ML-KEM-768,8388608,8 MB,72,433.900001,137.800002,13.653300,1.660200,15.885200,503.613426,1.893663,0.013304,2.731473,19.190200,19.190200
ML-KEM-768,8388608,8 MB,73,460.700001,171.700005,15.570700,2.094800,18.297900,437.208641,2.181280,0.013304,2.517775,19.528500,19.528500
ML-KEM-768,8388608,8 MB,74,385.300002,1125.800001,14.574900,3.795400,19.881400,402.386150,2.370048,0.013304,1.937992,19.749600,19.749600
ML-KEM-768,8388608,8 MB,75,281.400004,89.400004,13.662400,2.158200,16.191400,494.089455,1.930165,0.013304,1.737960,19.718800,19.718800
ML-KEM-768,8388608,8 MB,76,332.399999,92.700000,16.984600,2.694400,20.104100,397.928781,2.396595,0.013304,1.653394,19.722800,19.722800
ML-KEM-768,8388608,8 MB,78,298.499996,85.800006,13.255400,1.738800,15.378500,520.206782,1.833260,0.013304,1.941022,18.973100,18.973100
ML-KEM-768,8388608,8 MB,79,325.399997,92.700000,14.821900,2.744000,17.984000,444.839858,2.143860,0.013304,1.809386,18.570100,18.570100
ML-KEM-768,8388608,8 MB,80,443.600002,170.300002,15.365600,1.780800,17.760300,450.442842,2.117193,0.013304,2.497706,19.918000,19.918000
ML-KEM-768,8388608,8 MB,81,374.499999,410.100001,14.110400,2.126500,17.021500,469.993831,2.029121,0.013304,2.200159,23.739600,23.739600
ML-KEM-768,8388608,8 MB,82,585.099995,308.399998,20.558000,1.819100,23.270600,343.781424,2.774072,0.013304,2.514331,22.447900,22.447900
ML-KEM-768,8388608,8 MB,83,475.699999,144.700003,18.435800,2.653400,21.709600,368.500571,2.587986,0.013304,2.191197,24.559300,24.559300
ML-KEM-768,8388608,8 MB,84,428.100000,122.099998,13.054600,1.989600,15.594400,513.004668,1.858997,0.013304,2.745216,19.496100,19.496100
ML-KEM-768,8388608,8 MB,85,485.299999,273.600002,14.394800,1.515900,16.669600,479.915535,1.987171,0.013304,2.911288,18.281600,18.281600
ML-KEM-768,8388608,8 MB,86,477.400004,180.199997,13.322700,4.990900,18.971200,421.691828,2.261543,0.013304,2.516446,19.194500,19.194500
ML-KEM-768,8388608,8 MB,87,401.600002,118.399999,14.902400,1.892900,17.315300,462.019139,2.064145,0.013304,2.319336,21.232200,21.232200
ML-KEM-768,8388608,8 MB,88,417.499999,116.299998,14.022300,1.770200,16.326300,490.006921,1.946247,0.013304,2.557224,18.426100,18.426100
ML-KEM-768,8388608,8 MB,89,602.000000,134.000002,13.425700,1.480600,15.642300,511.433741,1.864707,0.013304,3.848539,37.526000,37.526000
ML-KEM-768,8388608,8 MB,91,409.000000,135.400005,17.566300,5.470500,23.581200,339.253304,2.811098,0.013304,1.734433,27.851100,27.851100
ML-KEM-768,8388608,8 MB,92,386.699998,139.299998,18.004000,2.355900,20.885900,383.033530,2.489793,0.013304,1.851488,26.316100,26.316100
ML-KEM-768,8388608,8 MB,93,686.300002,387.600005,19.725300,2.853400,23.652600,338.229201,2.819610,0.013304,2.901584,25.387500,25.387500
ML-KEM-768,8388608,8 MB,94,313.199998,101.900005,15.079700,1.463200,16.958000,471.753745,2.021551,0.013304,1.846916,21.250100,21.250100
ML-KEM-768,8388608,8 MB,96,407.700005,126.899999,12.444700,2.463400,15.442700,518.044124,1.840913,0.013304,2.640082,19.248800,19.248800
ML-KEM-768,8388608,8 MB,97,445.800004,120.299999,18.551900,2.570800,21.688800,368.853971,2.585506,0.013304,2.055439,19.122800,19.122800
ML-KEM-768,8388608,8 MB,98,348.599999,98.700002,14.462800,1.831200,16.741300,477.860142,1.995718,0.013304,2.082276,21.462100,21.462100
ML-KEM-768,8388608,8 MB,99,324.599998,103.600003,16.505900,2.173100,19.107200,418.690337,2.277756,0.013304,1.698836,19.231700,19.231700
ML-KEM-768,8388608,8 MB,100,351.499999,98.400000,16.922200,2.493000,19.865100,402.716322,2.368104,0.013304,1.769435,23.254500,23.254500
ML-KEM-768,8388608,8 MB,101,372.399998,134.299997,17.492400,2.489900,20.489000,390.453414,2.442479,0.013304,1.817561,23.892300,23.892300
ML-KEM-768,8388608,8 MB,102,565.900002,154.800000,16.937300,3.118300,20.776300,385.054124,2.476728,0.013304,2.723777,24.849400,24.849400
ML-KEM-768,8388608,8 MB,103,393.900002,138.100004,16.914700,2.419700,19.866400,402.689969,2.368259,0.013304,1.982745,28.159600,28.159600
ML-KEM-768,8388608,8 MB,104,399.400000,158.499999,13.755100,4.398900,18.711900,427.535419,2.230632,0.013304,2.134471,23.554700,23.554700
ML-KEM-768,8388608,8 MB,105,387.500004,126.800005,17.790600,2.842700,21.147600,378.293518,2.520990,0.013304,1.832359,20.490400,20.490400
ML-KEM-768,8388608,8 MB,106,560.199995,123.200000,13.645600,2.278700,16.607700,481.704270,1.979792,0.013304,3.373134,20.769500,20.769500
ML-KEM-768,8388608,8 MB,107,352.600000,82.799997,13.971500,1.904300,16.311200,490.460542,1.944447,0.013304,2.161705,19.515900,19.515900
ML-KEM-768,8388608,8 MB,108,431.000000,122.099998,14.105900,1.950100,16.609100,481.663666,1.979959,0.013304,2.594963,21.024200,21.024200
ML-KEM-768,8388608,8 MB,109,371.599999,114.399998,13.344500,2.134500,15.965000,501.096148,1.903176,0.013304,2.327592,22.158500,22.158500
ML-KEM-768,8388608,8 MB,111,328.400005,95.699994,16.350100,1.714500,18.488700,432.696728,2.204025,0.013304,1.776220,20.424500,20.424500
ML-KEM-768,8388608,8 MB,113,552.699996,118.500000,15.825600,4.167500,20.664300,387.141108,2.463377,0.013304,2.674661,19.279000,19.279000
ML-KEM-768,8388608,8 MB,114,490.899998,133.699999,13.381500,2.425200,16.431300,486.875658,1.958764,0.013304,2.987591,24.149500,24.149500
ML-KEM-768,8388608,8 MB,115,230.700003,80.699996,15.061300,2.481000,17.853700,448.086391,2.128327,0.013304,1.292169,22.629200,22.629200
ML-KEM-768,8388608,8 MB,116,231.599995,79.700003,15.376700,2.437500,18.125500,441.367135,2.160728,0.013304,1.277758,22.727400,22.727400
ML-KEM-768,8388608,8 MB,117,328.599999,146.099999,14.097000,1.352000,15.923700,502.395800,1.898253,0.013304,2.063591,21.211500,21.211500
ML-KEM-768,8388608,8 MB,118,406.899999,120.800003,15.468200,2.770700,18.766600,426.289259,2.237153,0.013304,2.168214,22.326100,22.326100
ML-KEM-768,8388608,8 MB,119,672.900002,138.100004,16.262100,2.281800,19.354900,413.332025,2.307284,0.013304,3.476639,29.319600,29.319600
ML-KEM-768,8388608,8 MB,120,411.800000,129.000000,15.850900,1.751300,18.143000,440.941410,2.162814,0.013304,2.269746,19.606400,19.606400
ML-KEM-768,8388608,8 MB,121,431.000000,271.400000,12.625200,4.017500,17.345100,461.225360,2.067697,0.013304,2.484852,18.711900,18.711900
ML-KEM-768,8388608,8 MB,122,649.900001,135.300004,14.898400,3.181300,18.864900,424.067978,2.248871,0.013304,3.445022,22.023700,22.023700
ML-KEM-768,8388608,8 MB,123,308.600000,117.399999,13.747500,2.278500,16.452000,486.263068,1.961231,0.013304,1.875760,20.781600,20.781600
ML-KEM-768,8388608,8 MB,124,832.300000,140.500000,13.044700,2.013100,16.030600,499.045575,1.910996,0.013304,5.191945,22.939100,22.939100
ML-KEM-768,8388608,8 MB,125,386.000000,122.500001,14.220300,2.716500,17.445300,458.576235,2.079642,0.013304,2.212630,21.107400,21.107400
ML-KEM-768,8388608,8 MB,126,382.899998,147.400002,15.872600,2.553100,18.956000,422.029964,2.259731,0.013304,2.019941,27.172500,27.172500
ML-KEM-768,8388608,8 MB,128,262.299996,82.099999,13.413800,2.118700,15.876900,503.876701,1.892674,0.013304,1.652086,19.409400,19.409400
ML-KEM-768,8388608,8 MB,129,415.200004,122.499994,14.498600,2.220700,17.257000,463.579997,2.057195,0.013304,2.405980,20.724100,20.724100
ML-KEM-768,8388608,8 MB,130,266.699994,81.200000,13.665300,2.715900,16.729100,478.208631,1.994264,0.013304,1.594228,18.267400,18.267400
ML-KEM-768,8388608,8 MB,131,428.699997,123.499995,15.009900,1.907500,17.469600,457.938362,2.082539,0.013304,2.453977,21.285600,21.285600
ML-KEM-768,8388608,8 MB,132,337.499994,121.599995,13.111400,2.664900,16.235400,492.750410,1.935410,0.013304,2.078791,20.056200,20.056200
ML-KEM-768,8388608,8 MB,133,269.500000,82.599996,13.111600,2.190300,15.654000,511.051488,1.866102,0.013304,1.721605,18.186700,18.186700
ML-KEM-768,8388608,8 MB,134,2777.800000,125.500002,15.167100,2.989800,21.060200,379.863439,2.510571,0.013304,13.189808,21.029300,21.029300
ML-KEM-768,8388608,8 MB,135,425.799997,177.499998,14.045200,2.522300,17.170800,465.907238,2.046919,0.013304,2.479791,19.778100,19.778100
ML-KEM-768,8388608,8 MB,136,497.000001,129.200002,16.445500,2.853600,19.925300,401.499601,2.375281,0.013304,2.494316,22.584500,22.584500
ML-KEM-768,8388608,8 MB,137,720.699994,290.999997,17.746400,2.096000,20.854100,383.617610,2.486002,0.013304,3.455915,21.336700,21.336700
ML-KEM-768,8388608,8 MB,138,641.200000,206.600002,13.374400,2.147700,16.369900,488.701825,1.951444,0.013304,3.916945,18.605800,18.605800
ML-KEM-768,8388608,8 MB,139,287.600000,81.999999,12.714300,2.404000,15.487900,516.532261,1.846302,0.013304,1.856933,19.007900,19.007900
ML-KEM-768,8388608,8 MB,140,427.999999,119.800003,14.433400,2.200300,17.181500,465.617088,2.048194,0.013304,2.491051,23.017800,23.017800
ML-KEM-768,8388608,8 MB,141,388.599998,112.599999,16.867600,2.224800,19.593600,408.296587,2.335739,0.013304,1.983301,24.011200,24.011200
ML-KEM-768,8388608,8 MB,142,331.100004,116.399999,15.071000,1.693800,17.212300,464.783905,2.051866,0.013304,1.923624,22.344100,22.344100
ML-KEM-768,8388608,8 MB,143,1035.999994,121.899997,13.386900,1.439400,15.984200,500.494238,1.905465,0.013304,6.481400,20.267400,20.267400
ML-KEM-768,8388608,8 MB,144,810.899997,424.200000,17.635300,1.973400,20.843800,383.807175,2.484775,0.013304,3.890365,21.822300,21.822300
ML-KEM-768,8388608,8 MB,145,439.800002,137.700001,17.284700,3.058500,20.920700,382.396383,2.493942,0.013304,2.102224,23.834800,23.834800
ML-KEM-768,8388608,8 MB,146,439.900003,169.899999,14.892900,2.546100,18.048800,443.242764,2.151585,0.013304,2.437281,25.379600,25.379600
ML-KEM-768,8388608,8 MB,147,514.599997,193.200001,17.211100,2.341000,20.259900,394.868682,2.415168,0.013304,2.539993,24.907500,24.907500
ML-KEM-768,8388608,8 MB,148,391.199996,139.299998,17.308600,2.301700,20.140800,397.203686,2.400970,0.013304,1.942326,24.200900,24.200900
ML-KEM-768,8388608,8 MB,149,372.600000,134.499998,17.113100,3.673200,21.293400,375.703270,2.538371,0.013304,1.749838,37.277900,37.277900
ML-KEM-768,8388608,8 MB,151,474.199995,152.399996,18.730300,2.830700,22.187600,360.561755,2.644968,0.013304,2.137230,27.052800,27.052800
ML-KEM-768,8388608,8 MB,152,394.700000,156.299997,16.991400,2.975800,20.518200,389.897749,2.445960,0.013304,1.923658,26.432500,26.432500
ML-KEM-768,8388608,8 MB,154,405.500003,139.200005,18.550000,2.682500,21.777200,367.356685,2.596045,0.013304,1.862039,25.683900,25.683900
ML-KEM-768,8388608,8 MB,155,493.899999,167.699996,18.079300,2.753800,21.494700,372.184771,2.562368,0.013304,2.297776,33.524600,33.524600
ML-KEM-768,8388608,8 MB,157,871.400000,152.999994,18.276400,2.821900,22.122700,361.619513,2.637231,0.013304,3.938941,28.339000,28.339000
ML-KEM-768,8388608,8 MB,158,387.700005,138.700001,18.619200,2.416700,21.562300,371.017934,2.570426,0.013304,1.798046,26.712900,26.712900
ML-KEM-768,8388608,8 MB,159,754.299996,285.499998,19.063300,2.634300,22.737400,351.843219,2.710509,0.013304,3.317442,28.169000,28.169000
ML-KEM-768,8388608,8 MB,161,329.999995,124.700004,14.371900,2.211900,17.038500,469.524899,2.031147,0.013304,1.936790,18.795400,18.795400
ML-KEM-768,8388608,8 MB,162,469.500003,171.600004,14.724600,1.929500,17.295200,462.556085,2.061749,0.013304,2.714626,20.798700,20.798700
ML-KEM-768,8388608,8 MB,163,417.000003,135.700000,16.271100,2.568300,19.392100,412.539127,2.311718,0.013304,2.150360,24.562900,24.562900
ML-KEM-768,8388608,8 MB,164,537.899999,136.399998,17.210100,3.207500,21.091900,379.292525,2.514350,0.013304,2.550268,23.181000,23.181000
ML-KEM-768,8388608,8 MB,165,514.899999,176.500005,16.765200,2.904600,20.361200,392.904151,2.427244,0.013304,2.528829,21.238500,21.238500
ML-KEM-768,8388608,8 MB,166,392.400005,140.100005,16.549000,3.248600,20.330100,393.505197,2.423537,0.013304,1.930143,29.655500,29.655500
ML-KEM-768,8388608,8 MB,167,401.100006,255.399995,16.709200,2.816100,20.181800,396.396753,2.405858,0.013304,1.987434,27.811900,27.811900
ML-KEM-768,8388608,8 MB,168,319.300001,92.800001,17.286300,3.073300,20.771700,385.139396,2.476180,0.013304,1.537188,24.636500,24.636500
ML-KEM-768,8388608,8 MB,169,388.499997,136.600000,16.659100,3.490000,20.674200,386.955723,2.464557,0.013304,1.879154,30.244500,30.244500
ML-KEM-768,8388608,8 MB,170,333.900003,127.300002,18.762700,3.070100,22.294000,358.840944,2.657652,0.013304,1.497712,24.279400,24.279400
ML-KEM-768,8388608,8 MB,171,382.200000,138.300005,17.587100,3.385600,21.493200,372.210746,2.562189,0.013304,1.778237,27.277200,27.277200
ML-KEM-768,8388608,8 MB,172,565.900002,284.500005,17.974400,3.106200,21.931000,364.780448,2.614379,0.013304,2.580366,24.233700,24.233700
ML-KEM-768,8388608,8 MB,174,243.800001,83.200001,18.366800,2.050900,20.744700,385.640670,2.472961,0.013304,1.175240,22.678400,22.678400
ML-KEM-768,8388608,8 MB,175,387.200002,135.900002,19.271400,4.178300,23.972800,333.711540,2.857780,0.013304,1.615164,23.777600,23.777600
ML-KEM-768,8388608,8 MB,176,307.100003,95.500000,18.075100,2.717300,21.195000,377.447511,2.526641,0.013304,1.448927,28.813600,28.813600
ML-KEM-768,8388608,8 MB,177,504.500000,164.600002,17.945200,4.386100,23.000400,347.820038,2.741861,0.013304,2.193440,21.554200,21.554200
ML-KEM-768,8388608,8 MB,178,271.299999,156.200003,16.077800,2.048600,18.553900,431.176195,2.211797,0.013304,1.462226,21.468400,21.468400
ML-KEM-768,8388608,8 MB,179,330.800001,96.600001,14.859200,1.935200,17.221800,464.527517,2.052999,0.013304,1.920821,26.273100,26.273100
ML-KEM-768,8388608,8 MB,181,324.099994,125.099999,15.731100,2.083700,18.264000,438.020149,2.177238,0.013304,1.774529,19.033200,19.033200
ML-KEM-768,8388608,8 MB,182,254.999999,83.399995,15.313100,2.398300,18.049800,443.218207,2.151704,0.013304,1.412758,22.208100,22.208100
ML-KEM-768,8388608,8 MB,183,280.399996,85.000000,16.487500,2.327800,19.180700,417.085925,2.286518,0.013304,1.461886,24.818700,24.818700
ML-KEM-768,8388608,8 MB,184,496.499997,164.200006,18.125500,2.486000,21.272200,376.077698,2.535844,0.013304,2.334032,22.026200,22.026200
ML-KEM-768,8388608,8 MB,185,2111.599999,155.900001,14.387800,4.436600,21.091900,379.292525,2.514350,0.013304,10.011426,21.966200,21.966200
ML-KEM-768,8388608,8 MB,186,372.500006,139.500000,16.970600,3.737500,21.220100,377.001051,2.529633,0.013304,1.755411,24.324800,24.324800
ML-KEM-768,8388608,8 MB,188,328.900001,114.099996,13.239500,2.831800,16.514300,484.428647,1.968658,0.013304,1.991607,19.241100,19.241100
ML-KEM-768,8388608,8 MB,190,437.299997,134.899994,13.395600,1.421600,15.389400,519.838330,1.834559,0.013304,2.841566,22.885400,22.885400
ML-KEM-768,8388608,8 MB,191,405.899998,125.899998,13.825500,1.599700,15.957000,501.347371,1.902223,0.013304,2.543711,19.247300,19.247300
ML-KEM-768,8388608,8 MB,192,905.000001,284.599999,12.393600,3.580200,17.163400,466.108114,2.046037,0.013304,5.272848,19.748900,19.748900
ML-KEM-768,8388608,8 MB,193,477.699999,134.399997,14.227000,1.924000,16.763100,477.238697,1.998317,0.013304,2.849712,23.109400,23.109400
ML-KEM-768,8388608,8 MB,194,498.499998,145.600003,18.445800,1.611700,20.701600,386.443560,2.467823,0.013304,2.408026,19.082200,19.082200
ML-KEM-768,8388608,8 MB,195,314.299999,115.200004,15.944400,2.348400,18.722300,427.297928,2.231872,0.013304,1.678747,20.357600,20.357600
ML-KEM-768,8388608,8 MB,196,333.800002,138.399999,13.832800,2.874000,17.179000,465.684848,2.047896,0.013304,1.943070,19.393200,19.393200
ML-KEM-768,8388608,8 MB,197,694.900002,138.600000,16.385000,2.893700,20.112200,397.768519,2.397561,0.013304,3.455117,19.074400,19.074400
ML-KEM-768,8388608,8 MB,198,1790.400005,246.100004,14.428600,4.755600,21.220700,376.990391,2.529705,0.013304,8.437045,20.854000,20.854000
ML-KEM-768,8388608,8 MB,199,582.699999,135.099996,16.360500,2.269000,19.347300,413.494389,2.306378,0.013304,3.011790,20.697800,20.697800
ML-KEM-768,8388608,8 MB,200,446.099999,167.300001,16.769100,3.677700,21.060200,379.863439,2.510571,0.013304,2.118213,20.903400,20.903400
ML-KEM-768,8388608,8 MB,201,300.200001,82.999999,13.771900,2.330600,16.485700,485.269051,1.965249,0.013304,1.820972,19.155700,19.155700
ML-KEM-768,8388608,8 MB,202,297.400002,104.799998,15.527000,1.886700,17.815900,449.037096,2.123821,0.013304,1.669295,22.563200,22.563200
ML-KEM-768,8388608,8 MB,203,334.600001,127.499996,15.084700,2.433700,17.980500,444.926448,2.143443,0.013304,1.860905,23.027000,23.027000
ML-KEM-768,8388608,8 MB,204,756.300004,547.399999,16.742200,2.286800,20.332700,393.454878,2.423847,0.013304,3.719624,20.527000,20.527000
ML-KEM-768,8388608,8 MB,205,349.800001,112.999995,14.443800,1.667900,16.574500,482.669161,1.975834,0.013304,2.110471,19.351700,19.351700
ML-KEM-768,8388608,8 MB,206,387.799999,83.300001,13.783000,1.805300,16.059400,498.150616,1.914430,0.013304,2.414785,19.677900,19.677900
ML-KEM-768,8388608,8 MB,207,1060.600000,190.399995,12.966500,2.590700,16.808200,475.958163,2.003694,0.013304,6.310015,20.991000,20.991000
ML-KEM-768,8388608,8 MB,208,414.200003,119.099997,12.657300,2.513100,15.703700,509.434082,1.872027,0.013304,2.637595,19.482300,19.482300
ML-KEM-768,8388608,8 MB,209,367.000001,122.599995,13.475300,1.869600,15.834500,505.225931,1.887619,0.013304,2.317724,17.323800,17.323800
ML-KEM-768,8388608,8 MB,212,238.000001,82.300001,16.336700,1.668400,18.325400,436.552545,2.184558,0.013304,1.298744,20.592100,20.592100
ML-KEM-768,8388608,8 MB,213,332.500000,108.000000,14.630400,2.466800,17.537700,456.160158,2.090657,0.013304,1.895916,25.239300,25.239300
ML-KEM-768,8388608,8 MB,214,296.499995,117.199997,13.396500,2.522100,16.332300,489.826907,1.946962,0.013304,1.815421,22.812700,22.812700
ML-KEM-768,8388608,8 MB,215,1106.200005,272.899997,14.808800,2.834300,19.022200,420.561239,2.267623,0.013304,5.815311,21.231100,21.231100
ML-KEM-768,8388608,8 MB,216,414.900001,119.700002,13.606900,2.749700,16.891200,473.619399,2.013588,0.013304,2.456309,17.483500,17.483500
ML-KEM-768,8388608,8 MB,217,372.999995,83.500003,13.316500,2.308900,16.081900,497.453659,1.917112,0.013304,2.319378,18.253900,18.253900
ML-KEM-768,8388608,8 MB,218,350.299997,91.399997,15.299800,2.652400,18.393900,434.926796,2.192724,0.013304,1.904436,21.470800,21.470800
ML-KEM-768,8388608,8 MB,219,414.899994,130.699998,15.469500,2.316200,18.331300,436.412038,2.185261,0.013304,2.263342,18.756700,18.756700
ML-KEM-768,8388608,8 MB,220,308.299997,73.299998,15.233300,1.549400,17.164300,466.083674,2.046144,0.013304,1.796170,22.623700,22.623700
ML-KEM-768,8388608,8 MB,221,345.200002,103.300001,17.265800,1.572400,19.286700,414.793614,2.299154,0.013304,1.789834,18.289700,18.289700
ML-KEM-768,8388608,8 MB,222,326.500005,163.199998,13.356100,2.560000,16.405800,487.632423,1.955724,0.013304,1.990150,17.284500,17.284500
ML-KEM-768,8388608,8 MB,224,315.300007,96.900003,15.235300,1.844800,17.492300,457.344089,2.085245,0.013304,1.802507,23.425300,23.425300
ML-KEM-768,8388608,8 MB,225,415.399998,123.799997,15.726200,1.620500,17.885900,447.279701,2.132165,0.013304,2.322500,24.020100,24.020100
ML-KEM-768,8388608,8 MB,226,599.599996,147.900006,16.847700,3.100700,20.695900,386.549993,2.467144,0.013304,2.897192,20.910800,20.910800
ML-KEM-768,8388608,8 MB,227,456.100002,134.700000,16.990700,3.606300,21.187800,377.575775,2.525783,0.013304,2.152654,24.840200,24.840200
ML-KEM-768,8388608,8 MB,228,334.099997,98.900004,15.876900,2.428900,18.738800,426.921681,2.233839,0.013304,1.782932,23.161900,23.161900
ML-KEM-768,8388608,8 MB,229,273.600002,81.999999,16.022100,2.533200,18.910900,423.036450,2.254355,0.013304,1.446785,29.298300,29.298300
ML-KEM-768,8388608,8 MB,230,258.699998,81.599996,16.224400,2.512800,19.077500,419.342157,2.274215,0.013304,1.356048,29.192600,29.192600
ML-KEM-768,8388608,8 MB,232,237.000000,81.200000,16.839000,1.422800,18.580000,430.570506,2.214909,0.013304,1.275565,21.731300,21.731300
ML-KEM-768,8388608,8 MB,234,294.499994,114.700000,14.918700,2.573900,17.901800,446.882436,2.134061,0.013304,1.645086,20.468000,20.468000
ML-KEM-768,8388608,8 MB,235,2291.300007,383.699997,12.044100,6.414200,21.133300,378.549493,2.519286,0.013304,10.842131,19.731500,19.731500
ML-KEM-768,8388608,8 MB,236,267.800002,111.299996,13.753500,1.643600,15.776200,507.092963,1.880670,0.013304,1.697494,22.403700,22.403700
ML-KEM-768,8388608,8 MB,237,425.099999,133.099995,16.475000,2.193100,19.226300,416.096701,2.291954,0.013304,2.211034,24.492100,24.492100
ML-KEM-768,8388608,8 MB,238,574.300000,121.199999,17.115000,4.412100,22.222600,359.993880,2.649140,0.013304,2.584306,20.401700,20.401700
ML-KEM-768,8388608,8 MB,239,1044.500001,138.800002,15.581600,2.372000,19.136900,418.040539,2.281296,0.013304,5.458042,25.831500,25.831500
ML-KEM-768,8388608,8 MB,240,650.000002,136.600000,16.925800,2.449000,20.161400,396.797841,2.403426,0.013304,3.223982,24.593300,24.593300
ML-KEM-768,8388608,8 MB,241,809.999998,176.800000,17.598000,2.729700,21.314500,375.331347,2.540886,0.013304,3.800230,28.225900,28.225900
ML-KEM-768,8388608,8 MB,242,427.500003,1004.499994,15.478900,5.652200,22.563100,354.561208,2.689731,0.013304,1.894686,18.689800,18.689800
ML-KEM-768,8388608,8 MB,243,433.399997,120.799996,15.640500,4.765500,20.960200,381.675747,2.498651,0.013304,2.067728,20.218700,20.218700
ML-KEM-768,8388608,8 MB,244,472.000000,207.800003,14.767500,2.803200,18.250500,438.344155,2.175629,0.013304,2.586231,21.924200,21.924200
ML-KEM-768,8388608,8 MB,245,419.900003,114.399998,16.611900,6.010200,23.156400,345.476844,2.760458,0.013304,1.813322,22.657200,22.657200
ML-KEM-768,8388608,8 MB,246,269.400000,82.999999,18.109300,2.036900,20.498600,390.270555,2.443624,0.013304,1.314236,27.971400,27.971400
ML-KEM-768,8388608,8 MB,247,391.400004,120.099998,17.073400,3.897400,21.482300,372.399603,2.560890,0.013304,1.821965,23.204800,23.204800
ML-KEM-768,8388608,8 MB,248,1701.399997,194.200002,15.663400,1.810500,19.369500,413.020470,2.309024,0.013304,8.783913,19.922700,19.922700
ML-KEM-768,8388608,8 MB,249,436.999995,120.099998,14.284900,1.864300,16.706300,478.861268,1.991546,0.013304,2.615780,23.862700,23.862700
ML-KEM-768,8388608,8 MB,250,447.999999,128.699998,14.119300,1.897000,16.593000,482.131019,1.978040,0.013304,2.699934,21.465100,21.465100
ML-KEM-768,8388608,8 MB,251,417.199997,134.800001,13.284900,2.208800,16.045700,498.575943,1.912796,0.013304,2.600074,22.485500,22.485500
ML-KEM-768,8388608,8 MB,252,367.699999,206.000004,13.999800,1.491500,16.065000,497.976968,1.915097,0.013304,2.288827,19.324800,19.324800
ML-KEM-768,8388608,8 MB,253,552.300000,141.500001,12.101400,2.929900,15.725100,508.740803,1.874578,0.013304,3.512219,38.574200,38.574200
ML-KEM-768,8388608,8 MB,255,478.500006,195.699999,17.391900,2.751900,20.818000,384.282832,2.481699,0.013304,2.298492,21.142900,21.142900
ML-KEM-768,8388608,8 MB,256,668.000001,390.599998,17.644200,2.651200,21.354000,374.637070,2.545595,0.013304,3.128220,23.902500,23.902500
ML-KEM-768,8388608,8 MB,257,706.699997,308.099996,17.754200,3.872600,22.641600,353.331920,2.699089,0.013304,3.121246,21.590600,21.590600
ML-KEM-768,8388608,8 MB,258,813.100000,154.499998,15.911300,2.575500,19.454400,411.218028,2.319145,0.013304,4.179517,19.316900,19.316900
ML-KEM-768,8388608,8 MB,259,1159.100000,182.299998,12.993000,1.954700,16.289100,491.125968,1.941812,0.013304,7.115801,21.862500,21.862500
ML-KEM-768,8388608,8 MB,260,495.799999,232.099999,12.821600,1.892100,15.441600,518.081028,1.840782,0.013304,3.210807,21.013200,21.013200
ML-KEM-768,8388608,8 MB,261,265.300005,146.899998,14.986800,2.243700,17.642700,453.445334,2.103174,0.013304,1.503738,20.162400,20.162400
ML-KEM-768,8388608,8 MB,262,279.599997,85.100000,13.971600,3.552600,17.888900,447.204691,2.132523,0.013304,1.562980,19.607800,19.607800
ML-KEM-768,8388608,8 MB,263,302.900000,352.399999,18.854400,1.701000,21.210700,377.168127,2.528512,0.013304,1.428053,23.384700,23.384700
ML-KEM-768,8388608,8 MB,264,589.800002,139.899996,17.834500,2.360300,20.924500,382.326937,2.494395,0.013304,2.818705,24.981500,24.981500
ML-KEM-768,8388608,8 MB,265,2502.200005,149.300002,16.750200,2.981600,22.383300,357.409318,2.668297,0.013304,11.178870,24.208100,24.208100
ML-KEM-768,8388608,8 MB,266,616.099998,223.700001,18.062000,2.486500,21.388300,374.036272,2.549684,0.013304,2.880547,25.939600,25.939600
ML-KEM-768,8388608,8 MB,267,1615.000001,247.299999,13.877200,2.738100,18.477600,432.956661,2.202702,0.013304,8.740313,21.782100,21.782100
ML-KEM-768,8388608,8 MB,268,1186.200003,193.699998,14.208700,3.234100,18.822700,425.018727,2.243841,0.013304,6.301965,20.065600,20.065600
ML-KEM-768,8388608,8 MB,269,395.800002,124.800004,13.335500,1.944400,15.800500,506.313091,1.883566,0.013304,2.504984,25.857200,25.857200
ML-KEM-768,8388608,8 MB,270,304.000001,305.200003,16.330400,5.771500,22.711100,352.250661,2.707374,0.013304,1.338553,21.793100,21.793100
ML-KEM-768,8388608,8 MB,271,399.899996,152.599998,14.935200,2.959500,18.447200,433.670150,2.199078,0.013304,2.167809,22.655500,22.655500
ML-KEM-768,8388608,8 MB,272,453.100001,150.100001,16.397100,2.481200,19.481500,410.645997,2.322376,0.013304,2.325796,26.457500,26.457500
ML-KEM-768,8388608,8 MB,273,425.200000,138.100004,15.994000,1.385300,17.942600,445.866262,2.138925,0.013304,2.369779,21.241500,21.241500
ML-KEM-768,8388608,8 MB,274,357.600002,122.599995,14.475100,2.254000,17.209300,464.864928,2.051508,0.013304,2.077946,21.111200,21.111200
ML-KEM-768,8388608,8 MB,275,652.400005,376.600001,13.627600,1.948800,16.605400,481.770990,1.979518,0.013304,3.928842,18.798200,18.798200
ML-KEM-768,8388608,8 MB,276,273.400001,83.300001,12.367500,2.674400,15.398600,519.527749,1.835656,0.013304,1.775486,19.589100,19.589100
ML-KEM-768,8388608,8 MB,277,403.899998,125.099999,16.118900,3.158900,19.806800,403.901690,2.361155,0.013304,2.039199,20.935900,20.935900
ML-KEM-768,8388608,8 MB,278,312.600001,126.100000,16.212000,2.022400,18.673100,428.423775,2.226007,0.013304,1.674066,22.887800,22.887800
ML-KEM-768,8388608,8 MB,279,305.299996,97.899996,14.308500,2.665500,17.377200,460.373363,2.071524,0.013304,1.756900,21.452300,21.452300
ML-KEM-768,8388608,8 MB,280,404.200000,134.900001,18.040700,2.793900,21.373700,374.291770,2.547944,0.013304,1.891109,22.429200,22.429200
ML-KEM-768,8388608,8 MB,281,327.800000,120.600002,14.046100,1.932100,16.426600,487.014964,1.958203,0.013304,1.995544,22.080000,22.080000
ML-KEM-768,8388608,8 MB,282,389.599998,125.699997,14.080600,1.523200,16.119100,496.305625,1.921546,0.013304,2.417008,19.723400,19.723400
ML-KEM-768,8388608,8 MB,283,308.700000,83.100000,13.070800,2.571400,16.034000,498.939753,1.911402,0.013304,1.925284,18.861200,18.861200
ML-KEM-768,8388608,8 MB,284,310.199997,100.800004,13.467000,7.013900,20.891900,382.923525,2.490509,0.013304,1.484786,20.325400,20.325400
ML-KEM-768,8388608,8 MB,285,418.900003,136.000002,15.504700,2.872900,18.932500,422.553810,2.256930,0.013304,2.212597,22.054500,22.054500
ML-KEM-768,8388608,8 MB,286,390.000001,137.900002,16.938800,2.350200,19.816900,403.695835,2.362359,0.013304,1.968017,22.243500,22.243500
ML-KEM-768,8388608,8 MB,287,393.599999,137.800002,17.095200,2.601000,20.227600,395.499219,2.411318,0.013304,1.945856,26.457200,26.457200
ML-KEM-768,8388608,8 MB,288,517.500004,301.100001,16.674400,3.477400,20.970400,381.490100,2.499866,0.013304,2.467764,24.628300,24.628300
ML-KEM-768,8388608,8 MB,289,666.899999,153.100002,19.268900,4.395900,24.484800,326.733320,2.918816,0.013304,2.723731,24.784700,24.784700
ML-KEM-768,8388608,8 MB,290,302.100001,92.100003,15.894700,1.880000,18.168900,440.312842,2.165902,0.013304,1.662731,18.454800,18.454800
ML-KEM-768,8388608,8 MB,291,1328.899998,101.999998,18.182600,2.510300,22.123800,361.601533,2.637362,0.013304,6.006653,21.950100,21.950100
ML-KEM-768,8388608,8 MB,292,347.699999,104.100000,15.783000,3.389000,19.623800,407.668239,2.339339,0.013304,1.771828,24.606500,24.606500
ML-KEM-768,8388608,8 MB,293,373.799994,109.500004,19.539900,3.337900,23.361100,342.449628,2.784860,0.013304,1.600096,24.211300,24.211300
ML-KEM-768,8388608,8 MB,294,403.899998,139.000003,16.384800,3.107400,20.035100,399.299230,2.388370,0.013304,2.015962,23.175100,23.175100
ML-KEM-768,8388608,8 MB,295,392.199996,133.499998,16.702500,2.790700,20.018900,399.622357,2.386439,0.013304,1.959149,23.112000,23.112000
ML-KEM-768,8388608,8 MB,296,609.399998,145.800004,16.463800,2.955000,20.174000,396.550015,2.404928,0.013304,3.020720,23.573200,23.573200
ML-KEM-768,8388608,8 MB,297,398.600001,137.000003,16.083800,1.628100,18.247500,438.416221,2.175272,0.013304,2.184409,28.968600,28.968600
ML-KEM-768,8388608,8 MB,298,1350.300001,268.800002,14.073000,3.948800,19.640900,407.313311,2.341378,0.013304,6.874940,20.896000,20.896000
ML-KEM-768,8388608,8 MB,299,237.699998,77.299999,14.918900,1.919700,17.153600,466.374405,2.044868,0.013304,1.385715,20.750600,20.750600
ML-KEM-1024,262144,256 KB,1,280.499997,50.900002,0.580400,0.100600,1.012400,246.937970,3.861999,0.608826,27.706440,2.825700,2.825700
ML-KEM-1024,262144,256 KB,2,272.800004,47.700007,0.522600,0.025900,0.869000,287.686996,3.314972,0.608826,31.392405,2.360100,2.360100
ML-KEM-1024,262144,256 KB,3,403.999999,86.500004,0.846900,0.051000,1.388400,180.063382,5.296326,0.608826,29.098242,2.244100,2.244100
ML-KEM-1024,262144,256 KB,4,171.200001,28.199996,0.398000,0.092800,0.690200,362.213850,2.632904,0.608826,24.804405,1.774500,1.774500
ML-KEM-1024,262144,256 KB,5,233.200000,41.399995,0.412800,0.019500,0.706900,353.656809,2.696610,0.608826,32.989107,1.550900,1.550900
ML-KEM-1024,262144,256 KB,7,239.000001,54.100004,0.625600,0.037200,0.955900,261.533634,3.646469,0.608826,25.002616,2.309500,2.309500
ML-KEM-1024,262144,256 KB,8,385.399995,76.400000,0.602300,0.030500,1.094600,228.393933,4.175568,0.608826,35.209208,3.023100,3.023100
ML-KEM-1024,262144,256 KB,9,239.000001,48.600006,0.506100,0.023200,0.816900,306.035011,3.116226,0.608826,29.256947,2.544200,2.544200
ML-KEM-1024,262144,256 KB,10,220.700000,47.200003,0.545500,0.025000,0.838400,298.187024,3.198242,0.608826,26.323950,3.813000,3.813000
ML-KEM-1024,262144,256 KB,11,600.600004,55.299999,0.589200,0.031800,1.276900,195.786670,4.870987,0.608826,47.035790,2.291700,2.291700
ML-KEM-1024,262144,256 KB,12,238.699999,44.699998,0.369200,0.026200,0.678800,368.296993,2.589417,0.608826,35.164997,2.007500,2.007500
ML-KEM-1024,262144,256 KB,13,186.799996,39.700004,0.325700,0.014000,0.566200,441.540094,2.159882,0.608826,32.991875,1.472200,1.472200
ML-KEM-1024,262144,256 KB,14,233.899998,72.700001,0.397900,0.023600,0.728100,343.359429,2.777481,0.608826,32.124708,2.479600,2.479600
ML-KEM-1024,262144,256 KB,16,244.300005,53.199998,0.518700,0.024500,0.840700,297.371239,3.207016,0.608826,29.059118,1.682500,1.682500
ML-KEM-1024,262144,256 KB,17,279.500004,54.500000,0.478200,0.025200,0.837400,298.543109,3.194428,0.608826,33.377120,1.793400,1.793400
ML-KEM-1024,262144,256 KB,19,309.200004,70.299997,0.480500,0.024300,0.884300,282.709487,3.373337,0.608826,34.965510,3.877200,3.877200
ML-KEM-1024,262144,256 KB,20,247.199998,43.600005,0.506800,0.026900,0.824500,303.214070,3.145218,0.608826,29.981807,1.991800,1.991800
ML-KEM-1024,262144,256 KB,21,234.599996,48.900001,0.394600,0.022700,0.700800,356.735158,2.673340,0.608826,33.476027,1.614700,1.614700
ML-KEM-1024,262144,256 KB,22,195.400004,27.900001,0.337000,0.019000,0.579300,431.555329,2.209854,0.608826,33.730365,1.376500,1.376500
ML-KEM-1024,262144,256 KB,24,238.299996,107.899999,0.554400,0.025100,0.925700,270.065897,3.531265,0.608826,25.742681,2.189100,2.189100
ML-KEM-1024,262144,256 KB,25,230.099999,41.300002,0.466300,0.019600,0.757300,330.120165,2.888870,0.608826,30.384260,1.740600,1.740600
ML-KEM-1024,262144,256 KB,26,165.999998,39.400002,0.599100,0.183000,0.987500,253.164556,3.767014,0.608826,16.810126,2.035800,2.035800
ML-KEM-1024,262144,256 KB,27,174.900000,38.800004,0.337200,0.014200,0.565100,442.399573,2.155685,0.608826,30.950274,1.524700,1.524700
ML-KEM-1024,262144,256 KB,28,193.200001,23.000001,0.902700,0.022800,1.141700,218.971709,4.355240,0.608826,16.922134,3.865400,3.865400
ML-KEM-1024,262144,256 KB,29,236.000000,53.700001,0.580900,0.034000,0.904600,276.365243,3.450775,0.608826,26.088879,2.737500,2.737500
ML-KEM-1024,262144,256 KB,30,311.399999,57.199999,0.372200,0.023500,0.764300,327.096690,2.915573,0.608826,40.743164,1.866100,1.866100
ML-KEM-1024,262144,256 KB,31,184.700002,27.100003,0.345700,0.019100,0.576600,433.576134,2.199554,0.608826,32.032605,1.930400,1.930400
ML-KEM-1024,262144,256 KB,32,175.900001,38.599996,0.348700,0.020100,0.583300,428.595917,2.225113,0.608826,30.156009,3.707500,3.707500
ML-KEM-1024,262144,256 KB,33,226.199998,51.900002,0.390200,0.020400,0.688700,363.002760,2.627182,0.608826,32.844489,2.232300,2.232300
ML-KEM-1024,262144,256 KB,34,186.899997,40.499996,0.362200,0.020400,0.610000,409.836064,2.326965,0.608826,30.639344,2.073500,2.073500
ML-KEM-1024,262144,256 KB,35,242.999995,48.300004,0.663900,0.023200,0.978400,255.519215,3.732300,0.608826,24.836467,1.897900,1.897900
ML-KEM-1024,262144,256 KB,36,180.100003,40.699997,0.350100,0.020600,0.591500,422.654269,2.256393,0.608826,30.448014,1.887400,1.887400
ML-KEM-1024,262144,256 KB,37,212.400002,40.100000,0.448700,0.015200,0.716400,348.967058,2.732849,0.608826,29.648242,3.305200,3.305200
ML-KEM-1024,262144,256 KB,39,199.299997,42.299995,0.356700,0.048200,0.646500,386.697600,2.466202,0.608826,30.827532,2.107600,2.107600
ML-KEM-1024,262144,256 KB,40,187.999998,39.400002,0.347800,0.021100,0.596300,419.252054,2.274704,0.608826,31.527754,1.439200,1.439200
ML-KEM-1024,262144,256 KB,41,193.899999,25.700007,0.321700,0.015100,0.556400,449.317042,2.122498,0.608826,34.849030,1.805900,1.805900
ML-KEM-1024,262144,256 KB,42,199.300004,43.900000,0.349400,0.020500,0.613100,407.763825,2.338791,0.608826,32.506933,3.505400,3.505400
ML-KEM-1024,262144,256 KB,43,234.500003,44.699998,0.390200,0.020500,0.689900,362.371358,2.631760,0.608826,33.990434,3.163700,3.163700
ML-KEM-1024,262144,256 KB,44,260.699999,45.200002,0.363200,0.021100,0.690200,362.213850,2.632904,0.608826,37.771660,1.667400,1.667400
ML-KEM-1024,262144,256 KB,45,194.499997,22.500004,0.313900,0.013500,0.544400,459.221163,2.076721,0.608826,35.727406,1.335400,1.335400
ML-KEM-1024,262144,256 KB,46,265.199997,64.200001,0.307500,0.021400,0.658300,379.766064,2.511215,0.608826,40.285584,1.975200,1.975200
ML-KEM-1024,262144,256 KB,48,214.900007,55.999997,0.371500,0.020500,0.662900,377.130786,2.528763,0.608826,32.418163,2.176400,2.176400
ML-KEM-1024,262144,256 KB,49,194.399996,39.799997,0.416400,0.042700,0.693300,360.594261,2.644730,0.608826,28.039809,1.918200,1.918200
ML-KEM-1024,262144,256 KB,50,197.500005,46.900001,0.399900,0.019500,0.663800,376.619465,2.532196,0.608826,29.752938,1.550100,1.550100
ML-KEM-1024,262144,256 KB,51,271.999997,53.299998,0.358500,0.017100,0.700900,356.684261,2.673721,0.608826,38.807247,1.809600,1.809600
ML-KEM-1024,262144,256 KB,53,495.100001,50.000002,0.488300,0.017200,1.050600,237.959262,4.007721,0.608826,47.125452,1.973000,1.973000
ML-KEM-1024,262144,256 KB,54,285.700000,55.800003,0.371000,0.021900,0.734400,340.413945,2.801514,0.608826,38.902506,1.800400,1.800400
ML-KEM-1024,262144,256 KB,55,175.299996,40.299994,0.616600,0.017700,0.849900,294.152252,3.242111,0.608826,20.625955,1.552900,1.552900
ML-KEM-1024,262144,256 KB,56,210.400001,40.600004,0.352400,0.019600,0.623000,401.284109,2.376556,0.608826,33.772071,1.597200,1.597200
ML-KEM-1024,262144,256 KB,57,203.199997,43.700005,0.343800,0.016200,0.606900,411.929477,2.315140,0.608826,33.481627,2.758500,2.758500
ML-KEM-1024,262144,256 KB,58,235.399995,50.500006,0.702900,0.024100,1.012900,246.816073,3.863907,0.608826,23.240201,2.424400,2.424400
ML-KEM-1024,262144,256 KB,59,182.299998,56.500001,0.352700,0.015400,0.606900,411.929477,2.315140,0.608826,30.037897,1.895600,1.895600
ML-KEM-1024,262144,256 KB,60,160.899996,36.899997,0.345300,0.094500,0.637600,392.095356,2.432251,0.608826,25.235256,1.500300,1.500300
ML-KEM-1024,262144,256 KB,61,201.899995,40.300001,0.371300,0.014500,0.628000,398.089171,2.395630,0.608826,32.149681,1.485900,1.485900
ML-KEM-1024,262144,256 KB,62,230.700003,38.499995,0.420700,0.020200,0.710100,352.063089,2.708817,0.608826,32.488382,3.381700,3.381700
ML-KEM-1024,262144,256 KB,63,316.700003,51.900002,0.502800,0.026600,0.898000,278.396437,3.425598,0.608826,35.267261,1.882200,1.882200
ML-KEM-1024,262144,256 KB,64,245.899995,97.400000,0.569500,0.027100,0.939900,265.985744,3.585434,0.608826,26.162357,1.764200,1.764200
ML-KEM-1024,262144,256 KB,65,175.699999,27.200003,0.336700,0.013700,0.553300,451.834448,2.110672,0.608826,31.754925,1.936500,1.936500
ML-KEM-1024,262144,256 KB,66,195.100001,28.599999,0.367900,0.022300,0.613900,407.232451,2.341843,0.608826,31.780421,1.720200,1.720200
ML-KEM-1024,262144,256 KB,69,292.299999,47.300004,0.445900,0.025400,0.810900,308.299421,3.093338,0.608826,36.046368,2.653600,2.653600
ML-KEM-1024,262144,256 KB,70,200.100003,42.100000,0.354900,0.020000,0.617100,405.120727,2.354050,0.608826,32.425863,2.023600,2.023600
ML-KEM-1024,262144,256 KB,71,175.100002,37.600003,0.401100,0.013900,0.627700,398.279433,2.394485,0.608826,27.895492,2.289400,2.289400
ML-KEM-1024,262144,256 KB,72,175.100002,38.700004,0.421100,0.020600,0.655500,381.388253,2.500534,0.608826,26.712434,3.896400,3.896400
ML-KEM-1024,262144,256 KB,73,304.499998,58.799997,0.580600,0.122200,1.066100,234.499578,4.066849,0.608826,28.562048,3.017500,3.017500
ML-KEM-1024,262144,256 KB,74,231.699996,46.599998,0.364700,0.021300,0.664300,376.335992,2.534103,0.608826,34.878819,2.233100,2.233100
ML-KEM-1024,262144,256 KB,75,174.599998,27.000002,0.334300,0.014100,0.550000,454.545457,2.098083,0.608826,31.745454,1.404200,1.404200
ML-KEM-1024,262144,256 KB,76,225.800002,36.500001,0.385000,0.020200,0.667500,374.531833,2.546310,0.608826,33.827715,7.787800,7.787800
ML-KEM-1024,262144,256 KB,77,373.499999,118.199998,0.560100,0.032700,1.084500,230.520976,4.137039,0.608826,34.439834,2.302100,2.302100
ML-KEM-1024,262144,256 KB,78,202.299998,46.000001,0.403500,0.019400,0.671200,372.467221,2.560425,0.608826,30.140047,1.527100,1.527100
ML-KEM-1024,262144,256 KB,79,173.799999,39.899998,0.353800,0.014900,0.582400,429.258244,2.221680,0.608826,29.842033,2.254400,2.254400
ML-KEM-1024,262144,256 KB,80,192.900006,39.300001,0.347800,0.021000,0.601000,415.973378,2.292633,0.608826,32.096507,9.817300,9.817300
ML-KEM-1024,262144,256 KB,81,269.800003,57.600002,0.533500,0.018600,0.879500,284.252415,3.355026,0.608826,30.676521,1.936900,1.936900
ML-KEM-1024,262144,256 KB,82,308.900002,56.000004,0.613900,0.026100,1.004900,248.780974,3.833389,0.608826,30.739377,5.332300,5.332300
ML-KEM-1024,262144,256 KB,84,210.099999,40.699997,0.359800,0.020500,0.631100,396.133733,2.407455,0.608826,33.291079,1.503800,1.503800
ML-KEM-1024,262144,256 KB,86,175.200003,38.899998,0.326900,0.020200,0.561200,445.473983,2.140808,0.608826,31.218817,6.934400,6.934400
ML-KEM-1024,262144,256 KB,87,283.900001,60.900005,0.720600,0.025300,1.090700,229.210600,4.160690,0.608826,26.029156,1.643200,1.643200
ML-KEM-1024,262144,256 KB,88,395.499999,52.800002,0.546500,0.024800,1.019600,245.194194,3.889465,0.608826,38.789721,1.753400,1.753400
ML-KEM-1024,262144,256 KB,89,160.600001,38.800004,0.350000,0.013700,0.563100,443.970874,2.148056,0.608826,28.520689,1.480200,1.480200
ML-KEM-1024,262144,256 KB,90,172.600005,31.900003,0.344200,0.019900,0.568600,439.676398,2.169037,0.608826,30.355259,4.075200,4.075200
ML-KEM-1024,262144,256 KB,91,358.600002,67.000001,0.765400,0.032600,1.223600,204.315136,4.667664,0.608826,29.306963,3.351800,3.351800
ML-KEM-1024,262144,256 KB,92,569.799995,77.899997,0.613100,0.037100,1.297900,192.618846,4.951096,0.608826,43.901687,3.301400,3.301400
ML-KEM-1024,262144,256 KB,93,327.800000,65.400003,0.677600,0.029000,1.099800,227.314057,4.195404,0.608826,29.805419,3.340000,3.340000
ML-KEM-1024,262144,256 KB,94,324.799999,48.500006,0.369600,0.023300,0.766200,326.285566,2.922821,0.608826,42.391021,2.307100,2.307100
ML-KEM-1024,262144,256 KB,95,289.099997,52.000003,0.719200,0.026000,1.086300,230.139004,4.143906,0.608826,26.613274,1.763000,1.763000
ML-KEM-1024,262144,256 KB,96,252.699996,43.799999,0.404400,0.020800,0.721700,346.404322,2.753067,0.608826,35.014548,1.729000,1.729000
ML-KEM-1024,262144,256 KB,98,166.700003,28.700000,0.424800,0.093500,0.713700,350.287236,2.722549,0.608826,23.357153,4.176300,4.176300
ML-KEM-1024,262144,256 KB,99,236.000000,51.399998,0.424200,0.017000,0.728600,343.123797,2.779388,0.608826,32.390886,2.419700,2.419700
ML-KEM-1024,262144,256 KB,100,225.399999,42.000000,0.403100,0.022900,0.693400,360.542253,2.645111,0.608826,32.506489,1.745100,1.745100
ML-KEM-1024,262144,256 KB,101,237.000000,50.800001,0.633900,0.025600,0.947300,263.907948,3.613663,0.608826,25.018474,1.774800,1.774800
ML-KEM-1024,262144,256 KB,102,173.400003,37.799997,0.315400,0.096400,0.623000,401.284109,2.376556,0.608826,27.833066,1.404200,1.404200
ML-KEM-1024,262144,256 KB,103,171.799998,38.999999,0.349800,0.014800,0.575400,434.480366,2.194977,0.608826,29.857490,3.738700,3.738700
ML-KEM-1024,262144,256 KB,104,273.400001,73.299998,0.581600,0.030500,0.958800,260.742596,3.657532,0.608826,28.514810,2.720700,2.720700
ML-KEM-1024,262144,256 KB,105,270.700002,46.600006,0.518200,0.026300,0.861800,290.090508,3.287506,0.608826,31.411001,1.613100,1.613100
ML-KEM-1024,262144,256 KB,106,187.199999,76.999997,0.428400,0.020700,0.713300,350.483666,2.721024,0.608826,26.244217,1.837500,1.837500
ML-KEM-1024,262144,256 KB,107,175.000001,40.300001,0.350600,0.014300,0.580200,430.885900,2.213287,0.608826,30.162013,1.542700,1.542700
ML-KEM-1024,262144,256 KB,109,230.000005,50.499999,0.457900,0.018400,0.756800,330.338266,2.886963,0.608826,30.391121,1.936000,1.936000
ML-KEM-1024,262144,256 KB,110,240.300003,44.699998,0.732400,0.023600,1.041000,240.153699,3.971100,0.608826,23.083574,1.839500,1.839500
ML-KEM-1024,262144,256 KB,111,167.200000,21.200001,0.567400,0.018400,0.774200,322.913975,2.953339,0.608826,21.596487,1.816200,1.816200
ML-KEM-1024,262144,256 KB,112,170.399995,38.100006,0.329700,0.019000,0.557200,448.671930,2.125549,0.608826,30.581478,1.630300,1.630300
ML-KEM-1024,262144,256 KB,113,171.299995,38.699996,0.437000,0.013600,0.660600,378.443842,2.519989,0.608826,25.930971,1.583800,1.583800
ML-KEM-1024,262144,256 KB,114,226.699995,45.400004,0.398800,0.021300,0.692200,361.167291,2.640533,0.608826,32.750649,2.949900,2.949900
ML-KEM-1024,262144,256 KB,115,285.700000,62.599996,0.403700,0.019200,0.771200,324.170124,2.941895,0.608826,37.046162,1.865500,1.865500
ML-KEM-1024,262144,256 KB,116,199.800001,39.099999,0.354800,0.019500,0.613200,407.697327,2.339172,0.608826,32.583170,2.461100,2.461100
ML-KEM-1024,262144,256 KB,117,198.000002,41.000007,0.362700,0.016300,0.618000,404.530741,2.357483,0.608826,32.038835,1.454200,1.454200
ML-KEM-1024,262144,256 KB,118,215.200002,32.600001,0.383100,0.018700,0.649600,384.852218,2.478027,0.608826,33.128079,1.625300,1.625300
ML-KEM-1024,262144,256 KB,120,215.700005,46.300003,0.462700,0.024600,0.749300,333.644735,2.858353,0.608826,28.786868,2.428200,2.428200
ML-KEM-1024,262144,256 KB,121,191.400002,41.400002,0.358900,0.016000,0.607700,411.387198,2.318192,0.608826,31.495804,1.615500,1.615500
ML-KEM-1024,262144,256 KB,122,232.300001,45.999994,0.381600,0.020300,0.680200,367.538960,2.594757,0.608826,34.151720,1.873700,1.873700
ML-KEM-1024,262144,256 KB,123,244.299998,46.700006,0.480000,0.021000,0.792000,315.656566,3.021240,0.608826,30.845959,1.828900,1.828900
ML-KEM-1024,262144,256 KB,124,164.199999,27.700000,0.322600,0.093700,0.608200,411.049000,2.320099,0.608826,26.997698,3.452900,3.452900
ML-KEM-1024,262144,256 KB,126,163.299999,40.300001,0.671100,0.022100,0.896800,278.768957,3.421020,0.608826,18.209188,1.716800,1.716800
ML-KEM-1024,262144,256 KB,127,173.700006,25.599998,0.332800,0.013200,0.545300,458.463233,2.080154,0.608826,31.854026,1.388100,1.388100
ML-KEM-1024,262144,256 KB,128,220.000002,39.500002,0.358800,0.019800,0.638100,391.788122,2.434158,0.608826,34.477355,1.919000,1.919000
ML-KEM-1024,262144,256 KB,129,211.099999,24.100002,0.585500,0.033600,0.854300,292.637247,3.258896,0.608826,24.710289,2.245200,2.245200
ML-KEM-1024,262144,256 KB,130,277.300001,51.900002,0.463100,0.024200,0.816500,306.184934,3.114700,0.608826,33.962033,2.044300,2.044300
ML-KEM-1024,262144,256 KB,131,189.599996,41.599997,0.371900,0.016400,0.619500,403.551249,2.363205,0.608826,30.605326,1.682000,1.682000
ML-KEM-1024,262144,256 KB,132,196.800000,39.900006,0.374000,0.020500,0.631200,396.070978,2.407837,0.608826,31.178707,1.587700,1.587700
ML-KEM-1024,262144,256 KB,133,202.600000,52.399999,0.409800,0.018700,0.683500,365.764447,2.607346,0.608826,29.641551,1.716000,1.716000
ML-KEM-1024,262144,256 KB,134,170.300002,38.600003,0.350500,0.019300,0.578700,432.002761,2.207565,0.608826,29.428028,3.541100,3.541100
ML-KEM-1024,262144,256 KB,135,289.800002,98.000004,0.794200,0.030700,1.212700,206.151562,4.626083,0.608826,23.897089,2.364100,2.364100
ML-KEM-1024,262144,256 KB,136,194.699998,39.700004,0.355100,0.020000,0.609500,410.172273,2.325058,0.608826,31.944216,1.728900,1.728900
ML-KEM-1024,262144,256 KB,138,213.200001,39.999999,0.338300,0.020400,0.611900,408.563489,2.334213,0.608826,34.842294,1.846900,1.846900
ML-KEM-1024,262144,256 KB,140,274.899998,50.399998,0.422600,0.024900,0.772800,323.498962,2.947998,0.608826,35.571946,1.964900,1.964900
ML-KEM-1024,262144,256 KB,141,255.799998,49.100003,0.489700,0.022400,0.817000,305.997552,3.116608,0.608826,31.309669,1.551300,1.551300
ML-KEM-1024,262144,256 KB,143,239.199995,47.299996,0.441900,0.019000,0.747400,334.492908,2.851105,0.608826,32.004281,2.178800,2.178800
ML-KEM-1024,262144,256 KB,145,227.400000,54.199998,0.369900,0.018800,0.670300,372.967330,2.556992,0.608826,33.925108,1.982800,1.982800
ML-KEM-1024,262144,256 KB,146,257.799999,54.700002,0.542100,0.143700,0.998300,250.425724,3.808212,0.608826,25.823901,1.780100,1.780100
ML-KEM-1024,262144,256 KB,147,175.599998,38.300001,0.351400,0.014500,0.579800,431.183168,2.211761,0.608826,30.286305,2.593500,2.593500
ML-KEM-1024,262144,256 KB,148,249.899997,50.499999,1.050800,0.073400,1.424600,175.487856,5.434418,0.608826,17.541766,2.870500,2.870500
ML-KEM-1024,262144,256 KB,149,258.000000,97.799995,0.924800,0.118900,1.399500,178.635227,5.338669,0.608826,18.435155,1.771900,1.771900
ML-KEM-1024,262144,256 KB,150,194.000000,29.000003,0.338800,0.021000,0.582800,428.963624,2.223206,0.608826,33.287577,1.753800,1.753800
ML-KEM-1024,262144,256 KB,151,199.900001,41.699997,0.359000,0.014500,0.615100,406.437979,2.346420,0.608826,32.498781,1.672500,1.672500
ML-KEM-1024,262144,256 KB,152,194.699998,39.099999,0.355400,0.020700,0.609900,409.903261,2.326584,0.608826,31.923266,2.230600,2.230600
ML-KEM-1024,262144,256 KB,153,223.499999,40.800005,0.424800,0.021300,0.710400,351.914413,2.709961,0.608826,31.461148,2.199700,2.199700
ML-KEM-1024,262144,256 KB,154,222.099996,54.500000,0.859100,0.024400,1.160100,215.498664,4.425430,0.608826,19.144901,2.902900,2.902900
ML-KEM-1024,262144,256 KB,155,244.600000,49.700000,0.527500,0.024300,0.846100,295.473350,3.227615,0.608826,28.909113,1.792600,1.792600
ML-KEM-1024,262144,256 KB,156,179.499999,26.000002,0.316900,0.020000,0.542400,460.914450,2.069092,0.608826,33.093657,2.204200,2.204200
ML-KEM-1024,262144,256 KB,157,203.299998,51.200004,0.441800,0.014900,0.711200,351.518559,2.713013,0.608826,28.585489,2.967600,2.967600
ML-KEM-1024,262144,256 KB,158,340.400002,110.700006,0.577200,0.026900,1.055200,236.921910,4.025269,0.608826,32.259287,2.875800,2.875800
ML-KEM-1024,262144,256 KB,159,195.300003,113.399998,0.425100,0.016800,0.750600,333.066881,2.863312,0.608826,26.019185,1.826400,1.826400
ML-KEM-1024,262144,256 KB,160,210.400001,30.200004,0.338800,0.018700,0.598100,417.990303,2.281570,0.608826,35.178064,1.724200,1.724200
ML-KEM-1024,262144,256 KB,161,174.900000,40.399995,0.448200,0.015400,0.678900,368.242748,2.589798,0.608826,25.762263,2.283600,2.283600
ML-KEM-1024,262144,256 KB,162,184.800003,40.200001,0.361100,0.020100,0.606200,412.405145,2.312469,0.608826,30.484989,4.218100,4.218100
ML-KEM-1024,262144,256 KB,163,272.800004,58.800004,0.476000,0.017600,0.825200,302.956857,3.147888,0.608826,33.058653,2.241200,2.241200
ML-KEM-1024,262144,256 KB,164,184.799996,39.200000,0.340500,0.019800,0.584300,427.862397,2.228928,0.608826,31.627588,1.590100,1.590100
ML-KEM-1024,262144,256 KB,165,265.200004,51.899995,0.411200,0.016100,0.744400,335.840946,2.839661,0.608826,35.626008,1.730100,1.730100
ML-KEM-1024,262144,256 KB,166,214.500003,24.100002,0.317000,0.018400,0.574000,435.540066,2.189636,0.608826,37.369338,2.537300,2.537300
ML-KEM-1024,262144,256 KB,167,210.800004,39.599996,1.064400,0.031000,1.345800,185.763115,5.133820,0.608826,15.663546,2.188800,2.188800
ML-KEM-1024,262144,256 KB,168,365.000000,132.599998,0.514000,0.025500,1.037100,241.056792,3.956223,0.608826,35.194292,2.144800,2.144800
ML-KEM-1024,262144,256 KB,169,228.100005,57.500001,0.368100,0.016800,0.670500,372.856079,2.557755,0.608826,34.019389,1.901800,1.901800
ML-KEM-1024,262144,256 KB,170,197.199995,39.599996,0.358400,0.020400,0.615600,406.107866,2.348328,0.608826,32.033788,1.275500,1.275500
ML-KEM-1024,262144,256 KB,171,220.200003,30.199997,0.428000,0.021400,0.699800,357.244926,2.669525,0.608826,31.466134,2.363500,2.363500
ML-KEM-1024,262144,256 KB,172,183.800003,39.500002,0.573200,0.101900,0.898400,278.272484,3.427124,0.608826,20.458593,2.785200,2.785200
ML-KEM-1024,262144,256 KB,173,294.500001,84.499996,0.505500,0.028200,0.912700,273.912567,3.481674,0.608826,32.266901,2.213200,2.213200
ML-KEM-1024,262144,256 KB,174,240.100002,50.600000,0.514200,0.020400,0.825300,302.920151,3.148270,0.608826,29.092452,1.585900,1.585900
ML-KEM-1024,262144,256 KB,175,180.399998,40.500003,0.368700,0.014200,0.603800,414.044386,2.303314,0.608826,29.877443,2.780000,2.780000
ML-KEM-1024,262144,256 KB,176,264.900002,42.799998,0.366900,0.022000,0.696600,358.886018,2.657318,0.608826,38.027563,4.180700,4.180700
ML-KEM-1024,262144,256 KB,177,507.199999,69.700000,0.490300,0.030400,1.097600,227.769680,4.187012,0.608826,46.209913,3.401400,3.401400
ML-KEM-1024,262144,256 KB,178,185.999997,41.199994,0.377100,0.019300,0.623600,400.898013,2.378845,0.608826,29.826812,2.116000,2.116000
ML-KEM-1024,262144,256 KB,179,182.600001,40.799998,0.706200,0.022300,0.951900,262.632629,3.631210,0.608826,19.182687,2.021100,2.021100
ML-KEM-1024,262144,256 KB,180,269.299999,31.700001,0.339400,0.018800,0.659200,379.247573,2.514648,0.608826,40.852548,4.889600,4.889600
ML-KEM-1024,262144,256 KB,182,333.000004,43.599997,0.533800,0.020300,0.930700,268.615021,3.550339,0.608826,35.779521,2.236600,2.236600
ML-KEM-1024,262144,256 KB,183,184.099998,39.999999,0.430100,0.014500,0.668700,373.859729,2.550888,0.608826,27.531030,1.571300,1.571300
ML-KEM-1024,262144,256 KB,185,240.400004,289.700001,0.621800,0.045200,1.197100,208.838025,4.566574,0.608826,20.081865,2.519600,2.519600
ML-KEM-1024,262144,256 KB,186,177.300004,38.300001,0.359700,0.019300,0.594600,420.450722,2.268219,0.608826,29.818366,1.381800,1.381800
ML-KEM-1024,262144,256 KB,187,164.300007,29.299998,0.335900,0.014400,0.543900,459.643316,2.074814,0.608826,30.207760,1.813500,1.813500
ML-KEM-1024,262144,256 KB,189,340.599996,49.499999,0.454900,0.020500,0.865500,288.850376,3.301620,0.608826,39.352975,3.256100,3.256100
ML-KEM-1024,262144,256 KB,190,243.199996,84.100000,0.390100,0.023700,0.741100,337.336390,2.827072,0.608826,32.816084,1.891100,1.891100
ML-KEM-1024,262144,256 KB,191,261.400004,52.700001,0.379400,0.017400,0.710900,351.666901,2.711868,0.608826,36.770292,4.876100,4.876100
ML-KEM-1024,262144,256 KB,192,395.399999,57.600002,0.916200,0.027800,1.397000,178.954903,5.329132,0.608826,28.303507,2.606300,2.606300
ML-KEM-1024,262144,256 KB,193,316.800004,56.999997,0.370900,0.022000,0.766700,326.072778,2.924728,0.608826,41.319943,2.819400,2.819400
ML-KEM-1024,262144,256 KB,194,172.900000,38.400001,0.395800,0.094600,0.701700,356.277610,2.676773,0.608826,24.640159,1.976700,1.976700
ML-KEM-1024,262144,256 KB,195,174.399996,38.700004,0.338600,0.018400,0.570100,438.519560,2.174759,0.608826,30.591124,6.019000,6.019000
ML-KEM-1024,262144,256 KB,196,280.300002,47.599999,0.441300,0.025700,0.794900,314.504970,3.032303,0.608826,35.262297,2.905400,2.905400
ML-KEM-1024,262144,256 KB,197,256.699997,179.799994,0.491100,0.025500,0.953100,262.301961,3.635788,0.608826,26.933165,1.911100,1.911100
ML-KEM-1024,262144,256 KB,198,179.600000,40.200001,0.351300,0.019500,0.590600,423.298345,2.252960,0.608826,30.409753,1.853100,1.853100
ML-KEM-1024,262144,256 KB,199,171.000000,37.999998,0.330400,0.014000,0.553400,451.752800,2.111053,0.608826,30.899891,4.379200,4.379200
ML-KEM-1024,262144,256 KB,200,483.900003,54.199998,0.706600,0.032000,1.276700,195.817341,4.870224,0.608826,37.902405,2.131000,2.131000
ML-KEM-1024,262144,256 KB,202,257.700005,48.300004,0.475000,0.021600,0.802600,311.487665,3.061676,0.608826,32.108149,12.044500,12.044500
ML-KEM-1024,262144,256 KB,203,351.299997,92.899994,0.586400,0.026800,1.057400,236.428977,4.033661,0.608826,33.223000,2.841200,2.841200
ML-KEM-1024,262144,256 KB,204,580.000000,64.599997,0.530600,0.025200,1.200400,208.263912,4.579163,0.608826,48.317228,4.840800,4.840800
ML-KEM-1024,262144,256 KB,205,354.600001,65.499997,0.702600,0.028200,1.150900,217.221304,4.390335,0.608826,30.810670,4.394100,4.394100
ML-KEM-1024,262144,256 KB,206,284.800000,216.399996,0.978300,0.031800,1.511300,165.420498,5.765152,0.608826,18.844703,2.095900,2.095900
ML-KEM-1024,262144,256 KB,207,245.800002,42.499996,0.458300,0.021800,0.768400,325.351379,2.931213,0.608826,31.988548,6.867100,6.867100
ML-KEM-1024,262144,256 KB,208,572.400000,126.500003,0.728900,0.033000,1.460800,171.139101,5.572510,0.608826,39.184009,3.114200,3.114200
ML-KEM-1024,262144,256 KB,209,281.900000,56.800003,0.514300,0.020200,0.873200,286.303253,3.330994,0.608826,32.283555,3.080700,3.080700
ML-KEM-1024,262144,256 KB,210,263.099995,49.399998,0.511800,0.023100,0.847400,295.020062,3.232574,0.608826,31.047911,6.322400,6.322400
ML-KEM-1024,262144,256 KB,211,321.200001,70.100003,0.532000,0.023000,0.946300,264.186834,3.609848,0.608826,33.942725,2.451900,2.451900
ML-KEM-1024,262144,256 KB,212,251.799996,31.800002,0.463800,0.023400,0.770800,324.338348,2.940369,0.608826,32.667358,2.182000,2.182000
ML-KEM-1024,262144,256 KB,213,327.200003,55.500001,0.500000,0.022400,0.905100,276.212575,3.452682,0.608826,36.150702,2.874500,2.874500
ML-KEM-1024,262144,256 KB,214,271.199999,51.399998,0.902100,0.026400,1.251100,199.824154,4.772568,0.608826,21.676924,2.604500,2.604500
ML-KEM-1024,262144,256 KB,215,246.400006,59.100006,0.621100,0.018300,0.944900,264.578260,3.604507,0.608826,26.076834,2.777900,2.777900
ML-KEM-1024,262144,256 KB,216,390.000001,77.199998,0.842600,0.136500,1.446300,172.854871,5.517197,0.608826,26.965360,2.463200,2.463200
ML-KEM-1024,262144,256 KB,217,264.800001,47.100002,0.443500,0.016500,0.771900,323.876150,2.944565,0.608826,34.304962,2.374300,2.374300
ML-KEM-1024,262144,256 KB,219,335.400000,40.699997,0.376100,0.015500,0.767700,325.648041,2.928543,0.608826,43.688941,1.705800,1.705800
ML-KEM-1024,262144,256 KB,220,266.600000,49.900002,0.434800,0.022800,0.774100,322.955690,2.952957,0.608826,34.439995,1.583900,1.583900
ML-KEM-1024,262144,256 KB,221,194.400003,39.099999,0.357900,0.014100,0.605500,412.881917,2.309799,0.608826,32.105698,2.645800,2.645800
ML-KEM-1024,262144,256 KB,222,208.099998,41.400002,0.364400,0.021200,0.635100,393.638794,2.422714,0.608826,32.766493,1.293500,1.293500
ML-KEM-1024,262144,256 KB,223,194.399996,39.599996,0.513400,0.023300,0.770700,324.380435,2.939987,0.608826,25.223822,2.446200,2.446200
ML-KEM-1024,262144,256 KB,224,240.000001,49.099996,0.473700,0.022000,0.784800,318.552497,2.993774,0.608826,30.581040,2.788700,2.788700
ML-KEM-1024,262144,256 KB,225,319.400002,47.599999,0.712600,0.023400,1.103000,226.654578,4.207611,0.608826,28.957389,5.124200,5.124200
ML-KEM-1024,262144,256 KB,226,798.200002,64.200001,0.527800,0.024500,1.414700,176.715912,5.396652,0.608826,56.421857,4.237200,4.237200
ML-KEM-1024,262144,256 KB,227,333.500000,59.400001,0.652600,0.024800,1.070300,233.579372,4.082870,0.608826,31.159488,2.278200,2.278200
ML-KEM-1024,262144,256 KB,228,286.800001,58.699996,0.553700,0.028800,0.928000,269.396551,3.540039,0.608826,30.905172,1.610600,1.610600
ML-KEM-1024,262144,256 KB,229,194.900000,41.200001,0.382400,0.017100,0.635600,393.329137,2.424622,0.608826,30.663939,1.576400,1.576400
ML-KEM-1024,262144,256 KB,231,256.399995,48.399997,0.366500,0.015800,0.687100,363.848057,2.621078,0.608826,37.316256,2.617300,2.617300
ML-KEM-1024,262144,256 KB,232,351.299997,58.899997,0.516000,0.034000,0.960200,260.362425,3.662872,0.608826,36.586128,2.715700,2.715700
ML-KEM-1024,262144,256 KB,233,213.299994,47.499998,0.362900,0.016700,0.640400,390.381015,2.442932,0.608826,33.307307,1.962400,1.962400
ML-KEM-1024,262144,256 KB,234,189.999999,40.500003,0.432800,0.027800,0.691100,361.742149,2.636337,0.608826,27.492403,1.945500,1.945500
ML-KEM-1024,262144,256 KB,235,188.400001,40.499996,0.357500,0.015200,0.601600,415.558508,2.294922,0.608826,31.316489,1.817400,1.817400
ML-KEM-1024,262144,256 KB,236,195.799999,51.300005,0.424800,0.025000,0.696900,358.731524,2.658463,0.608826,28.095853,2.829500,2.829500
ML-KEM-1024,262144,256 KB,237,268.199998,50.600000,0.367700,0.019800,0.706300,353.957241,2.694321,0.608826,37.972533,2.217700,2.217700
ML-KEM-1024,262144,256 KB,238,252.600003,52.000003,0.492200,0.116100,0.912900,273.852559,3.482437,0.608826,27.670063,1.481700,1.481700
ML-KEM-1024,262144,256 KB,239,187.099999,45.499997,0.459500,0.016600,0.708700,352.758573,2.703476,0.608826,26.400451,1.823800,1.823800
ML-KEM-1024,262144,256 KB,240,176.900001,38.200000,0.349100,0.020800,0.585000,427.350426,2.231598,0.608826,30.239316,1.413800,1.413800
ML-KEM-1024,262144,256 KB,242,174.599998,39.200000,0.379600,0.020900,0.614300,406.967280,2.343369,0.608826,28.422595,2.535400,2.535400
ML-KEM-1024,262144,256 KB,243,227.299999,64.899999,0.427400,0.016600,0.736200,339.581634,2.808380,0.608826,30.874762,2.150700,2.150700
ML-KEM-1024,262144,256 KB,244,182.900003,23.699999,0.317700,0.019200,0.543500,459.981596,2.073288,0.608826,33.652254,1.584000,1.584000
ML-KEM-1024,262144,256 KB,245,242.199996,48.100002,0.408400,0.022700,0.721400,346.548378,2.751923,0.608826,33.573606,1.693000,1.693000
ML-KEM-1024,262144,256 KB,246,176.099995,41.299994,0.344500,0.019400,0.581300,430.070535,2.217484,0.608826,30.294168,1.399000,1.399000
ML-KEM-1024,262144,256 KB,247,238.400004,23.799999,0.313400,0.013500,0.589100,424.376164,2.247238,0.608826,40.468512,1.443900,1.443900
ML-KEM-1024,262144,256 KB,248,163.199998,25.599998,0.382100,0.023200,0.594100,420.804580,2.266312,0.608826,27.470123,2.690700,2.690700
ML-KEM-1024,262144,256 KB,250,202.700001,39.600003,0.370300,0.019800,0.632400,395.319419,2.412415,0.608826,32.052499,1.819100,1.819100
ML-KEM-1024,262144,256 KB,251,199.599999,47.800000,0.407700,0.016100,0.671200,372.467225,2.560425,0.608826,29.737783,1.501900,1.501900
ML-KEM-1024,262144,256 KB,252,194.900000,39.300001,0.357600,0.019700,0.611500,408.830744,2.332687,0.608826,31.872445,1.741600,1.741600
ML-KEM-1024,262144,256 KB,253,182.900003,38.200000,0.347300,0.014200,0.582600,429.110884,2.222443,0.608826,31.393753,2.166800,2.166800
ML-KEM-1024,262144,256 KB,254,208.999998,45.700006,0.507400,0.023800,0.785900,318.106628,2.997971,0.608826,26.593714,2.403100,2.403100
ML-KEM-1024,262144,256 KB,255,187.199999,44.100001,0.325700,0.017400,0.574400,435.236768,2.191162,0.608826,32.590529,2.327200,2.327200
ML-KEM-1024,262144,256 KB,256,201.900002,39.899998,0.410600,0.024100,0.676500,369.549150,2.580643,0.608826,29.844790,1.504000,1.504000
ML-KEM-1024,262144,256 KB,257,176.000001,27.199996,0.334900,0.014700,0.552800,452.243129,2.108765,0.608826,31.837917,1.630700,1.630700
ML-KEM-1024,262144,256 KB,258,242.900001,48.499998,0.455600,0.020900,0.767900,325.563226,2.929306,0.608826,31.631723,1.876100,1.876100
ML-KEM-1024,262144,256 KB,259,212.400002,45.300003,0.720500,0.027600,1.005800,248.558360,3.836823,0.608826,21.117519,2.375200,2.375200
ML-KEM-1024,262144,256 KB,260,268.999996,53.199998,0.588600,0.095100,1.005900,248.533652,3.837204,0.608826,26.742221,2.098900,2.098900
ML-KEM-1024,262144,256 KB,261,237.000000,48.399997,0.482700,0.183600,0.951700,262.687822,3.630447,0.608826,24.902806,1.757400,1.757400
ML-KEM-1024,262144,256 KB,262,167.999999,39.800005,0.361000,0.019300,0.588100,425.097775,2.243423,0.608826,28.566570,1.588300,1.588300
ML-KEM-1024,262144,256 KB,263,201.299998,39.200000,0.458700,0.029200,0.728400,343.218011,2.778625,0.608826,27.635914,1.538400,1.538400
ML-KEM-1024,262144,256 KB,264,163.800003,37.899998,0.337200,0.019000,0.557900,448.108981,2.128220,0.608826,29.360101,2.680100,2.680100
ML-KEM-1024,262144,256 KB,265,260.700006,49.299997,0.453000,0.023900,0.786900,317.702375,3.001785,0.608826,33.130004,2.553200,2.553200
ML-KEM-1024,262144,256 KB,266,195.400004,44.300003,0.401400,0.021700,0.662800,377.187686,2.528381,0.608826,29.480990,1.525300,1.525300
ML-KEM-1024,262144,256 KB,267,173.000000,40.300001,0.363000,0.015400,0.591700,422.511407,2.257156,0.608826,29.237789,1.353000,1.353000
ML-KEM-1024,262144,256 KB,268,287.499999,72.899995,0.471000,0.020800,0.852200,293.358367,3.250885,0.608826,33.736212,1.937700,1.937700
ML-KEM-1024,262144,256 KB,269,180.600000,38.099999,0.321900,0.013800,0.554400,450.937950,2.114868,0.608826,32.575757,1.482600,1.482600
ML-KEM-1024,262144,256 KB,270,588.499999,71.200004,0.744700,0.030100,1.434500,174.276751,5.472183,0.608826,41.024747,2.661800,2.661800
ML-KEM-1024,262144,256 KB,271,340.499995,57.800004,0.561100,0.018600,0.978000,255.623723,3.730774,0.608826,34.815951,1.966900,1.966900
ML-KEM-1024,262144,256 KB,272,186.599995,41.699997,0.359800,0.020700,0.608800,410.643889,2.322388,0.608826,30.650459,1.638900,1.638900
ML-KEM-1024,262144,256 KB,273,223.700001,27.499998,0.338300,0.016200,0.605700,412.745584,2.310562,0.608826,36.932475,1.575300,1.575300
ML-KEM-1024,262144,256 KB,274,214.399995,50.299997,0.354500,0.020100,0.639300,391.052714,2.438736,0.608826,33.536680,1.604900,1.604900
ML-KEM-1024,262144,256 KB,275,177.800001,24.400004,0.343600,0.013900,0.559700,446.667853,2.135086,0.608826,31.767018,2.962300,2.962300
ML-KEM-1024,262144,256 KB,276,230.399994,53.399999,0.414800,0.027200,0.725800,344.447504,2.768707,0.608826,31.744281,2.097300,2.097300
ML-KEM-1024,262144,256 KB,277,281.499997,56.400000,0.513300,0.023300,0.874500,285.877644,3.335953,0.608826,32.189822,1.957900,1.957900
ML-KEM-1024,262144,256 KB,278,214.399995,45.500004,0.449100,0.022300,0.731300,341.856969,2.789688,0.608826,29.317653,2.020900,2.020900
ML-KEM-1024,262144,256 KB,279,196.600005,38.999999,0.357300,0.015700,0.608600,410.778837,2.321625,0.608826,32.303649,1.451500,1.451500
ML-KEM-1024,262144,256 KB,280,198.099995,48.199996,0.421200,0.019600,0.687100,363.848057,2.621078,0.608826,28.831319,3.021800,3.021800
ML-KEM-1024,262144,256 KB,281,267.800002,44.100001,0.444600,0.023600,0.780100,320.471733,2.975845,0.608826,34.328932,2.319600,2.319600
ML-KEM-1024,262144,256 KB,282,246.999996,47.599999,0.460300,0.023600,0.778500,321.130380,2.969742,0.608826,31.727681,1.508200,1.508200
ML-KEM-1024,262144,256 KB,284,200.500006,37.899998,0.347400,0.018900,0.604700,413.428147,2.306747,0.608826,33.156938,1.506700,1.506700
ML-KEM-1024,262144,256 KB,286,225.900003,48.299997,0.564500,0.169600,1.008300,247.942080,3.846359,0.608826,22.404047,2.587400,2.587400
ML-KEM-1024,262144,256 KB,287,239.900000,54.299999,0.488700,0.027500,0.810400,308.489634,3.091431,0.608826,29.602665,2.449800,2.449800
ML-KEM-1024,262144,256 KB,288,201.999996,40.399995,0.360900,0.019700,0.623000,401.284109,2.376556,0.608826,32.423755,1.599500,1.599500
ML-KEM-1024,262144,256 KB,289,236.100001,36.699996,0.474300,0.025000,0.772100,323.792255,2.945328,0.608826,30.578941,1.571000,1.571000
ML-KEM-1024,262144,256 KB,291,201.200004,39.499995,0.405300,0.013900,0.659900,378.845277,2.517319,0.608826,30.489469,3.366400,3.366400
ML-KEM-1024,262144,256 KB,292,326.000001,64.899999,0.718600,0.037000,1.146500,218.054950,4.373550,0.608826,28.434366,2.333500,2.333500
ML-KEM-1024,262144,256 KB,293,194.699998,43.199994,0.363300,0.015800,0.617000,405.186382,2.353668,0.608826,31.555915,1.640100,1.640100
ML-KEM-1024,262144,256 KB,294,212.900006,42.000000,0.372500,0.023700,0.651100,383.965595,2.483749,0.608826,32.698511,1.488000,1.488000
ML-KEM-1024,262144,256 KB,295,173.000000,40.400002,0.354600,0.013800,0.581800,429.700923,2.219391,0.608826,29.735304,1.602400,1.602400
ML-KEM-1024,262144,256 KB,296,236.599997,41.300002,0.353200,0.021000,0.652100,383.376781,2.487564,0.608826,36.282778,1.714900,1.714900
ML-KEM-1024,262144,256 KB,297,330.800001,66.199995,0.817400,0.032800,1.247200,200.449006,4.757690,0.608826,26.523413,2.776100,2.776100
ML-KEM-1024,262144,256 KB,298,287.899995,61.300001,0.516300,0.028800,0.894300,279.548250,3.411484,0.608826,32.192776,2.151900,2.151900
ML-KEM-1024,262144,256 KB,299,262.100002,42.200001,0.437200,0.024700,0.766200,326.285566,2.922821,0.608826,34.207779,1.784800,1.784800
ML-KEM-1024,524288,512 KB,1,239.200002,65.299995,0.886100,0.072100,1.262700,395.976874,2.408409,0.304413,18.943534,2.854400,2.854400
ML-KEM-1024,524288,512 KB,2,263.300004,46.399997,0.738400,0.028500,1.076600,464.425043,2.053452,0.304413,24.456623,1.863200,1.863200
ML-KEM-1024,524288,512 KB,3,222.099996,49.900002,0.769000,0.053900,1.094900,456.662709,2.088356,0.304413,20.284957,2.153800,2.153800
ML-KEM-1024,524288,512 KB,4,182.000003,28.700000,0.720300,0.041300,0.972300,514.244573,1.854515,0.304413,18.718503,1.746400,1.746400
ML-KEM-1024,524288,512 KB,6,600.600004,58.199999,1.200600,0.050000,1.909400,261.862366,3.641891,0.304413,31.454908,2.144300,2.144300
ML-KEM-1024,524288,512 KB,7,209.200000,36.500001,0.696300,0.039500,0.981500,509.424350,1.872063,0.304413,21.314315,10.219700,10.219700
ML-KEM-1024,524288,512 KB,8,319.100000,57.799996,0.950900,0.053700,1.381500,361.925444,2.635002,0.304413,23.098082,2.663600,2.663600
ML-KEM-1024,524288,512 KB,9,188.999998,40.800005,0.733300,0.040100,1.003200,498.405104,1.913452,0.304413,18.839713,9.031500,9.031500
ML-KEM-1024,524288,512 KB,10,265.399998,46.400004,0.688000,0.028800,1.028600,486.097607,1.961899,0.304413,25.802061,2.108100,2.108100
ML-KEM-1024,524288,512 KB,13,210.099999,29.900002,0.749300,0.047200,1.036500,482.392669,1.976967,0.304413,20.270140,2.379200,2.379200
ML-KEM-1024,524288,512 KB,14,782.800002,57.600002,0.822500,0.046500,1.709400,292.500293,3.260422,0.304413,45.793846,5.973200,5.973200
ML-KEM-1024,524288,512 KB,15,349.000002,91.700000,0.942100,0.035900,1.418700,352.435329,2.705956,0.304413,24.599986,2.105000,2.105000
ML-KEM-1024,524288,512 KB,16,187.600002,40.699997,0.719600,0.041000,0.988900,505.612297,1.886177,0.304413,18.970574,2.583600,2.583600
ML-KEM-1024,524288,512 KB,17,188.699996,39.299994,0.756900,0.042000,1.026900,486.902328,1.958656,0.304413,18.375694,6.550800,6.550800
ML-KEM-1024,524288,512 KB,18,530.699996,110.299996,0.948700,0.058800,1.648500,303.306036,3.144264,0.304413,32.192902,2.640100,2.640100
ML-KEM-1024,524288,512 KB,19,191.899999,43.100001,0.886300,0.042300,1.163600,429.700929,2.219391,0.304413,16.491922,1.892800,1.892800
ML-KEM-1024,524288,512 KB,21,222.600007,50.399998,0.872500,0.057200,1.202700,415.731272,2.293968,0.304413,18.508357,2.617700,2.617700
ML-KEM-1024,524288,512 KB,22,182.700001,48.400005,0.953200,0.028800,1.213100,412.167176,2.313805,0.304413,15.060589,4.278000,4.278000
ML-KEM-1024,524288,512 KB,23,320.800005,90.200003,1.048800,0.051300,1.511100,330.884785,2.882195,0.304413,21.229568,3.183200,3.183200
ML-KEM-1024,524288,512 KB,24,223.499999,41.400002,0.775300,0.041800,1.082000,462.107211,2.063751,0.304413,20.656192,2.072400,2.072400
ML-KEM-1024,524288,512 KB,25,200.000002,159.400006,0.901600,0.050200,1.311200,381.330079,2.500916,0.304413,15.253203,2.420200,2.420200
ML-KEM-1024,524288,512 KB,28,214.200001,56.499994,0.737100,0.029600,1.037400,481.974167,1.978683,0.304413,20.647773,1.852700,1.852700
ML-KEM-1024,524288,512 KB,29,225.899996,66.500004,0.962400,0.178100,1.432900,348.942704,2.733040,0.304413,15.765231,5.123900,5.123900
ML-KEM-1024,524288,512 KB,30,229.300000,54.299999,1.467500,0.056500,1.807600,276.609870,3.447723,0.304413,12.685329,2.584800,2.584800
ML-KEM-1024,524288,512 KB,31,190.999999,41.699997,0.736300,0.040300,1.009300,495.392849,1.925087,0.304413,18.924007,2.489600,2.489600
ML-KEM-1024,524288,512 KB,32,182.900003,40.500003,2.076400,0.056400,2.356200,212.206095,4.494095,0.304413,7.762499,3.686100,3.686100
ML-KEM-1024,524288,512 KB,33,243.900002,52.999996,0.771600,0.042700,1.111200,449.964003,2.119446,0.304413,21.949244,2.295900,2.295900
ML-KEM-1024,524288,512 KB,34,199.399998,40.300001,1.073400,0.049200,1.362300,367.026351,2.598381,0.304413,14.637011,2.411300,2.411300
ML-KEM-1024,524288,512 KB,35,233.100000,42.100000,0.729800,0.042800,1.047800,477.190302,1.998520,0.304413,22.246612,3.856500,3.856500
ML-KEM-1024,524288,512 KB,36,313.899996,65.000000,1.022500,0.041900,1.443300,346.428323,2.752876,0.304413,21.748770,2.073700,2.073700
ML-KEM-1024,524288,512 KB,38,250.800003,40.899999,0.744300,0.043800,1.079800,463.048713,2.059555,0.304413,23.226524,2.183600,2.183600
ML-KEM-1024,524288,512 KB,40,261.599998,65.000000,0.945400,0.039600,1.311600,381.213783,2.501678,0.304413,19.945105,1.903700,1.903700
ML-KEM-1024,524288,512 KB,42,226.600001,39.799997,0.892600,0.030000,1.189000,420.521448,2.267838,0.304413,19.058032,3.675100,3.675100
ML-KEM-1024,524288,512 KB,43,637.500001,82.099999,1.555400,0.123000,2.398000,208.507089,4.573822,0.304413,26.584654,2.212500,2.212500
ML-KEM-1024,524288,512 KB,44,248.200005,65.399996,0.814000,0.043900,1.171500,426.803244,2.234459,0.304413,21.186513,2.106400,2.106400
ML-KEM-1024,524288,512 KB,45,160.000003,33.900003,1.490500,0.051300,1.735700,288.068214,3.310585,0.304413,9.218183,2.083100,2.083100
ML-KEM-1024,524288,512 KB,46,938.300000,61.000006,0.927300,0.068400,1.995000,250.626567,3.805161,0.304413,47.032581,3.555800,3.555800
ML-KEM-1024,524288,512 KB,47,228.000004,42.499996,0.669000,0.047200,0.986700,506.739639,1.881981,0.304413,23.107328,2.301500,2.301500
ML-KEM-1024,524288,512 KB,48,186.400001,39.599996,0.750400,0.039700,1.016100,492.077554,1.938057,0.304413,18.344651,1.897400,1.897400
ML-KEM-1024,524288,512 KB,49,232.099999,50.399998,0.882500,0.057900,1.222900,408.864176,2.332497,0.304413,18.979475,5.254100,5.254100
ML-KEM-1024,524288,512 KB,50,307.200004,64.600004,0.875800,0.046500,1.294100,386.368907,2.468300,0.304413,23.738506,1.833700,1.833700
ML-KEM-1024,524288,512 KB,51,222.499999,49.199996,0.979600,0.042600,1.293900,386.428626,2.467918,0.304413,17.196074,2.022000,2.022000
ML-KEM-1024,524288,512 KB,52,187.400001,55.600001,0.889400,0.044100,1.176500,424.989375,2.243996,0.304413,15.928602,4.311200,4.311200
ML-KEM-1024,524288,512 KB,53,549.800003,98.600001,1.212200,0.081400,1.942000,257.466529,3.704071,0.304413,28.311020,2.866000,2.866000
ML-KEM-1024,524288,512 KB,54,204.799995,40.499996,0.901300,0.059000,1.205600,414.731255,2.299500,0.304413,16.987392,2.547200,2.547200
ML-KEM-1024,524288,512 KB,55,369.800000,58.300000,0.876500,0.046700,1.351300,370.014060,2.577400,0.304413,27.366240,3.323300,3.323300
ML-KEM-1024,524288,512 KB,56,338.800004,62.999999,1.083900,0.063600,1.549300,322.726392,2.955055,0.304413,21.867941,2.598800,2.598800
ML-KEM-1024,524288,512 KB,57,238.599998,49.700000,0.874400,0.033700,1.196400,417.920428,2.281952,0.304413,19.943163,2.309700,2.309700
ML-KEM-1024,524288,512 KB,59,173.000000,25.300003,0.833600,0.044300,1.076200,464.597658,2.052689,0.304413,16.075079,4.425900,4.425900
ML-KEM-1024,524288,512 KB,60,345.200002,69.300004,0.931700,0.055700,1.401900,356.658820,2.673912,0.304413,24.623725,2.261600,2.261600
ML-KEM-1024,524288,512 KB,61,286.300005,49.799994,0.824200,0.046200,1.206500,414.421882,2.301216,0.304413,23.729797,1.891500,1.891500
ML-KEM-1024,524288,512 KB,64,206.000004,43.900000,0.741800,0.047500,1.039200,481.139339,1.982117,0.304413,19.822941,2.469900,2.469900
ML-KEM-1024,524288,512 KB,65,238.400004,46.800000,0.751000,0.044700,1.080900,462.577481,2.061653,0.304413,22.055695,2.105600,2.105600
ML-KEM-1024,524288,512 KB,66,200.499999,40.799998,0.729500,0.048500,1.019300,490.532719,1.944160,0.304413,19.670362,4.514300,4.514300
ML-KEM-1024,524288,512 KB,67,233.300001,53.699994,0.900900,0.041800,1.229700,406.603237,2.345467,0.304413,18.972107,2.380400,2.380400
ML-KEM-1024,524288,512 KB,68,200.299997,40.499996,0.756200,0.041500,1.038500,481.463647,1.980782,0.304413,19.287433,2.355600,2.355600
ML-KEM-1024,524288,512 KB,69,225.199998,41.500003,1.074900,0.059400,1.401000,356.887937,2.672195,0.304413,16.074233,3.948100,3.948100
ML-KEM-1024,524288,512 KB,70,252.700003,64.299995,0.969800,0.099700,1.386500,360.620267,2.644539,0.304413,18.225749,2.011600,2.011600
ML-KEM-1024,524288,512 KB,71,318.899998,77.500001,0.948300,0.054000,1.398700,357.474798,2.667809,0.304413,22.799743,2.186600,2.186600
ML-KEM-1024,524288,512 KB,72,211.600003,40.899999,0.773800,0.051600,1.077900,463.864922,2.055931,0.304413,19.630764,1.997500,1.997500
ML-KEM-1024,524288,512 KB,74,219.100002,44.100001,0.753100,0.028200,1.044500,478.697941,1.992226,0.304413,20.976544,2.373300,2.373300
ML-KEM-1024,524288,512 KB,75,206.199999,32.999997,0.825600,0.048700,1.113500,449.034578,2.123833,0.304413,18.518186,2.297400,2.297400
ML-KEM-1024,524288,512 KB,76,208.099998,48.399997,0.800000,0.049100,1.105600,452.243126,2.108765,0.304413,18.822359,3.906400,3.906400
ML-KEM-1024,524288,512 KB,77,311.600001,60.200000,1.007400,0.038300,1.417500,352.733685,2.703667,0.304413,21.982363,2.332900,2.332900
ML-KEM-1024,524288,512 KB,78,218.699999,39.899998,0.881300,0.026900,1.166800,428.522454,2.225494,0.304413,18.743572,2.187900,2.187900
ML-KEM-1024,524288,512 KB,79,179.900002,39.599996,0.730300,0.027000,0.976800,511.875511,1.863098,0.304413,18.417281,2.663900,2.663900
ML-KEM-1024,524288,512 KB,82,260.100001,47.699999,0.747400,0.049500,1.104700,452.611568,2.107048,0.304413,23.544854,2.388100,2.388100
ML-KEM-1024,524288,512 KB,83,188.200000,33.299999,1.087200,0.053700,1.362400,366.999411,2.598572,0.304413,13.813858,8.669600,8.669600
ML-KEM-1024,524288,512 KB,84,279.699998,51.200004,0.839100,0.029900,1.199900,416.701392,2.288628,0.304413,23.310276,2.342100,2.342100
ML-KEM-1024,524288,512 KB,85,233.200000,49.599999,0.842200,0.047100,1.172100,426.584763,2.235603,0.304413,19.895913,5.341200,5.341200
ML-KEM-1024,524288,512 KB,86,457.300004,86.499997,1.616700,0.039400,2.199900,227.283058,4.195976,0.304413,20.787309,2.461400,2.461400
ML-KEM-1024,524288,512 KB,87,203.900003,43.000000,0.748800,0.039900,1.035600,482.811897,1.975250,0.304413,19.689069,1.796000,1.796000
ML-KEM-1024,524288,512 KB,88,216.799999,31.199997,0.710700,0.040500,0.999200,500.400321,1.905823,0.304413,21.697358,9.518900,9.518900
ML-KEM-1024,524288,512 KB,89,273.500002,69.900001,0.960800,0.038500,1.342700,372.384002,2.560997,0.304413,20.369405,2.216300,2.216300
ML-KEM-1024,524288,512 KB,90,271.200006,45.299996,0.815700,0.052400,1.184600,422.083404,2.259445,0.304413,22.893804,7.096300,7.096300
ML-KEM-1024,524288,512 KB,91,254.899998,72.099996,1.506100,0.037500,1.870600,267.293916,3.567886,0.304413,13.626644,3.077700,3.077700
ML-KEM-1024,524288,512 KB,92,236.200001,32.600001,0.837000,0.046500,1.152300,433.914779,2.197838,0.304413,20.498134,4.400100,4.400100
ML-KEM-1024,524288,512 KB,93,295.700003,56.900004,1.047400,0.061200,1.461200,342.184506,2.787018,0.304413,20.236792,3.658800,3.658800
ML-KEM-1024,524288,512 KB,94,296.699996,48.100002,0.762800,0.035600,1.143200,437.368788,2.180481,0.304413,25.953464,2.544000,2.544000
ML-KEM-1024,524288,512 KB,95,197.100002,38.700004,0.723000,0.038300,0.997100,501.454215,1.901817,0.304413,19.767325,2.020400,2.020400
ML-KEM-1024,524288,512 KB,97,221.300004,42.599997,0.767300,0.028700,1.059900,471.742617,2.021599,0.304413,20.879329,2.915200,2.915200
ML-KEM-1024,524288,512 KB,98,225.500000,40.100000,0.924900,0.055400,1.245900,401.316318,2.376366,0.304413,18.099366,4.814100,4.814100
ML-KEM-1024,524288,512 KB,99,411.000001,62.900006,0.851800,0.114700,1.440400,347.125798,2.747345,0.304413,28.533741,3.361000,3.361000
ML-KEM-1024,524288,512 KB,100,206.900004,49.700000,0.987000,0.049400,1.293000,386.697602,2.466202,0.304413,16.001547,2.373000,2.373000
ML-KEM-1024,524288,512 KB,101,219.000001,49.400005,0.795200,0.028100,1.091700,458.001284,2.082252,0.304413,20.060456,3.808900,3.808900
ML-KEM-1024,524288,512 KB,102,385.500003,78.499994,1.380400,0.067900,1.912300,261.465251,3.647423,0.304413,20.158971,3.683000,3.683000
ML-KEM-1024,524288,512 KB,103,460.499999,60.099999,0.944300,0.065800,1.530700,326.647937,2.919579,0.304413,30.084275,2.354500,2.354500
ML-KEM-1024,524288,512 KB,104,196.599998,38.999999,0.965200,0.035300,1.236100,404.498016,2.357674,0.304413,15.904862,6.260700,6.260700
ML-KEM-1024,524288,512 KB,105,626.900000,88.100001,1.015600,0.039900,1.770500,282.406100,3.376961,0.304413,35.408077,3.322400,3.322400
ML-KEM-1024,524288,512 KB,106,244.399998,50.399998,0.876500,0.064300,1.235600,404.661703,2.356720,0.304413,19.779864,3.245700,3.245700
ML-KEM-1024,524288,512 KB,107,367.200002,79.800004,1.154400,0.038700,1.640100,304.859459,3.128242,0.304413,22.388879,3.580700,3.580700
ML-KEM-1024,524288,512 KB,108,209.300000,42.400003,0.960900,0.035700,1.248300,400.544740,2.380943,0.304413,16.766803,2.877300,2.877300
ML-KEM-1024,524288,512 KB,109,255.500003,54.699995,0.948300,0.039900,1.298400,385.089341,2.476501,0.304413,19.678066,3.010000,3.010000
ML-KEM-1024,524288,512 KB,110,260.800000,55.500001,1.471600,0.141400,1.929300,259.161354,3.679848,0.304413,13.517856,3.905700,3.905700
ML-KEM-1024,524288,512 KB,111,335.799996,69.800000,1.092300,0.037000,1.534900,325.754120,2.927589,0.304413,21.877646,2.556700,2.556700
ML-KEM-1024,524288,512 KB,112,261.499998,46.800000,0.831700,0.114000,1.254000,398.724082,2.391815,0.304413,20.853269,2.184600,2.184600
ML-KEM-1024,524288,512 KB,114,337.699996,61.800005,0.717700,0.032300,1.149500,434.971727,2.192497,0.304413,29.377990,1.979300,1.979300
ML-KEM-1024,524288,512 KB,115,179.799994,24.599998,1.061100,0.047800,1.313300,380.720322,2.504921,0.304413,13.690702,2.381700,2.381700
ML-KEM-1024,524288,512 KB,116,200.299997,40.300001,0.724000,0.042300,1.006900,496.573643,1.920509,0.304413,19.892740,2.416400,2.416400
ML-KEM-1024,524288,512 KB,117,805.900003,213.300002,1.218000,0.078300,2.315500,215.936083,4.416466,0.304413,34.804578,3.062700,3.062700
ML-KEM-1024,524288,512 KB,118,443.699995,62.999999,0.864800,0.041500,1.413000,353.857040,2.695084,0.304413,31.401273,2.992400,2.992400
ML-KEM-1024,524288,512 KB,119,205.099997,40.600004,0.830200,0.043400,1.119300,446.707763,2.134895,0.304413,18.323952,2.538700,2.538700
ML-KEM-1024,524288,512 KB,120,221.399998,42.699998,1.706300,0.044100,2.014500,248.200547,3.842354,0.304413,10.990320,3.428000,3.428000
ML-KEM-1024,524288,512 KB,121,193.599997,40.999999,0.768200,0.028700,1.031500,484.730973,1.967430,0.304413,18.768783,2.936000,2.936000
ML-KEM-1024,524288,512 KB,122,188.200000,40.300001,0.908300,0.027800,1.164600,429.331960,2.221298,0.304413,16.160055,2.449200,2.449200
ML-KEM-1024,524288,512 KB,123,262.500005,65.500004,0.901900,0.039500,1.269400,393.886875,2.421188,0.304413,20.679061,3.944300,3.944300
ML-KEM-1024,524288,512 KB,124,399.900004,100.400001,1.127400,0.035300,1.663000,300.661455,3.171921,0.304413,24.046903,2.231000,2.231000
ML-KEM-1024,524288,512 KB,125,270.299999,57.099998,1.025400,0.039900,1.392700,359.014862,2.656364,0.304413,19.408343,2.422800,2.422800
ML-KEM-1024,524288,512 KB,126,580.899999,63.799998,1.053500,0.048400,1.746600,286.270467,3.331375,0.304413,33.258903,3.979200,3.979200
ML-KEM-1024,524288,512 KB,127,418.600001,64.799999,1.206100,0.054400,1.743900,286.713688,3.326225,0.304413,24.003670,2.704400,2.704400
ML-KEM-1024,524288,512 KB,128,210.200000,43.100001,0.740600,0.037100,1.031000,484.966052,1.966476,0.304413,20.387973,2.199700,2.199700
ML-KEM-1024,524288,512 KB,129,235.700005,53.500000,0.843300,0.030600,1.163100,429.885650,2.218437,0.304413,20.264810,2.876400,2.876400
ML-KEM-1024,524288,512 KB,130,552.199999,54.600001,0.984300,0.038500,1.629600,306.823761,3.108215,0.304413,33.885616,2.843700,2.843700
ML-KEM-1024,524288,512 KB,131,262.300004,46.300003,0.764800,0.032200,1.105600,452.243126,2.108765,0.304413,23.724675,2.059600,2.059600
ML-KEM-1024,524288,512 KB,132,194.900000,29.800001,0.718300,0.040800,0.983800,508.233382,1.876450,0.304413,19.810937,3.108500,3.108500
ML-KEM-1024,524288,512 KB,133,321.499996,61.400002,1.583100,0.038800,2.004800,249.401437,3.823853,0.304413,16.036512,3.613300,3.613300
ML-KEM-1024,524288,512 KB,134,258.000000,63.500003,0.947900,0.038800,1.308200,382.204556,2.495193,0.304413,19.721755,2.589500,2.589500
ML-KEM-1024,524288,512 KB,135,201.399998,42.399995,0.718500,0.042300,1.004600,497.710530,1.916122,0.304413,20.047780,2.588400,2.588400
ML-KEM-1024,524288,512 KB,136,181.299998,41.100000,0.794400,0.028700,1.045500,478.240076,1.994133,0.304413,17.340985,3.271400,3.271400
ML-KEM-1024,524288,512 KB,137,845.000002,299.600004,1.092900,0.058600,2.296100,217.760551,4.379463,0.304413,36.801533,2.179400,2.179400
ML-KEM-1024,524288,512 KB,138,206.099998,55.100005,1.008800,0.059600,1.329600,376.052947,2.536011,0.304413,15.500902,3.422500,3.422500
ML-KEM-1024,524288,512 KB,139,283.100002,46.500005,0.930300,0.029700,1.289600,387.717120,2.459717,0.304413,21.952544,9.328900,9.328900
ML-KEM-1024,524288,512 KB,140,340.499995,86.100001,0.979100,0.039700,1.445400,345.925004,2.756882,0.304413,23.557492,4.706500,4.706500
ML-KEM-1024,524288,512 KB,141,395.399999,91.399997,1.441800,0.037100,1.965700,254.362314,3.749275,0.304413,20.114972,3.736400,3.736400
ML-KEM-1024,524288,512 KB,142,311.000003,80.500002,1.048800,0.052600,1.492900,334.918616,2.847481,0.304413,20.831938,5.062100,5.062100
ML-KEM-1024,524288,512 KB,143,435.300004,81.299993,1.589200,0.065400,2.171200,230.287399,4.141235,0.304413,20.048821,4.956900,4.956900
ML-KEM-1024,524288,512 KB,144,462.199998,83.999999,1.107000,0.035600,1.688800,296.068215,3.221130,0.304413,27.368546,4.110100,4.110100
ML-KEM-1024,524288,512 KB,145,337.000005,78.800003,0.995800,0.033700,1.445300,345.948937,2.756691,0.304413,23.316959,3.816000,3.816000
ML-KEM-1024,524288,512 KB,146,432.000001,127.100000,1.389400,0.046700,1.995200,250.601443,3.805542,0.304413,21.651965,3.791300,3.791300
ML-KEM-1024,524288,512 KB,147,580.299995,116.499999,1.269000,0.042800,2.008600,248.929603,3.831100,0.304413,28.890769,2.730800,2.730800
ML-KEM-1024,524288,512 KB,148,295.600003,64.799999,1.036700,0.052400,1.449500,344.946533,2.764702,0.304413,20.393239,3.671300,3.671300
ML-KEM-1024,524288,512 KB,149,320.400002,98.400000,1.172600,0.061500,1.652900,302.498639,3.152657,0.304413,19.384113,4.297000,4.297000
ML-KEM-1024,524288,512 KB,150,468.200007,102.799997,1.425600,0.070700,2.067300,241.861366,3.943062,0.304413,22.647899,4.258900,4.258900
ML-KEM-1024,524288,512 KB,151,241.700000,64.200001,1.220900,0.062600,1.589400,314.584119,3.031540,0.304413,15.206996,2.383000,2.383000
ML-KEM-1024,524288,512 KB,152,193.899999,38.200000,0.711400,0.026300,0.969800,515.570221,1.849747,0.304413,19.993813,2.872400,2.872400
ML-KEM-1024,524288,512 KB,153,268.600001,44.100001,0.725300,0.033200,1.071200,466.766243,2.043152,0.304413,25.074683,2.413800,2.413800
ML-KEM-1024,524288,512 KB,154,195.200002,43.100001,0.702400,0.029300,0.970000,515.463917,1.850128,0.304413,20.123712,3.167100,3.167100
ML-KEM-1024,524288,512 KB,155,246.500000,43.900000,1.117600,0.035400,1.443400,346.404324,2.753067,0.304413,17.077733,3.137700,3.137700
ML-KEM-1024,524288,512 KB,156,212.599996,32.900003,0.952600,0.029600,1.227700,407.265617,2.341652,0.304413,17.316934,4.246800,4.246800
ML-KEM-1024,524288,512 KB,158,241.399997,55.800003,0.759500,0.030400,1.087100,459.939289,2.073479,0.304413,22.205869,2.332700,2.332700
ML-KEM-1024,524288,512 KB,159,218.199995,48.499998,0.730700,0.028200,1.025600,487.519503,1.956177,0.304413,21.275351,1.973000,1.973000
ML-KEM-1024,524288,512 KB,160,214.799999,70.399998,1.068800,0.060500,1.414500,353.481795,2.697945,0.304413,15.185578,3.270500,3.270500
ML-KEM-1024,524288,512 KB,161,413.800000,130.799999,1.406400,0.082500,2.033500,245.881485,3.878593,0.304413,20.349152,3.398000,3.398000
ML-KEM-1024,524288,512 KB,162,381.600003,83.100000,1.176200,0.050100,1.691000,295.683027,3.225327,0.304413,22.566529,3.182300,3.182300
ML-KEM-1024,524288,512 KB,163,253.099999,54.399999,0.895400,0.031600,1.234500,405.022276,2.354622,0.304413,20.502228,2.470500,2.470500
ML-KEM-1024,524288,512 KB,164,291.099997,56.899997,0.800000,0.099400,1.247400,400.833733,2.379227,0.304413,23.336540,3.152400,3.152400
ML-KEM-1024,524288,512 KB,165,213.599997,39.400002,0.895900,0.033100,1.182000,423.011844,2.254486,0.304413,18.071066,2.627000,2.627000
ML-KEM-1024,524288,512 KB,166,225.500000,43.599997,0.728300,0.037100,1.034500,483.325279,1.973152,0.304413,21.797970,2.253000,2.253000
ML-KEM-1024,524288,512 KB,167,220.199996,45.900000,1.149200,0.064400,1.479700,337.906333,2.822304,0.304413,14.881395,3.161100,3.161100
ML-KEM-1024,524288,512 KB,168,238.999994,47.900001,0.805500,0.047800,1.140200,438.519557,2.174759,0.304413,20.961234,2.209300,2.209300
ML-KEM-1024,524288,512 KB,169,255.500003,53.700001,0.746300,0.030900,1.086400,460.235641,2.072144,0.304413,23.518042,2.473900,2.473900
ML-KEM-1024,524288,512 KB,170,271.499994,55.299999,1.129700,0.035600,1.492100,335.098185,2.845955,0.304413,18.195831,4.386300,4.386300
ML-KEM-1024,524288,512 KB,171,736.199996,115.000003,1.022800,0.075000,1.949000,256.541817,3.717422,0.304413,37.773217,2.266500,2.266500
ML-KEM-1024,524288,512 KB,172,220.700000,42.399995,0.802700,0.026700,1.092500,457.665903,2.083778,0.304413,20.201373,2.422100,2.422100
ML-KEM-1024,524288,512 KB,173,265.199997,113.299997,0.759100,0.048000,1.185600,421.727396,2.261353,0.304413,22.368421,2.335800,2.335800
ML-KEM-1024,524288,512 KB,174,383.500002,73.300005,1.296900,0.068900,1.822600,274.333369,3.476334,0.304413,21.041370,2.670000,2.670000
ML-KEM-1024,524288,512 KB,175,297.700004,61.600003,0.991800,0.070900,1.422000,351.617440,2.712250,0.304413,20.935303,2.162100,2.162100
ML-KEM-1024,524288,512 KB,176,202.600000,41.100000,0.765400,0.040900,1.050000,476.190477,2.002716,0.304413,19.295238,2.031600,2.031600
ML-KEM-1024,524288,512 KB,177,221.800001,43.400003,1.143300,0.054200,1.462700,341.833596,2.789879,0.304413,15.163738,2.784900,2.784900
ML-KEM-1024,524288,512 KB,178,247.500000,62.300001,0.963500,0.104900,1.378200,362.792049,2.628708,0.304413,17.958206,2.222100,2.222100
ML-KEM-1024,524288,512 KB,179,297.599996,57.000005,0.964800,0.031900,1.351300,370.014060,2.577400,0.304413,22.023237,2.930000,2.930000
ML-KEM-1024,524288,512 KB,180,228.100005,43.199994,0.766200,0.045000,1.082500,461.893765,2.064705,0.304413,21.071594,2.415800,2.415800
ML-KEM-1024,524288,512 KB,181,177.299997,30.300005,1.070000,0.049400,1.327000,376.789752,2.531052,0.304413,13.360964,3.475800,3.475800
ML-KEM-1024,524288,512 KB,182,262.399997,77.600002,1.101100,0.060500,1.501600,332.978157,2.864075,0.304413,17.474694,2.292700,2.292700
ML-KEM-1024,524288,512 KB,183,204.800002,42.500003,0.737300,0.040100,1.024700,487.947691,1.954460,0.304413,19.986338,2.614600,2.614600
ML-KEM-1024,524288,512 KB,184,195.400004,39.899998,0.831100,0.051300,1.117700,447.347232,2.131844,0.304413,17.482330,2.831600,2.831600
ML-KEM-1024,524288,512 KB,185,348.699999,83.299994,1.302500,0.060200,1.794700,278.598094,3.423119,0.304413,19.429431,2.856100,2.856100
ML-KEM-1024,524288,512 KB,186,291.800003,59.699996,1.054900,0.044200,1.450600,344.684958,2.766800,0.304413,20.115814,2.423800,2.423800
ML-KEM-1024,524288,512 KB,187,227.999997,54.399999,0.735200,0.043100,1.060700,471.386820,2.023125,0.304413,21.495239,2.537800,2.537800
ML-KEM-1024,524288,512 KB,188,202.900002,41.100000,1.153500,0.074600,1.472100,339.650838,2.807808,0.304413,13.783031,2.867200,2.867200
ML-KEM-1024,524288,512 KB,189,263.000002,84.900006,0.829800,0.045400,1.223100,408.797318,2.332878,0.304413,21.502739,2.156400,2.156400
ML-KEM-1024,524288,512 KB,190,231.900005,35.999998,0.732800,0.045000,1.045700,478.148607,1.994514,0.304413,22.176533,1.836700,1.836700
ML-KEM-1024,524288,512 KB,191,178.399998,39.800005,0.735400,0.039500,0.993100,503.473973,1.894188,0.304413,17.963951,3.240500,3.240500
ML-KEM-1024,524288,512 KB,192,345.799999,70.499998,1.467100,0.072300,1.955700,255.662933,3.730202,0.304413,17.681648,2.976400,2.976400
ML-KEM-1024,524288,512 KB,193,199.800001,45.900000,0.766200,0.041100,1.053000,474.833808,2.008438,0.304413,18.974359,2.505100,2.505100
ML-KEM-1024,524288,512 KB,194,223.100003,40.499996,0.737500,0.043200,1.044300,478.789620,1.991844,0.304413,21.363593,2.642600,2.642600
ML-KEM-1024,524288,512 KB,195,278.900006,68.699999,0.745100,0.044400,1.137100,439.715065,2.168846,0.304413,24.527307,3.349500,3.349500
ML-KEM-1024,524288,512 KB,196,376.000004,83.500003,1.442500,0.050600,1.952600,256.068831,3.724289,0.304413,19.256376,2.185400,2.185400
ML-KEM-1024,524288,512 KB,197,198.700000,40.000006,0.722200,0.040800,1.001700,499.151445,1.910591,0.304413,19.836278,2.633200,2.633200
ML-KEM-1024,524288,512 KB,198,184.400000,161.500000,1.076800,0.045800,1.468500,340.483487,2.800941,0.304413,12.557031,1.941900,1.941900
ML-KEM-1024,524288,512 KB,199,321.400003,71.900002,1.327600,0.064600,1.785500,280.033603,3.405571,0.304413,18.000560,3.357400,3.357400
ML-KEM-1024,524288,512 KB,200,267.199997,64.700005,0.853100,0.047200,1.232200,405.778284,2.350235,0.304413,21.684791,1.951600,1.951600
ML-KEM-1024,524288,512 KB,201,266.399999,44.500004,0.813800,0.047600,1.172300,426.511985,2.235985,0.304413,22.724558,2.342600,2.342600
ML-KEM-1024,524288,512 KB,202,204.000004,43.499997,0.734700,0.044200,1.026400,487.139516,1.957703,0.304413,19.875293,3.789300,3.789300
ML-KEM-1024,524288,512 KB,203,308.700000,63.600004,1.171300,0.058600,1.602200,312.070903,3.055954,0.304413,19.267258,2.546800,2.546800
ML-KEM-1024,524288,512 KB,204,191.899999,39.699997,1.064500,0.050600,1.346700,371.277938,2.568626,0.304413,14.249647,2.697400,2.697400
ML-KEM-1024,524288,512 KB,205,191.500003,40.999999,0.736100,0.043800,1.012400,493.875940,1.931000,0.304413,18.915449,2.653500,2.653500
ML-KEM-1024,524288,512 KB,206,288.800002,65.200002,0.972300,0.063800,1.390100,359.686354,2.651405,0.304413,20.775484,2.739000,2.739000
ML-KEM-1024,524288,512 KB,207,218.599998,46.200003,0.731000,0.031600,1.027400,486.665372,1.959610,0.304413,21.277010,1.918200,1.918200
ML-KEM-1024,524288,512 KB,208,165.100006,39.699997,0.729500,0.040300,0.974600,513.030987,1.858902,0.304413,16.940284,2.309300,2.309300
ML-KEM-1024,524288,512 KB,209,176.599999,38.900005,0.954500,0.053200,1.223200,408.763898,2.333069,0.304413,14.437541,3.719800,3.719800
ML-KEM-1024,524288,512 KB,211,244.300005,50.600000,1.150100,0.056100,1.501100,333.089068,2.863121,0.304413,16.274732,2.317700,2.317700
ML-KEM-1024,524288,512 KB,212,216.900000,43.900000,0.777000,0.035400,1.073200,465.896384,2.046967,0.304413,20.210585,1.855600,1.855600
ML-KEM-1024,524288,512 KB,213,236.899999,512.300001,1.304200,0.059300,2.112700,236.663984,4.029655,0.304413,11.213140,3.698200,3.698200
ML-KEM-1024,524288,512 KB,214,198.700000,53.100004,0.799500,0.028500,1.079800,463.048713,2.059555,0.304413,18.401556,2.676500,2.676500
ML-KEM-1024,524288,512 KB,215,185.000004,40.600004,0.744900,0.040200,1.010700,494.706640,1.927757,0.304413,18.304146,2.550200,2.550200
ML-KEM-1024,524288,512 KB,216,237.700006,41.499996,0.746400,0.044000,1.069600,467.464472,2.040100,0.304413,22.223261,3.982300,3.982300
ML-KEM-1024,524288,512 KB,217,342.200001,55.700002,1.127100,0.056700,1.581700,316.115573,3.016853,0.304413,21.634950,2.134800,2.134800
ML-KEM-1024,524288,512 KB,218,198.900001,40.399995,0.726400,0.042200,1.007900,496.080961,1.922417,0.304413,19.734101,1.769000,1.769000
ML-KEM-1024,524288,512 KB,219,184.499993,26.099995,0.794300,0.049000,1.053900,474.428314,2.010155,0.304413,17.506404,2.189700,2.189700
ML-KEM-1024,524288,512 KB,220,205.500000,42.300002,1.843500,0.153500,2.244800,222.736992,4.281616,0.304413,9.154490,3.420400,3.420400
ML-KEM-1024,524288,512 KB,221,249.700002,58.999998,0.808400,0.028500,1.145600,436.452514,2.185059,0.304413,21.796439,2.303000,2.303000
ML-KEM-1024,524288,512 KB,222,221.000002,39.400002,0.740200,0.041100,1.041700,479.984640,1.986885,0.304413,21.215321,2.479600,2.479600
ML-KEM-1024,524288,512 KB,223,205.800003,41.500003,1.042200,0.045300,1.334800,374.587953,2.545929,0.304413,15.418040,4.108700,4.108700
ML-KEM-1024,524288,512 KB,224,251.000005,59.700003,0.825300,0.047400,1.183400,422.511407,2.257156,0.304413,21.210073,2.026800,2.026800
ML-KEM-1024,524288,512 KB,225,270.599994,53.500000,0.914100,0.043700,1.281900,390.046024,2.445030,0.304413,21.109290,1.867600,1.867600
ML-KEM-1024,524288,512 KB,226,205.300006,43.499997,0.995200,0.049600,1.293600,386.518242,2.467346,0.304413,15.870439,2.238200,2.238200
ML-KEM-1024,524288,512 KB,227,275.999999,80.300000,1.420600,0.069200,1.846100,270.841233,3.521156,0.304413,14.950436,3.336100,3.336100
ML-KEM-1024,524288,512 KB,228,340.200000,64.800006,0.756700,0.035800,1.197500,417.536534,2.284050,0.304413,28.409186,2.747600,2.747600
ML-KEM-1024,524288,512 KB,229,188.999998,39.999999,0.863900,0.036600,1.129500,442.673749,2.154350,0.304413,16.733068,2.791300,2.791300
ML-KEM-1024,524288,512 KB,231,282.099994,51.200004,0.916900,0.032100,1.282300,389.924353,2.445793,0.304413,21.999532,2.503900,2.503900
ML-KEM-1024,524288,512 KB,232,186.599995,42.000000,0.720500,0.027200,0.976300,512.137664,1.862144,0.304413,19.112977,1.879400,1.879400
ML-KEM-1024,524288,512 KB,233,197.900001,41.599997,0.829900,0.029300,1.098700,455.083281,2.095604,0.304413,18.012196,3.096800,3.096800
ML-KEM-1024,524288,512 KB,234,284.899994,67.699999,1.232700,0.062200,1.647500,303.490136,3.142357,0.304413,17.292868,2.685500,2.685500
ML-KEM-1024,524288,512 KB,235,324.799999,54.999997,0.722900,0.031200,1.133900,440.955994,2.162743,0.304413,28.644501,2.132900,2.132900
ML-KEM-1024,524288,512 KB,237,283.400004,48.000002,2.064900,0.034600,2.430900,205.685137,4.636574,0.304413,11.658234,3.244200,3.244200
ML-KEM-1024,524288,512 KB,238,267.500000,70.200003,0.717600,0.032200,1.087500,459.770115,2.074242,0.304413,24.597701,2.199700,2.199700
ML-KEM-1024,524288,512 KB,239,195.799999,41.599997,0.740900,0.029100,1.007400,496.327178,1.921463,0.304413,19.436172,2.081400,2.081400
ML-KEM-1024,524288,512 KB,240,167.800004,39.599996,1.226700,0.073800,1.507900,331.586975,2.876091,0.304413,11.128059,3.907800,3.907800
ML-KEM-1024,524288,512 KB,241,275.200000,55.199998,0.789500,0.047600,1.167500,428.265525,2.226830,0.304413,23.571735,2.377900,2.377900
ML-KEM-1024,524288,512 KB,242,265.199997,51.000003,0.996100,0.057800,1.370100,364.936866,2.613258,0.304413,19.356251,2.108300,2.108300
ML-KEM-1024,524288,512 KB,243,247.199998,108.400003,0.996400,0.051300,1.403300,356.303001,2.676582,0.304413,17.615620,2.677000,2.677000
ML-KEM-1024,524288,512 KB,244,322.600004,69.300004,1.433400,0.097100,1.922400,260.091552,3.666687,0.304413,16.781107,2.448200,2.448200
ML-KEM-1024,524288,512 KB,245,193.400003,47.800000,0.723700,0.027500,0.992400,503.829099,1.892853,0.304413,19.488110,1.905300,1.905300
ML-KEM-1024,524288,512 KB,248,526.000003,137.100003,1.167700,0.061100,1.891900,264.284582,3.608513,0.304413,27.802738,2.509900,2.509900
ML-KEM-1024,524288,512 KB,250,255.400002,50.600000,0.932400,0.049800,1.288200,388.138488,2.457047,0.304413,19.826114,3.650500,3.650500
ML-KEM-1024,524288,512 KB,251,342.500003,87.799999,1.447500,0.088000,1.965800,254.349374,3.749466,0.304413,17.422932,1.986500,1.986500
ML-KEM-1024,524288,512 KB,252,244.499999,51.700001,0.870600,0.053900,1.220700,409.601050,2.328300,0.304413,20.029491,2.400400,2.400400
ML-KEM-1024,524288,512 KB,253,241.099995,49.399998,1.021500,0.054100,1.366100,366.005416,2.605629,0.304413,17.648781,1.867300,1.867300
ML-KEM-1024,524288,512 KB,254,187.599995,57.999998,1.584000,0.046300,1.875900,266.538728,3.577995,0.304413,10.000533,3.820100,3.820100
ML-KEM-1024,524288,512 KB,255,215.400003,50.000002,0.768600,0.029100,1.063100,470.322640,2.027702,0.304413,20.261500,2.396200,2.396200
ML-KEM-1024,524288,512 KB,256,182.999996,43.100001,0.729000,0.027100,0.982200,509.061291,1.873398,0.304413,18.631643,2.490600,2.490600
ML-KEM-1024,524288,512 KB,257,191.899999,41.299994,0.816200,0.027300,1.076700,464.381908,2.053642,0.304413,17.822978,2.855500,2.855500
ML-KEM-1024,524288,512 KB,258,433.100002,86.200002,1.179400,0.036900,1.735600,288.084812,3.310394,0.304413,24.953906,2.806400,2.806400
ML-KEM-1024,524288,512 KB,259,235.700005,48.499998,0.716500,0.031200,1.031900,484.543073,1.968193,0.304413,22.841361,2.575000,2.575000
ML-KEM-1024,524288,512 KB,260,186.600002,39.500002,0.727900,0.026400,0.980400,509.995920,1.869965,0.304413,19.033048,2.044400,2.044400
ML-KEM-1024,524288,512 KB,261,170.899999,40.999999,1.979900,0.063000,2.254800,221.749157,4.300690,0.304413,7.579386,4.206100,4.206100
ML-KEM-1024,524288,512 KB,262,293.200006,55.299999,0.938600,0.053800,1.340900,372.883883,2.557564,0.304413,21.865911,2.448700,2.448700
ML-KEM-1024,524288,512 KB,263,181.699994,40.899999,0.732900,0.026100,0.981600,509.372456,1.872253,0.304413,18.510594,2.574400,2.574400
ML-KEM-1024,524288,512 KB,264,245.800002,48.299997,1.379100,0.039400,1.712600,291.953754,3.266525,0.304413,14.352447,3.695300,3.695300
ML-KEM-1024,524288,512 KB,265,613.900003,70.499998,0.851500,0.053600,1.589500,314.564328,3.031731,0.304413,38.622208,2.152000,2.152000
ML-KEM-1024,524288,512 KB,266,223.399999,40.499996,0.742000,0.027800,1.033700,483.699333,1.971626,0.304413,21.611686,1.738000,1.738000
ML-KEM-1024,524288,512 KB,267,264.699993,52.900003,1.012200,0.042900,1.372700,364.245648,2.618217,0.304413,19.283164,3.401300,3.401300
ML-KEM-1024,524288,512 KB,268,344.500004,238.399996,1.046200,0.047500,1.676600,298.222593,3.197861,0.304413,20.547537,3.784000,3.784000
ML-KEM-1024,524288,512 KB,269,234.699997,107.200001,0.801400,0.040800,1.184100,422.261633,2.258492,0.304413,19.820961,2.671800,2.671800
ML-KEM-1024,524288,512 KB,270,279.499996,103.400002,1.066300,0.045300,1.494500,334.560053,2.850533,0.304413,18.701907,4.263100,4.263100
ML-KEM-1024,524288,512 KB,271,424.099999,83.999999,1.116000,0.042400,1.666500,300.030003,3.178596,0.304413,25.448545,2.560700,2.560700
ML-KEM-1024,524288,512 KB,272,418.299998,66.200002,0.938800,0.034200,1.457500,343.053174,2.779961,0.304413,28.699828,2.925600,2.925600
ML-KEM-1024,524288,512 KB,273,211.000006,60.799997,0.896800,0.044200,1.212800,412.269129,2.313232,0.304413,17.397758,3.270300,3.270300
ML-KEM-1024,524288,512 KB,275,274.200000,52.399999,0.696400,0.026200,1.049200,476.553565,2.001190,0.304413,26.134197,1.851900,1.851900
ML-KEM-1024,524288,512 KB,276,294.799996,52.000003,0.958100,0.035200,1.340100,373.106486,2.556038,0.304413,21.998358,2.239600,2.239600
ML-KEM-1024,524288,512 KB,277,180.800002,39.999999,2.054700,0.137600,2.413100,207.202354,4.602623,0.304413,7.492437,3.182500,3.182500
ML-KEM-1024,524288,512 KB,278,263.599999,48.300004,0.878000,0.052800,1.242700,402.349724,2.370262,0.304413,21.211877,2.286500,2.286500
ML-KEM-1024,524288,512 KB,279,184.500001,44.300003,0.713500,0.026900,0.969200,515.889392,1.848602,0.304413,19.036319,1.972100,1.972100
ML-KEM-1024,524288,512 KB,280,195.600005,52.600000,0.818200,0.030900,1.097300,455.663904,2.092934,0.304413,17.825572,3.016200,3.016200
ML-KEM-1024,524288,512 KB,281,330.600000,97.899996,1.740500,0.080400,2.249400,222.281497,4.290390,0.304413,14.697253,2.836900,2.836900
ML-KEM-1024,524288,512 KB,282,200.900002,31.700001,0.681500,0.111800,1.025900,487.376935,1.956749,0.304413,19.582805,2.059400,2.059400
ML-KEM-1024,524288,512 KB,285,226.199998,54.900003,0.685800,0.026900,0.993800,503.119340,1.895523,0.304413,22.761119,1.823900,1.823900
ML-KEM-1024,524288,512 KB,286,242.199996,43.600005,0.931400,0.034100,1.251300,399.584433,2.386665,0.304413,19.355870,2.365000,2.365000
ML-KEM-1024,524288,512 KB,289,246.099997,47.700007,0.866200,0.054900,1.214900,411.556508,2.317238,0.304413,20.256811,2.424800,2.424800
ML-KEM-1024,524288,512 KB,291,365.400003,65.100001,0.870100,0.040200,1.340800,372.911694,2.557373,0.304413,27.252387,2.494300,2.494300
ML-KEM-1024,524288,512 KB,292,205.800003,42.899999,0.737100,0.029200,1.015000,492.610837,1.935959,0.304413,20.275862,2.287800,2.287800
ML-KEM-1024,524288,512 KB,293,247.800002,48.200003,0.757900,0.045300,1.099200,454.876273,2.096558,0.304413,22.543668,2.287400,2.287400
ML-KEM-1024,524288,512 KB,294,273.199999,49.799994,0.775900,0.032600,1.131500,441.891294,2.158165,0.304413,24.144940,5.192400,5.192400
ML-KEM-1024,524288,512 KB,295,253.799997,68.900001,0.788100,0.031700,1.142500,437.636762,2.179146,0.304413,22.214442,2.450100,2.450100
ML-KEM-1024,524288,512 KB,296,578.600004,136.200004,1.017700,0.040900,1.773400,281.944288,3.382492,0.304413,32.626593,2.271300,2.271300
ML-KEM-1024,524288,512 KB,297,239.100002,46.900001,0.755000,0.028100,1.069100,467.683095,2.039146,0.304413,22.364606,3.012800,3.012800
ML-KEM-1024,524288,512 KB,298,305.299996,80.399994,1.034500,0.042600,1.462800,341.810227,2.790070,0.304413,20.870932,2.568800,2.568800
ML-KEM-1024,524288,512 KB,299,253.999999,44.000000,0.684200,0.031100,1.013300,493.437286,1.932716,0.304413,25.066614,1.876700,1.876700
ML-KEM-1024,1048576,1 MB,1,305.500005,69.800000,1.579300,0.230200,2.184800,457.707799,2.083588,0.152206,13.982973,4.738200,4.738200
ML-KEM-1024,1048576,1 MB,2,202.600000,47.800000,1.605300,0.303700,2.159400,463.091600,2.059364,0.152206,9.382236,5.618600,5.618600
ML-KEM-1024,1048576,1 MB,3,234.000006,50.600000,1.641400,0.327400,2.253400,443.773852,2.149010,0.152206,10.384308,4.061500,4.061500
ML-KEM-1024,1048576,1 MB,4,188.099999,43.499997,1.562500,0.303800,2.097900,476.667144,2.000713,0.152206,8.966109,7.236200,7.236200
ML-KEM-1024,1048576,1 MB,5,260.900000,53.400006,1.544500,0.313100,2.171900,460.426355,2.071285,0.152206,12.012524,3.800200,3.800200
ML-KEM-1024,1048576,1 MB,6,211.200000,41.699997,2.909000,0.443800,3.605700,277.338659,3.438663,0.152206,5.857392,4.693000,4.693000
ML-KEM-1024,1048576,1 MB,7,241.100002,68.400004,2.015600,0.360000,2.685100,372.425608,2.560711,0.152206,8.979181,3.470400,3.470400
ML-KEM-1024,1048576,1 MB,9,268.700001,71.800001,1.607400,0.303300,2.251200,444.207534,2.146912,0.152206,11.935856,4.948800,4.948800
ML-KEM-1024,1048576,1 MB,10,351.500006,116.100004,2.447000,0.220400,3.135000,318.979266,2.989769,0.152206,11.212121,3.164900,3.164900
ML-KEM-1024,1048576,1 MB,11,219.399997,45.000001,1.626800,0.314700,2.205900,453.329707,2.103710,0.152206,9.946054,5.665200,5.665200
ML-KEM-1024,1048576,1 MB,12,458.600000,111.700007,1.810800,0.241700,2.622800,381.271923,2.501297,0.152206,17.485130,3.486000,3.486000
ML-KEM-1024,1048576,1 MB,13,219.399997,33.400000,1.548100,0.468800,2.269700,440.586863,2.164555,0.152206,9.666476,9.328500,9.328500
ML-KEM-1024,1048576,1 MB,14,295.799997,80.999998,1.920300,0.386700,2.683800,372.606007,2.559471,0.152206,11.021686,4.243000,4.243000
ML-KEM-1024,1048576,1 MB,15,587.899995,128.399995,2.593300,0.323700,3.633300,275.231883,3.464985,0.152206,16.180882,4.718500,4.718500
ML-KEM-1024,1048576,1 MB,16,220.100002,35.199999,1.675300,0.350000,2.280600,438.481102,2.174950,0.152206,9.650969,4.416100,4.416100
ML-KEM-1024,1048576,1 MB,17,348.000001,82.800005,2.832100,0.353400,3.616300,276.525731,3.448772,0.152206,9.623095,4.034900,4.034900
ML-KEM-1024,1048576,1 MB,18,231.099999,52.700001,1.725200,0.281900,2.290900,436.509668,2.184772,0.152206,10.087738,4.835100,4.835100
ML-KEM-1024,1048576,1 MB,19,395.700001,110.100002,2.682100,0.415200,3.603100,277.538786,3.436184,0.152206,10.982210,3.635700,3.635700
ML-KEM-1024,1048576,1 MB,20,206.699995,43.499997,1.675100,0.296200,2.221500,450.146298,2.118587,0.152206,9.304524,5.419700,5.419700
ML-KEM-1024,1048576,1 MB,21,430.699998,113.099995,1.928800,0.250100,2.722700,367.282478,2.596569,0.152206,15.818856,4.222800,4.222800
ML-KEM-1024,1048576,1 MB,22,215.700005,46.900001,1.661200,0.324600,2.248400,444.760719,2.144241,0.152206,9.593489,6.400300,6.400300
ML-KEM-1024,1048576,1 MB,23,408.000000,110.599998,1.803300,0.498000,2.819900,354.622504,2.689266,0.152206,14.468598,4.657900,4.657900
ML-KEM-1024,1048576,1 MB,24,258.799999,60.200000,2.647000,0.594500,3.560500,280.859430,3.395557,0.152206,7.268642,4.395700,4.395700
ML-KEM-1024,1048576,1 MB,25,265.600000,53.700001,1.840900,0.323100,2.483300,402.689969,2.368259,0.152206,10.695446,3.896700,3.896700
ML-KEM-1024,1048576,1 MB,26,323.000000,52.699994,2.542000,0.339900,3.257600,306.974460,3.106689,0.152206,9.915275,4.311200,4.311200
ML-KEM-1024,1048576,1 MB,27,252.099999,58.199999,1.675900,0.282700,2.268900,440.742211,2.163792,0.152206,11.111111,3.841200,3.841200
ML-KEM-1024,1048576,1 MB,28,240.699999,45.799999,3.092500,0.478500,3.857500,259.235256,3.678799,0.152206,6.239793,4.335700,4.335700
ML-KEM-1024,1048576,1 MB,29,217.599998,57.900004,1.739400,0.308500,2.323400,430.403718,2.215767,0.152206,9.365585,3.621400,3.621400
ML-KEM-1024,1048576,1 MB,30,191.500003,121.799996,2.920800,0.535200,3.769300,265.301250,3.594685,0.152206,5.080519,3.742000,3.742000
ML-KEM-1024,1048576,1 MB,31,239.599998,47.100002,1.725200,0.326700,2.338600,427.606261,2.230263,0.152206,10.245446,3.910200,3.910200
ML-KEM-1024,1048576,1 MB,32,248.899996,50.700000,2.821800,0.496900,3.618300,276.372882,3.450680,0.152206,6.878921,4.882000,4.882000
ML-KEM-1024,1048576,1 MB,33,300.699998,83.999999,1.835400,0.372400,2.592500,385.728062,2.472401,0.152206,11.598843,4.629100,4.629100
ML-KEM-1024,1048576,1 MB,34,357.499994,90.499998,2.326300,0.290800,3.065100,326.253629,2.923107,0.152206,11.663567,3.409800,3.409800
ML-KEM-1024,1048576,1 MB,35,212.700004,38.799997,1.736000,0.337800,2.325300,430.052036,2.217579,0.152206,9.147207,3.867900,3.867900
ML-KEM-1024,1048576,1 MB,36,266.399999,58.500002,2.393500,0.433800,3.152200,317.238754,3.006172,0.152206,8.451240,4.152900,4.152900
ML-KEM-1024,1048576,1 MB,37,206.400000,39.300001,1.673500,0.396800,2.316000,431.778930,2.208710,0.152206,8.911917,3.720600,3.720600
ML-KEM-1024,1048576,1 MB,38,318.999999,82.600003,2.255400,0.453400,3.110400,321.502058,2.966309,0.152206,10.255916,3.550900,3.550900
ML-KEM-1024,1048576,1 MB,39,215.800006,46.100002,1.637200,0.299500,2.198600,454.834895,2.096748,0.152206,9.815337,3.751600,3.751600
ML-KEM-1024,1048576,1 MB,40,378.999997,82.300001,2.653200,0.364100,3.478600,287.471971,3.317451,0.152206,10.895188,3.864700,3.864700
ML-KEM-1024,1048576,1 MB,41,229.700003,50.299997,1.616000,0.333000,2.229000,448.631672,2.125740,0.152206,10.305070,4.580900,4.580900
ML-KEM-1024,1048576,1 MB,42,268.399999,104.000006,2.435700,0.419400,3.227500,309.837336,3.077984,0.152206,8.316034,3.885000,3.885000
ML-KEM-1024,1048576,1 MB,43,207.599995,33.400000,1.992700,0.351600,2.585300,386.802305,2.465534,0.152206,8.030016,4.297600,4.297600
ML-KEM-1024,1048576,1 MB,44,339.099999,71.800001,2.803000,0.467100,3.681000,271.665309,3.510475,0.152206,9.212171,3.391600,3.391600
ML-KEM-1024,1048576,1 MB,45,201.999996,43.800006,1.622400,0.329300,2.197500,455.062571,2.095699,0.152206,9.192264,4.916900,4.916900
ML-KEM-1024,1048576,1 MB,46,350.100003,96.899996,2.486800,0.418300,3.352100,298.320456,3.196812,0.152206,10.444199,3.694400,3.694400
ML-KEM-1024,1048576,1 MB,47,220.800001,43.399996,2.029200,0.350300,2.643700,378.257744,2.521229,0.152206,8.351931,4.145900,4.145900
ML-KEM-1024,1048576,1 MB,48,328.700000,81.999999,1.935000,0.290200,2.635900,379.377062,2.513790,0.152206,12.470124,3.698600,3.698600
ML-KEM-1024,1048576,1 MB,49,205.899996,31.600001,2.063300,0.321100,2.621900,381.402799,2.500439,0.152206,7.853083,7.223800,7.223800
ML-KEM-1024,1048576,1 MB,50,778.499998,111.300003,1.629800,0.254300,2.773900,360.503263,2.645397,0.152206,28.065179,3.291100,3.291100
ML-KEM-1024,1048576,1 MB,52,304.000001,76.600001,2.196700,0.344400,2.921700,342.266489,2.786350,0.152206,10.404901,8.254600,8.254600
ML-KEM-1024,1048576,1 MB,53,249.100005,74.199997,1.726500,0.331500,2.381300,419.938689,2.270985,0.152206,10.460673,5.142700,5.142700
ML-KEM-1024,1048576,1 MB,54,625.500004,106.600004,2.496100,0.300000,3.528200,283.430645,3.364754,0.152206,17.728587,3.388200,3.388200
ML-KEM-1024,1048576,1 MB,55,186.099998,32.300006,1.606800,0.312100,2.137300,467.880034,2.038288,0.152206,8.707247,9.637700,9.637700
ML-KEM-1024,1048576,1 MB,56,257.200001,73.100004,1.602200,0.399700,2.332200,428.779693,2.224159,0.152206,11.028214,4.973400,4.973400
ML-KEM-1024,1048576,1 MB,58,215.300002,27.800001,2.162500,0.353600,2.759200,362.423890,2.631378,0.152206,7.802986,4.674400,4.674400
ML-KEM-1024,1048576,1 MB,59,391.499998,282.900000,2.198400,0.334900,3.207700,311.749852,3.059101,0.152206,12.205007,3.750600,3.750600
ML-KEM-1024,1048576,1 MB,60,206.199999,44.699998,1.622500,0.321000,2.194400,455.705431,2.092743,0.152206,9.396646,7.924000,7.924000
ML-KEM-1024,1048576,1 MB,61,308.499999,77.600002,1.715600,0.246000,2.347700,425.948801,2.238941,0.152206,13.140520,3.810000,3.810000
ML-KEM-1024,1048576,1 MB,62,180.399998,40.999999,2.978500,0.839600,4.039500,247.555391,3.852367,0.152206,4.465899,5.254600,5.254600
ML-KEM-1024,1048576,1 MB,63,214.400003,44.299995,1.605800,0.307200,2.171700,460.468758,2.071095,0.152206,9.872450,4.626800,4.626800
ML-KEM-1024,1048576,1 MB,64,920.400002,54.799995,2.382600,1.329400,4.687200,213.346987,4.470062,0.152206,19.636457,4.429200,4.429200
ML-KEM-1024,1048576,1 MB,65,228.600002,45.900000,1.782500,0.408600,2.465600,405.580791,2.351379,0.152206,9.271577,7.470600,7.470600
ML-KEM-1024,1048576,1 MB,66,305.900001,85.200001,1.628000,0.239400,2.258500,442.771750,2.153873,0.152206,13.544388,3.833500,3.833500
ML-KEM-1024,1048576,1 MB,67,188.999998,35.100005,2.013800,0.474300,2.712200,368.704372,2.586555,0.152206,6.968513,5.264800,5.264800
ML-KEM-1024,1048576,1 MB,68,224.400006,53.600001,1.532700,0.325500,2.136200,468.120963,2.037239,0.152206,10.504635,3.547100,3.547100
ML-KEM-1024,1048576,1 MB,69,449.100000,76.099997,2.417700,0.562700,3.505600,285.257873,3.343201,0.152206,12.810931,5.013800,5.013800
ML-KEM-1024,1048576,1 MB,70,278.700005,61.100000,1.674200,0.340300,2.354300,424.754704,2.245235,0.152206,11.837914,3.291400,3.291400
ML-KEM-1024,1048576,1 MB,71,223.499999,43.499997,2.967000,0.616100,3.850100,259.733514,3.671741,0.152206,5.805044,4.746600,4.746600
ML-KEM-1024,1048576,1 MB,72,266.800002,55.600001,2.024700,0.471400,2.818500,354.798651,2.687931,0.152206,9.466028,4.144300,4.144300
ML-KEM-1024,1048576,1 MB,74,269.299999,52.600000,2.884200,0.409500,3.615600,276.579268,3.448105,0.152206,7.448280,6.595400,6.595400
ML-KEM-1024,1048576,1 MB,75,262.900001,59.899998,1.533800,0.417800,2.274400,439.676398,2.169037,0.152206,11.559093,3.636900,3.636900
ML-KEM-1024,1048576,1 MB,76,198.299997,43.200002,1.725200,0.354100,2.320800,430.885900,2.213287,0.152206,8.544467,6.358000,6.358000
ML-KEM-1024,1048576,1 MB,77,232.800005,53.600001,1.565900,0.267100,2.119400,471.831650,2.021217,0.152206,10.984241,3.895400,3.895400
ML-KEM-1024,1048576,1 MB,78,208.699996,45.299996,1.751700,0.828900,2.834600,352.783461,2.703285,0.152206,7.362591,5.810300,5.810300
ML-KEM-1024,1048576,1 MB,79,231.900005,51.600000,1.670200,0.333100,2.286800,437.292286,2.180862,0.152206,10.140808,4.213000,4.213000
ML-KEM-1024,1048576,1 MB,80,343.899999,75.100004,2.483000,0.360100,3.262100,306.550995,3.110981,0.152206,10.542289,4.453200,4.453200
ML-KEM-1024,1048576,1 MB,81,215.800006,42.899999,1.843200,0.566100,2.668000,374.812595,2.544403,0.152206,8.088456,3.404300,3.404300
ML-KEM-1024,1048576,1 MB,82,339.599996,66.799999,3.267300,0.458000,4.131700,242.031125,3.940296,0.152206,8.219377,4.011900,4.011900
ML-KEM-1024,1048576,1 MB,83,305.400004,56.800003,1.867500,0.358400,2.588100,386.383833,2.468205,0.152206,11.800162,5.073600,5.073600
ML-KEM-1024,1048576,1 MB,84,386.500004,111.000001,1.648900,0.254000,2.400400,416.597234,2.289200,0.152206,16.101483,3.401400,3.401400
ML-KEM-1024,1048576,1 MB,85,204.799995,43.799999,1.696000,0.312000,2.256600,443.144553,2.152061,0.152206,9.075600,6.652600,6.652600
ML-KEM-1024,1048576,1 MB,86,449.400002,73.900002,1.573600,0.254400,2.351300,425.296645,2.242374,0.152206,19.112831,3.800100,3.800100
ML-KEM-1024,1048576,1 MB,87,190.700004,42.300002,1.664200,0.336700,2.233900,447.647612,2.130413,0.152206,8.536640,7.281900,7.281900
ML-KEM-1024,1048576,1 MB,88,215.199994,48.299997,1.646200,0.308500,2.218200,450.815976,2.115440,0.152206,9.701560,3.904400,3.904400
ML-KEM-1024,1048576,1 MB,90,305.099995,74.500000,1.688300,0.322900,2.390800,418.270035,2.280045,0.152206,12.761419,7.829300,7.829300
ML-KEM-1024,1048576,1 MB,91,693.399998,67.599998,1.856900,0.320500,2.938400,340.321263,2.802277,0.152206,23.597876,4.864600,4.864600
ML-KEM-1024,1048576,1 MB,92,417.099996,114.500006,3.081000,0.255600,3.868200,258.518174,3.689003,0.152206,10.782793,5.002900,5.002900
ML-KEM-1024,1048576,1 MB,93,225.800002,46.000001,1.587400,0.307700,2.166900,461.488763,2.066517,0.152206,10.420416,9.691500,9.691500
ML-KEM-1024,1048576,1 MB,94,274.899998,71.800001,1.558900,0.299700,2.205300,453.453045,2.103138,0.152206,12.465424,3.942300,3.942300
ML-KEM-1024,1048576,1 MB,95,387.699998,81.399994,2.567200,0.466200,3.502500,285.510350,3.340244,0.152206,11.069236,4.549900,4.549900
ML-KEM-1024,1048576,1 MB,96,202.299998,34.600002,1.616700,0.317800,2.171400,460.532376,2.070808,0.152206,9.316570,9.398200,9.398200
ML-KEM-1024,1048576,1 MB,97,292.600002,60.700004,1.633100,0.311600,2.298000,435.161010,2.191544,0.152206,12.732811,3.341200,3.341200
ML-KEM-1024,1048576,1 MB,99,234.200001,59.999998,1.991600,0.373800,2.659600,375.996390,2.536392,0.152206,8.805835,8.251700,8.251700
ML-KEM-1024,1048576,1 MB,100,407.100000,91.800001,2.556600,0.444300,3.499800,285.730613,3.337669,0.152206,11.632093,3.605900,3.605900
ML-KEM-1024,1048576,1 MB,101,207.699995,38.099999,3.216100,0.535800,3.997700,250.143832,3.812504,0.152206,5.195487,4.237700,4.237700
ML-KEM-1024,1048576,1 MB,102,371.100003,180.700001,2.860000,0.450300,3.862100,258.926491,3.683186,0.152206,9.608762,8.348000,8.348000
ML-KEM-1024,1048576,1 MB,103,318.300001,73.399999,2.659400,0.296000,3.347100,298.766096,3.192043,0.152206,9.509725,4.091400,4.091400
ML-KEM-1024,1048576,1 MB,105,217.300003,55.100005,1.630800,0.256600,2.159800,463.005835,2.059746,0.152206,10.061117,6.320500,6.320500
ML-KEM-1024,1048576,1 MB,106,365.499996,71.900002,1.856900,0.265700,2.560000,390.625001,2.441406,0.152206,14.277344,4.500300,4.500300
ML-KEM-1024,1048576,1 MB,107,283.299996,46.100002,1.927000,0.612900,2.869300,348.517060,2.736378,0.152206,9.873488,6.220800,6.220800
ML-KEM-1024,1048576,1 MB,108,410.499997,151.799999,1.568500,0.238700,2.369500,422.029964,2.259731,0.152206,17.324330,3.875400,3.875400
ML-KEM-1024,1048576,1 MB,109,245.700001,43.300002,3.217800,0.288000,3.794800,263.518499,3.619003,0.152206,6.474650,5.110500,5.110500
ML-KEM-1024,1048576,1 MB,110,394.400005,185.600002,1.926700,0.306900,2.813600,355.416548,2.683258,0.152206,14.017629,4.732400,4.732400
ML-KEM-1024,1048576,1 MB,111,452.800006,88.699999,1.883200,0.242600,2.667300,374.910959,2.543736,0.152206,16.975968,4.357500,4.357500
ML-KEM-1024,1048576,1 MB,112,260.500005,58.100006,1.571400,0.234200,2.124200,470.765465,2.025795,0.152206,12.263441,3.555000,3.555000
ML-KEM-1024,1048576,1 MB,113,340.999999,103.400002,2.424200,0.261800,3.130400,319.447994,2.985382,0.152206,10.893177,4.431300,4.431300
ML-KEM-1024,1048576,1 MB,114,313.199998,77.199998,2.063500,0.423200,2.877100,347.572208,2.743816,0.152206,10.885962,5.478300,5.478300
ML-KEM-1024,1048576,1 MB,115,245.300005,65.399996,1.828900,0.286800,2.426400,412.133202,2.313995,0.152206,10.109628,3.959000,3.959000
ML-KEM-1024,1048576,1 MB,117,977.800002,126.800005,1.739600,0.286600,3.130800,319.407181,2.985764,0.152206,31.231634,4.702200,4.702200
ML-KEM-1024,1048576,1 MB,118,295.200000,70.099995,1.845000,0.248400,2.458700,406.718998,2.344799,0.152206,12.006345,4.597500,4.597500
ML-KEM-1024,1048576,1 MB,119,292.900004,82.799997,1.546200,0.396300,2.318200,431.369166,2.210808,0.152206,12.634803,3.990300,3.990300
ML-KEM-1024,1048576,1 MB,121,299.699997,70.400005,2.143000,0.315600,2.828700,353.519284,2.697659,0.152206,10.594973,4.099100,4.099100
ML-KEM-1024,1048576,1 MB,122,216.299995,45.000001,1.597700,0.323400,2.182400,458.211144,2.081299,0.152206,9.911107,4.167500,4.167500
ML-KEM-1024,1048576,1 MB,123,320.599996,87.199995,2.119400,0.359100,2.886300,346.464331,2.752590,0.152206,11.107646,3.927000,3.927000
ML-KEM-1024,1048576,1 MB,124,232.699997,51.799994,1.641300,0.299100,2.224900,449.458403,2.121830,0.152206,10.458897,3.666000,3.666000
ML-KEM-1024,1048576,1 MB,125,350.700000,67.200002,2.778900,0.369300,3.566100,280.418384,3.400898,0.152206,9.834273,3.757000,3.757000
ML-KEM-1024,1048576,1 MB,126,278.200001,60.399994,1.816600,0.291700,2.446900,408.680371,2.333546,0.152206,11.369488,4.143300,4.143300
ML-KEM-1024,1048576,1 MB,127,341.500003,79.900004,2.117700,0.337700,2.876800,347.608453,2.743530,0.152206,11.870829,3.489600,3.489600
ML-KEM-1024,1048576,1 MB,128,209.700003,32.299999,1.565000,0.319000,2.126000,470.366886,2.027512,0.152206,9.863594,3.890100,3.890100
ML-KEM-1024,1048576,1 MB,129,240.299996,338.399994,2.322000,0.490000,3.390700,294.924352,3.233624,0.152206,7.087032,4.307600,4.307600
ML-KEM-1024,1048576,1 MB,130,293.400000,50.799994,1.584800,0.282000,2.211000,452.284035,2.108574,0.152206,13.270014,3.876200,3.876200
ML-KEM-1024,1048576,1 MB,131,337.999998,64.099993,1.935300,0.473900,2.811300,355.707324,2.681065,0.152206,12.022907,3.703200,3.703200
ML-KEM-1024,1048576,1 MB,132,213.300002,45.900000,1.609200,0.323700,2.192100,456.183568,2.090549,0.152206,9.730396,4.381200,4.381200
ML-KEM-1024,1048576,1 MB,133,226.299999,38.400001,2.644400,0.467300,3.376400,296.173439,3.219986,0.152206,6.702405,3.942000,3.942000
ML-KEM-1024,1048576,1 MB,135,208.300000,44.100001,2.454700,0.434200,3.141300,318.339541,2.995777,0.152206,6.631013,4.449500,4.449500
ML-KEM-1024,1048576,1 MB,136,200.600000,51.899995,1.622600,0.324500,2.199600,454.628114,2.097702,0.152206,9.119840,3.833500,3.833500
ML-KEM-1024,1048576,1 MB,137,205.899996,40.999999,2.395400,0.694700,3.337000,299.670362,3.182411,0.152206,6.170213,4.345300,4.345300
ML-KEM-1024,1048576,1 MB,139,208.899997,45.400004,1.575500,0.560500,2.390300,418.357528,2.279568,0.152206,8.739489,4.976200,4.976200
ML-KEM-1024,1048576,1 MB,141,206.700002,42.400003,3.081300,0.634300,3.964700,252.225893,3.781033,0.152206,5.213509,7.918200,7.918200
ML-KEM-1024,1048576,1 MB,142,395.200004,91.800001,1.580600,0.230400,2.298000,435.161010,2.191544,0.152206,17.197563,9.027300,9.027300
ML-KEM-1024,1048576,1 MB,143,254.099999,70.100003,1.604000,0.300100,2.228300,448.772607,2.125072,0.152206,11.403312,3.600300,3.600300
ML-KEM-1024,1048576,1 MB,145,285.099995,64.499996,1.731600,0.337900,2.419100,413.376875,2.307034,0.152206,11.785375,8.438300,8.438300
ML-KEM-1024,1048576,1 MB,146,265.600000,61.800005,1.811500,0.312800,2.451700,407.880247,2.338123,0.152206,10.833299,4.232600,4.232600
ML-KEM-1024,1048576,1 MB,148,273.500002,70.100003,1.874800,0.336700,2.555100,391.374115,2.436733,0.152206,10.704082,8.910100,8.910100
ML-KEM-1024,1048576,1 MB,149,249.600002,73.000003,1.665800,0.243500,2.231900,448.048747,2.128506,0.152206,11.183297,4.151900,4.151900
ML-KEM-1024,1048576,1 MB,151,276.700004,61.899998,1.858900,0.386500,2.584000,386.996905,2.464294,0.152206,10.708205,4.585600,4.585600
ML-KEM-1024,1048576,1 MB,152,434.399997,73.599993,2.396000,0.346800,3.250800,307.616587,3.100204,0.152206,13.362864,4.269400,4.269400
ML-KEM-1024,1048576,1 MB,153,401.700003,62.500003,1.768200,0.333600,2.566000,389.711613,2.447128,0.152206,15.654716,5.864900,5.864900
ML-KEM-1024,1048576,1 MB,154,440.199998,118.500000,2.008300,0.243600,2.810600,355.795915,2.680397,0.152206,15.662136,4.156600,4.156600
ML-KEM-1024,1048576,1 MB,155,192.799998,44.599998,1.586400,0.301100,2.124900,470.610382,2.026463,0.152206,9.073368,8.638300,8.638300
ML-KEM-1024,1048576,1 MB,156,517.300003,90.999994,2.345100,0.420300,3.373700,296.410469,3.217411,0.152206,15.333314,7.560600,7.560600
ML-KEM-1024,1048576,1 MB,157,726.099999,89.000001,2.014800,0.332600,3.162500,316.205534,3.015995,0.152206,22.959684,4.105600,4.105600
ML-KEM-1024,1048576,1 MB,159,497.200002,88.999994,2.140200,0.400900,3.127300,319.764653,2.982426,0.152206,15.898699,5.129600,5.129600
ML-KEM-1024,1048576,1 MB,160,487.999998,112.299997,2.120800,0.321800,3.042900,328.633869,2.901936,0.152206,16.037333,4.194800,4.194800
ML-KEM-1024,1048576,1 MB,161,222.800001,57.500001,1.598000,0.297300,2.175600,459.643317,2.074814,0.152206,10.240853,6.482300,6.482300
ML-KEM-1024,1048576,1 MB,162,271.400000,81.899998,2.284900,0.358600,2.996800,333.689268,2.857971,0.152206,9.056327,4.248100,4.248100
ML-KEM-1024,1048576,1 MB,163,228.800003,60.899998,1.695400,0.320800,2.305900,433.670150,2.199078,0.152206,9.922373,4.775700,4.775700
ML-KEM-1024,1048576,1 MB,164,280.000000,73.700001,1.559000,0.227600,2.140300,467.224219,2.041149,0.152206,13.082278,3.525400,3.525400
ML-KEM-1024,1048576,1 MB,165,248.500000,57.700003,1.675000,0.337400,2.318600,431.294746,2.211189,0.152206,10.717674,5.282700,5.282700
ML-KEM-1024,1048576,1 MB,166,232.699997,59.400001,1.731000,0.329300,2.352400,425.097773,2.243423,0.152206,9.892025,3.356100,3.356100
ML-KEM-1024,1048576,1 MB,167,210.700004,47.200003,1.631900,0.334200,2.224000,449.640289,2.120972,0.152206,9.473921,4.853800,4.853800
ML-KEM-1024,1048576,1 MB,169,194.400003,42.599997,1.540200,0.805600,2.582800,387.176707,2.463150,0.152206,7.526715,5.716800,5.716800
ML-KEM-1024,1048576,1 MB,170,269.800003,70.100003,1.507000,0.462600,2.309500,432.994155,2.202511,0.152206,11.682182,4.360000,4.360000
ML-KEM-1024,1048576,1 MB,171,209.899998,55.400000,3.042800,0.500100,3.808200,262.591250,3.631783,0.152206,5.511790,4.063600,4.063600
ML-KEM-1024,1048576,1 MB,172,451.500004,62.799998,1.733700,0.328100,2.576100,388.183689,2.456760,0.152206,17.526494,3.392300,3.392300
ML-KEM-1024,1048576,1 MB,173,201.399998,41.100000,2.651500,0.329900,3.223900,310.183318,3.074551,0.152206,6.247092,5.595500,5.595500
ML-KEM-1024,1048576,1 MB,174,206.900004,58.000005,1.665600,0.312700,2.243200,445.791727,2.139282,0.152206,9.223431,3.735500,3.735500
ML-KEM-1024,1048576,1 MB,175,367.600005,62.199993,2.635500,0.462200,3.527500,283.486889,3.364086,0.152206,10.420978,3.733300,3.733300
ML-KEM-1024,1048576,1 MB,177,353.399999,123.400001,2.986200,0.297500,3.760500,265.922085,3.586292,0.152206,9.397686,3.412200,3.412200
ML-KEM-1024,1048576,1 MB,178,217.599998,38.099999,1.572400,0.311000,2.139100,467.486327,2.040005,0.152206,10.172502,4.856500,4.856500
ML-KEM-1024,1048576,1 MB,179,458.900002,101.300000,2.750800,0.366900,3.677900,271.894287,3.507519,0.152206,12.477229,3.156300,3.156300
ML-KEM-1024,1048576,1 MB,180,249.899997,49.600007,1.747300,0.330600,2.377400,420.627576,2.267265,0.152206,10.511483,5.085100,5.085100
ML-KEM-1024,1048576,1 MB,181,302.799999,101.800004,2.091400,0.340400,2.836400,352.559582,2.705002,0.152206,10.675504,3.817600,3.817600
ML-KEM-1024,1048576,1 MB,182,224.299998,46.199995,1.604500,0.312600,2.187600,457.121960,2.086258,0.152206,10.253245,5.298100,5.298100
ML-KEM-1024,1048576,1 MB,183,815.899999,128.899999,1.755300,0.277500,2.977600,335.840946,2.839661,0.152206,27.401263,3.775800,3.775800
ML-KEM-1024,1048576,1 MB,184,205.800003,38.600003,1.538500,0.313300,2.096200,477.053715,1.999092,0.152206,9.817766,7.609600,7.609600
ML-KEM-1024,1048576,1 MB,185,323.699998,80.300000,1.617500,0.355800,2.377300,420.645270,2.267170,0.152206,13.616287,4.950400,4.950400
ML-KEM-1024,1048576,1 MB,186,211.399994,44.299995,3.445600,0.440200,4.141500,241.458409,3.949642,0.152206,5.104431,6.113600,6.113600
ML-KEM-1024,1048576,1 MB,187,480.499999,199.600006,1.833800,0.209300,2.723200,367.215041,2.597046,0.152206,17.644683,6.700800,6.700800
ML-KEM-1024,1048576,1 MB,190,227.700002,82.999999,1.741400,0.344900,2.397000,417.188151,2.285957,0.152206,9.499374,8.138000,8.138000
ML-KEM-1024,1048576,1 MB,192,194.299995,42.299995,2.226300,0.374100,2.837000,352.485019,2.705574,0.152206,6.848784,6.552500,6.552500
ML-KEM-1024,1048576,1 MB,193,319.300001,84.300002,1.590500,0.305300,2.299400,434.896059,2.192879,0.152206,13.886231,7.634000,7.634000
ML-KEM-1024,1048576,1 MB,194,391.800000,110.800000,2.236700,0.506200,3.245500,308.118934,3.095150,0.152206,12.072100,3.086600,3.086600
ML-KEM-1024,1048576,1 MB,195,199.399998,36.199999,1.615800,0.331600,2.183000,458.085205,2.081871,0.152206,9.134219,10.008200,10.008200
ML-KEM-1024,1048576,1 MB,196,297.899998,74.099997,1.919000,0.238200,2.529200,395.381939,2.412033,0.152206,11.778428,5.974100,5.974100
ML-KEM-1024,1048576,1 MB,197,297.899998,95.500000,1.762200,0.317900,2.473500,404.285426,2.358913,0.152206,12.043663,5.234300,5.234300
ML-KEM-1024,1048576,1 MB,198,241.299997,51.299998,1.689200,0.339600,2.321400,430.774533,2.213860,0.152206,10.394589,7.163800,7.163800
ML-KEM-1024,1048576,1 MB,199,233.100000,52.800002,1.489600,0.325400,2.100900,475.986483,2.003574,0.152206,11.095245,3.916500,3.916500
ML-KEM-1024,1048576,1 MB,200,207.900004,37.199999,2.722900,1.322700,4.290700,233.062204,4.091930,0.152206,4.845363,5.097000,5.097000
ML-KEM-1024,1048576,1 MB,201,343.799999,122.900004,2.156900,0.318300,2.941900,339.916380,2.805614,0.152206,11.686325,4.159000,4.159000
ML-KEM-1024,1048576,1 MB,202,459.199997,205.600001,3.259300,0.241600,4.165700,240.055693,3.972721,0.152206,11.023357,3.952900,3.952900
ML-KEM-1024,1048576,1 MB,203,223.899995,44.299995,1.599700,0.303200,2.171100,460.596013,2.070522,0.152206,10.312744,6.188200,6.188200
ML-KEM-1024,1048576,1 MB,204,362.699997,219.300004,1.924200,0.242400,2.748600,363.821581,2.621269,0.152206,13.195809,3.599300,3.599300
ML-KEM-1024,1048576,1 MB,205,196.200002,36.600002,2.565500,0.332100,3.130400,319.447994,2.985382,0.152206,6.267570,5.172600,5.172600
ML-KEM-1024,1048576,1 MB,206,422.899997,153.100002,1.835100,0.353000,2.764100,361.781412,2.636051,0.152206,15.299736,3.900500,3.900500
ML-KEM-1024,1048576,1 MB,208,204.900003,29.800001,1.569200,0.301600,2.105500,474.946568,2.007961,0.152206,9.731655,7.774900,7.774900
ML-KEM-1024,1048576,1 MB,209,332.600001,102.400001,1.937400,0.249300,2.621700,381.431895,2.500248,0.152206,12.686425,3.734200,3.734200
ML-KEM-1024,1048576,1 MB,210,208.899997,43.699998,1.589200,0.480200,2.322000,430.663221,2.214432,0.152206,8.996555,6.956600,6.956600
ML-KEM-1024,1048576,1 MB,212,314.200006,56.800003,1.699600,0.314400,2.385000,419.287212,2.274513,0.152206,13.174004,6.093300,6.093300
ML-KEM-1024,1048576,1 MB,213,325.900000,64.200001,1.814400,0.466000,2.670500,374.461712,2.546787,0.152206,12.203707,3.519800,3.519800
ML-KEM-1024,1048576,1 MB,214,219.199996,53.600001,1.649500,0.333700,2.256000,443.262411,2.151489,0.152206,9.716312,5.989100,5.989100
ML-KEM-1024,1048576,1 MB,215,243.899995,51.800002,1.594600,0.307300,2.197600,455.041864,2.095795,0.152206,11.098471,3.817200,3.817200
ML-KEM-1024,1048576,1 MB,216,203.899996,41.799998,2.895600,0.550200,3.691500,270.892591,3.520489,0.152206,5.523500,4.898400,4.898400
ML-KEM-1024,1048576,1 MB,217,209.400001,46.699999,1.507100,0.341500,2.104700,475.127095,2.007198,0.152206,9.949161,3.913300,3.913300
ML-KEM-1024,1048576,1 MB,218,1159.099993,73.999996,2.832100,0.446900,4.512100,221.626294,4.303074,0.152206,25.688704,3.522200,3.522200
ML-KEM-1024,1048576,1 MB,219,223.600000,48.499998,1.683300,0.324800,2.280200,438.558021,2.174568,0.152206,9.806157,3.666900,3.666900
ML-KEM-1024,1048576,1 MB,220,346.000001,55.400000,3.590600,0.459000,4.451000,224.668614,4.244804,0.152206,7.773534,3.889400,3.889400
ML-KEM-1024,1048576,1 MB,221,300.899999,53.399999,2.420800,0.561000,3.336100,299.751206,3.181553,0.152206,9.019514,6.245800,6.245800
ML-KEM-1024,1048576,1 MB,222,513.799998,77.100005,1.550800,0.255500,2.397200,417.153346,2.286148,0.152206,21.433339,3.338400,3.338400
ML-KEM-1024,1048576,1 MB,223,258.500004,51.900002,1.828200,0.307900,2.446500,408.747189,2.333164,0.152206,10.566115,6.502200,6.502200
ML-KEM-1024,1048576,1 MB,225,279.799999,46.900001,1.587600,0.322200,2.236500,447.127208,2.132893,0.152206,12.510619,6.835000,6.835000
ML-KEM-1024,1048576,1 MB,226,349.299997,87.699998,1.773600,0.235100,2.445700,408.880892,2.332401,0.152206,14.282209,4.206300,4.206300
ML-KEM-1024,1048576,1 MB,227,203.900003,40.600004,2.176400,0.330900,2.751800,363.398503,2.624321,0.152206,7.409696,4.610000,4.610000
ML-KEM-1024,1048576,1 MB,229,210.700004,42.600004,2.452500,0.551400,3.257200,307.012158,3.106308,0.152206,6.468746,4.812000,4.812000
ML-KEM-1024,1048576,1 MB,230,226.200005,52.199997,1.766500,0.227700,2.272600,440.024642,2.167320,0.152206,9.953358,3.657600,3.657600
ML-KEM-1024,1048576,1 MB,232,224.000003,49.200004,1.730700,0.330800,2.334700,428.320555,2.226543,0.152206,9.594381,7.784500,7.784500
ML-KEM-1024,1048576,1 MB,233,414.900001,81.599996,2.282800,0.319900,3.099200,322.663913,2.955627,0.152206,13.387326,4.064000,4.064000
ML-KEM-1024,1048576,1 MB,235,363.700005,81.500002,3.599000,0.510600,4.554800,219.548608,4.343796,0.152206,7.984983,5.750500,5.750500
ML-KEM-1024,1048576,1 MB,236,647.800000,82.000006,1.703500,0.266500,2.699800,370.397808,2.574730,0.152206,23.994370,8.694000,8.694000
ML-KEM-1024,1048576,1 MB,237,270.000004,164.500001,1.595900,0.264400,2.294800,435.767823,2.188492,0.152206,11.765731,5.011100,5.011100
ML-KEM-1024,1048576,1 MB,238,398.299999,69.599999,2.929700,0.323200,3.720800,268.759407,3.548431,0.152206,10.704687,4.848400,4.848400
ML-KEM-1024,1048576,1 MB,239,263.099995,66.499997,2.044400,0.417900,2.791900,358.179018,2.662563,0.152206,9.423690,5.999300,5.999300
ML-KEM-1024,1048576,1 MB,240,306.599999,67.800000,1.736200,0.236000,2.346600,426.148469,2.237892,0.152206,13.065712,3.349400,3.349400
ML-KEM-1024,1048576,1 MB,241,271.199999,73.300005,1.974100,0.314200,2.632800,379.823761,2.510834,0.152206,10.300820,6.277500,6.277500
ML-KEM-1024,1048576,1 MB,243,269.500000,51.999996,1.902100,0.608600,2.832200,353.082409,2.700996,0.152206,9.515571,5.399900,5.399900
ML-KEM-1024,1048576,1 MB,244,227.400000,47.499998,1.442600,0.407300,2.124800,470.632531,2.026367,0.152206,10.702184,3.981600,3.981600
ML-KEM-1024,1048576,1 MB,245,201.600000,44.599998,1.640600,0.984900,2.871700,348.225790,2.738667,0.152206,7.020232,4.603100,4.603100
ML-KEM-1024,1048576,1 MB,248,403.699996,97.899996,1.650000,0.250100,2.401700,416.371736,2.290440,0.152206,16.808927,3.497900,3.497900
ML-KEM-1024,1048576,1 MB,249,249.099998,48.700000,1.948700,1.169700,3.416200,292.722908,3.257942,0.152206,7.291728,4.144200,4.144200
ML-KEM-1024,1048576,1 MB,250,203.600001,42.100000,1.652800,0.330300,2.228800,448.671932,2.125549,0.152206,9.134961,4.418700,4.418700
ML-KEM-1024,1048576,1 MB,251,212.200001,45.100001,3.280500,0.574000,4.111800,243.202490,3.921318,0.152206,5.160757,4.533600,4.533600
ML-KEM-1024,1048576,1 MB,252,206.800003,54.700002,1.668200,0.364300,2.294000,435.919791,2.187729,0.152206,9.014821,5.916600,5.916600
ML-KEM-1024,1048576,1 MB,253,435.900001,75.099997,1.786800,0.238100,2.535900,394.337316,2.418423,0.152206,17.189164,3.320400,3.320400
ML-KEM-1024,1048576,1 MB,254,272.199999,73.000003,1.932000,0.454400,2.731600,366.085810,2.605057,0.152206,9.964856,4.784900,4.784900
ML-KEM-1024,1048576,1 MB,255,377.200005,87.699998,2.067600,0.248400,2.780900,359.595814,2.652073,0.152206,13.563954,3.661000,3.661000
ML-KEM-1024,1048576,1 MB,256,261.199995,47.399997,1.592300,0.309400,2.210300,452.427272,2.107906,0.152206,11.817400,5.070400,5.070400
ML-KEM-1024,1048576,1 MB,257,464.099998,140.400000,2.069300,0.254000,2.927800,341.553385,2.792168,0.152206,15.851493,3.726900,3.726900
ML-KEM-1024,1048576,1 MB,258,226.099997,42.100000,1.756700,0.354900,2.379800,420.203379,2.269554,0.152206,9.500798,6.262500,6.262500
ML-KEM-1024,1048576,1 MB,259,390.699999,71.900002,1.887700,0.248000,2.598300,384.867029,2.477932,0.152206,15.036755,3.845200,3.845200
ML-KEM-1024,1048576,1 MB,260,193.000000,58.899997,1.623000,0.324900,2.199800,454.586780,2.097893,0.152206,8.773525,8.525600,8.525600
ML-KEM-1024,1048576,1 MB,261,406.500003,72.700001,2.231600,0.324900,3.035700,329.413315,2.895069,0.152206,13.390651,4.482500,4.482500
ML-KEM-1024,1048576,1 MB,262,951.599999,88.400004,3.413800,0.290300,4.744100,210.788137,4.524326,0.152206,20.058599,4.154900,4.154900
ML-KEM-1024,1048576,1 MB,263,219.199996,51.399998,1.921100,0.255700,2.447400,408.596879,2.334023,0.152206,8.956443,6.191400,6.191400
ML-KEM-1024,1048576,1 MB,264,386.599997,97.299999,2.355600,0.402400,3.241900,308.461088,3.091717,0.152206,11.925106,4.266100,4.266100
ML-KEM-1024,1048576,1 MB,265,244.600000,81.599996,3.181500,0.337400,3.845100,260.071260,3.666973,0.152206,6.361343,5.180000,5.180000
ML-KEM-1024,1048576,1 MB,266,461.700001,86.700005,1.905000,0.269600,2.723000,367.242012,2.596855,0.152206,16.955564,4.185200,4.185200
ML-KEM-1024,1048576,1 MB,267,361.700004,92.299997,3.417900,0.475800,4.347700,230.006670,4.146290,0.152206,8.319341,11.802500,11.802500
ML-KEM-1024,1048576,1 MB,268,487.300000,639.999998,2.350500,0.268500,3.746300,266.930038,3.572750,0.152206,13.007501,4.940800,4.940800
ML-KEM-1024,1048576,1 MB,269,364.499996,109.699999,2.120300,0.528900,3.123400,320.163924,2.978706,0.152206,11.669975,5.901600,5.901600
ML-KEM-1024,1048576,1 MB,270,324.599998,78.200006,2.384000,0.282000,3.068800,325.860271,2.926636,0.152206,10.577424,9.068200,9.068200
ML-KEM-1024,1048576,1 MB,271,343.500004,98.999997,2.016500,0.293200,2.752200,363.345687,2.624702,0.152206,12.480924,6.103800,6.103800
ML-KEM-1024,1048576,1 MB,272,376.899996,78.799996,2.960800,0.399800,3.816300,262.033907,3.639507,0.152206,9.876058,7.065600,7.065600
ML-KEM-1024,1048576,1 MB,273,436.000002,82.300001,1.935300,0.312900,2.766500,361.467559,2.638340,0.152206,15.759986,6.285000,6.285000
ML-KEM-1024,1048576,1 MB,274,423.999998,124.800004,2.316500,0.302900,3.168200,315.636639,3.021431,0.152206,13.382993,3.867500,3.867500
ML-KEM-1024,1048576,1 MB,275,285.499998,73.499999,2.198800,0.379500,2.937300,340.448711,2.801228,0.152206,9.719811,4.115700,4.115700
ML-KEM-1024,1048576,1 MB,276,286.600000,76.199998,2.079900,0.289000,2.731700,366.072409,2.605152,0.152206,10.491635,3.739100,3.739100
ML-KEM-1024,1048576,1 MB,277,268.900003,46.200003,2.163800,0.342800,2.821700,354.396286,2.690983,0.152206,9.529716,6.587300,6.587300
ML-KEM-1024,1048576,1 MB,278,335.000004,93.800001,1.875300,0.310600,2.614700,382.453055,2.493572,0.152206,12.812177,5.162100,5.162100
ML-KEM-1024,1048576,1 MB,279,384.700004,88.099994,1.957100,0.306800,2.736700,365.403588,2.609921,0.152206,14.057076,4.209600,4.209600
ML-KEM-1024,1048576,1 MB,280,241.600006,61.399995,1.735000,0.347100,2.385100,419.269632,2.274609,0.152206,10.129555,3.811800,3.811800
ML-KEM-1024,1048576,1 MB,281,381.099999,81.100006,2.880200,0.442100,3.784500,264.235698,3.609180,0.152206,10.070022,4.456000,4.456000
ML-KEM-1024,1048576,1 MB,282,407.000000,86.799999,2.180700,0.325800,3.000300,333.300003,2.861309,0.152206,13.565310,5.430500,5.430500
ML-KEM-1024,1048576,1 MB,283,261.699999,61.799998,1.542500,0.281300,2.147300,465.701113,2.047825,0.152206,12.187398,4.381500,4.381500
ML-KEM-1024,1048576,1 MB,284,232.600003,46.300003,1.649800,0.326000,2.254700,443.517985,2.150249,0.152206,10.316228,5.524600,5.524600
ML-KEM-1024,1048576,1 MB,285,288.499999,60.899998,1.723900,0.400400,2.473700,404.252739,2.359104,0.152206,11.662691,4.160500,4.160500
ML-KEM-1024,1048576,1 MB,286,225.200005,70.399998,1.724600,0.366300,2.386500,419.023675,2.275944,0.152206,9.436413,4.854200,4.854200
ML-KEM-1024,1048576,1 MB,287,293.600002,71.799994,1.583000,0.281200,2.229600,448.510943,2.126312,0.152206,13.168281,3.966400,3.966400
ML-KEM-1024,1048576,1 MB,288,197.200003,45.699999,1.616100,0.302900,2.161900,462.556084,2.061749,0.152206,9.121606,4.385000,4.385000
ML-KEM-1024,1048576,1 MB,289,293.300000,72.700001,2.087500,0.293500,2.747000,364.033491,2.619743,0.152206,10.677102,3.932100,3.932100
ML-KEM-1024,1048576,1 MB,290,208.300000,41.799998,1.678200,0.323100,2.251400,444.168073,2.147102,0.152206,9.252021,4.916400,4.916400
ML-KEM-1024,1048576,1 MB,291,272.999998,82.300001,1.762200,0.231000,2.348500,425.803705,2.239704,0.152206,11.624441,3.967300,3.967300
ML-KEM-1024,1048576,1 MB,292,217.800000,42.600004,1.663300,0.305100,2.228800,448.671930,2.125549,0.152206,9.772075,4.968000,4.968000
ML-KEM-1024,1048576,1 MB,293,507.700002,107.200001,1.988600,0.355900,2.959400,337.906332,2.822304,0.152206,17.155505,3.659100,3.659100
ML-KEM-1024,1048576,1 MB,294,249.800003,47.000001,1.622200,0.330600,2.249600,444.523472,2.145386,0.152206,11.104196,5.338700,5.338700
ML-KEM-1024,1048576,1 MB,295,310.700001,100.900004,1.851000,0.261600,2.524200,396.165122,2.407265,0.152206,12.308850,3.564200,3.564200
ML-KEM-1024,1048576,1 MB,296,206.799996,40.800005,2.151500,0.411000,2.810100,355.859221,2.679920,0.152206,7.359169,5.293600,5.293600
ML-KEM-1024,1048576,1 MB,297,375.099997,142.000004,1.854000,0.262200,2.633300,379.751643,2.511311,0.152206,14.244484,3.357600,3.357600
ML-KEM-1024,1048576,1 MB,298,257.099993,54.899996,2.207300,0.338400,2.857700,349.931764,2.725315,0.152206,8.996745,4.822400,4.822400
ML-KEM-1024,1048576,1 MB,299,301.799999,106.100000,1.819700,0.386400,2.614000,382.555471,2.492905,0.152206,11.545524,3.543500,3.543500
ML-KEM-1024,2097152,2 MB,1,297.899998,99.600002,2.918000,0.518000,3.833500,521.716447,1.827955,0.076103,7.770966,7.777700,7.777700
ML-KEM-1024,2097152,2 MB,2,261.500005,75.199998,3.548400,0.630700,4.515800,442.889411,2.153301,0.076103,5.790779,6.575200,6.575200
ML-KEM-1024,2097152,2 MB,3,393.499999,89.699999,2.860600,0.535800,3.879600,515.517064,1.849937,0.076103,10.142798,6.571000,6.571000
ML-KEM-1024,2097152,2 MB,4,476.199995,206.099998,4.194100,0.557000,5.433400,368.093643,2.590847,0.076103,8.764310,13.556000,13.556000
ML-KEM-1024,2097152,2 MB,5,340.999999,77.500001,3.202000,0.553100,4.173600,479.202607,1.990128,0.076103,8.170404,15.016600,15.016600
ML-KEM-1024,2097152,2 MB,7,264.900002,76.600001,3.013000,0.552000,3.906500,511.967234,1.862764,0.076103,6.781006,12.281100,12.281100
ML-KEM-1024,2097152,2 MB,8,261.000001,91.400005,2.783600,0.694900,3.830900,522.070532,1.826715,0.076103,6.813020,8.068800,8.068800
ML-KEM-1024,2097152,2 MB,9,305.900001,101.899997,3.048200,0.528700,3.984700,501.919843,1.900053,0.076103,7.676864,8.841500,8.841500
ML-KEM-1024,2097152,2 MB,10,298.899999,71.899995,3.759400,0.652700,4.782900,418.156349,2.280664,0.076103,6.249347,8.405400,8.405400
ML-KEM-1024,2097152,2 MB,11,280.400003,71.999995,2.873900,0.553000,3.779300,529.198529,1.802111,0.076103,7.419363,8.529900,8.529900
ML-KEM-1024,2097152,2 MB,12,542.099995,112.700000,2.807200,0.385600,3.847600,519.804553,1.834679,0.076103,14.089302,5.879200,5.879200
ML-KEM-1024,2097152,2 MB,13,314.700002,79.500001,3.633700,0.393500,4.421400,452.345412,2.108288,0.076103,7.117655,7.075400,7.075400
ML-KEM-1024,2097152,2 MB,14,476.999994,536.499996,3.464100,0.404900,4.882500,409.626216,2.328157,0.076103,9.769585,7.157800,7.157800
ML-KEM-1024,2097152,2 MB,15,395.899995,153.500005,3.405500,0.438900,4.393800,455.186854,2.095127,0.076103,9.010424,6.723300,6.723300
ML-KEM-1024,2097152,2 MB,16,332.800002,116.100004,6.171500,0.591100,7.211500,277.334812,3.438711,0.076103,4.614851,6.327100,6.327100
ML-KEM-1024,2097152,2 MB,17,490.200000,162.400000,5.281900,0.406500,6.341000,315.407664,3.023624,0.076103,7.730642,5.810300,5.810300
ML-KEM-1024,2097152,2 MB,18,259.799999,94.200004,3.871400,0.751000,4.976400,401.896954,2.372932,0.076103,5.220641,6.353900,6.353900
ML-KEM-1024,2097152,2 MB,19,270.799996,72.899995,2.862300,0.524200,3.730200,536.164280,1.778698,0.076103,7.259664,7.892300,7.892300
ML-KEM-1024,2097152,2 MB,20,326.399997,79.099998,2.860000,0.374200,3.639700,549.495838,1.735544,0.076103,8.967772,8.495500,8.495500
ML-KEM-1024,2097152,2 MB,21,257.899999,74.000003,2.863200,0.502800,3.697900,540.847508,1.763296,0.076103,6.974229,8.533700,8.533700
ML-KEM-1024,2097152,2 MB,23,670.900001,142.800003,2.919800,0.556400,4.289900,466.211334,2.045584,0.076103,15.639059,5.768000,5.768000
ML-KEM-1024,2097152,2 MB,24,399.400000,128.400003,3.265100,0.707900,4.500800,444.365446,2.146149,0.076103,8.873978,5.833300,5.833300
ML-KEM-1024,2097152,2 MB,25,276.200000,151.000000,2.933800,0.515700,3.876700,515.902701,1.848555,0.076103,7.124616,6.450700,6.450700
ML-KEM-1024,2097152,2 MB,26,1525.300002,99.700002,3.273100,0.565100,5.463200,366.085810,2.605057,0.076103,27.919534,6.022400,6.022400
ML-KEM-1024,2097152,2 MB,27,246.899996,65.300002,6.748900,0.775500,7.836600,255.212720,3.736782,0.076103,3.150601,5.637400,5.637400
ML-KEM-1024,2097152,2 MB,31,368.599998,191.599996,3.834600,1.182400,5.577200,358.602883,2.659416,0.076103,6.609051,5.378500,5.378500
ML-KEM-1024,2097152,2 MB,33,550.299999,297.099999,3.477700,0.425900,4.751000,420.964008,2.265453,0.076103,11.582825,10.741400,10.741400
ML-KEM-1024,2097152,2 MB,35,432.399996,129.499997,4.215000,0.716600,5.493500,364.066624,2.619505,0.076103,7.871120,5.540700,5.540700
ML-KEM-1024,2097152,2 MB,36,1115.899999,287.800001,3.264700,0.591500,5.259900,380.235366,2.508116,0.076103,21.215232,6.015100,6.015100
ML-KEM-1024,2097152,2 MB,37,391.299996,127.899999,3.654300,0.529000,4.702500,425.305689,2.242327,0.076103,8.321106,5.067400,5.067400
ML-KEM-1024,2097152,2 MB,38,377.800003,77.900004,6.097800,0.548600,7.102100,281.606849,3.386545,0.076103,5.319553,5.300500,5.300500
ML-KEM-1024,2097152,2 MB,39,451.400003,119.600001,5.343300,0.758900,6.673200,299.706288,3.182030,0.076103,6.764371,5.531600,5.531600
ML-KEM-1024,2097152,2 MB,40,282.599998,73.200004,5.801600,0.448100,6.605500,302.777988,3.149748,0.076103,4.278253,5.901300,5.901300
ML-KEM-1024,2097152,2 MB,41,286.100003,87.699998,3.512500,0.603700,4.490000,445.434299,2.140999,0.076103,6.371938,7.675100,7.675100
ML-KEM-1024,2097152,2 MB,42,412.400004,119.700002,5.169300,1.447900,7.149300,279.747668,3.409052,0.076103,5.768397,5.668400,5.668400
ML-KEM-1024,2097152,2 MB,43,608.400005,108.100001,3.786200,0.803800,5.306500,376.896260,2.530336,0.076103,11.465184,7.319400,7.319400
ML-KEM-1024,2097152,2 MB,44,348.900001,113.299997,3.299200,0.583400,4.344800,460.320383,2.071762,0.076103,8.030289,6.330900,6.330900
ML-KEM-1024,2097152,2 MB,46,466.500001,111.099995,4.190200,0.641100,5.408900,369.760950,2.579165,0.076103,8.624674,5.826100,5.826100
ML-KEM-1024,2097152,2 MB,47,275.300001,94.199997,2.999300,0.536100,3.904900,512.177008,1.862001,0.076103,7.050117,7.956900,7.956900
ML-KEM-1024,2097152,2 MB,48,403.700004,115.300005,3.026900,0.523600,4.069500,491.460867,1.940489,0.076103,9.920138,8.049000,8.049000
ML-KEM-1024,2097152,2 MB,49,253.200000,75.500000,2.911100,0.533100,3.772900,530.096212,1.799059,0.076103,6.711018,7.189800,7.189800
ML-KEM-1024,2097152,2 MB,50,392.299997,133.399997,3.436600,0.380300,4.342600,460.553586,2.070713,0.076103,9.033759,5.925800,5.925800
ML-KEM-1024,2097152,2 MB,51,625.900000,151.300002,3.569400,0.407500,4.754100,420.689511,2.266932,0.076103,13.165478,5.284400,5.284400
ML-KEM-1024,2097152,2 MB,52,260.100001,65.799999,4.722400,0.707300,5.755600,347.487664,2.744484,0.076103,4.519077,5.440600,5.440600
ML-KEM-1024,2097152,2 MB,53,290.200005,122.899997,3.351000,1.420400,5.184500,385.765262,2.472162,0.076103,5.597454,6.326000,6.326000
ML-KEM-1024,2097152,2 MB,54,275.300001,88.400004,3.173100,0.505500,4.042300,494.767830,1.927519,0.076103,6.810479,7.672700,7.672700
ML-KEM-1024,2097152,2 MB,55,302.799999,96.099997,3.228500,0.545300,4.172700,479.305965,1.989698,0.076103,7.256692,8.116800,8.116800
ML-KEM-1024,2097152,2 MB,56,416.299998,85.700005,2.983400,0.557400,4.042800,494.706639,1.927757,0.076103,10.297319,7.461300,7.461300
ML-KEM-1024,2097152,2 MB,57,548.800002,123.500002,3.153800,0.537500,4.363600,458.337152,2.080727,0.076103,12.576772,5.769200,5.769200
ML-KEM-1024,2097152,2 MB,58,444.600002,144.400001,3.674800,0.564300,4.828100,414.241627,2.302217,0.076103,9.208591,5.658300,5.658300
ML-KEM-1024,2097152,2 MB,59,240.699999,60.999999,6.043400,0.591200,6.936300,288.338163,3.307486,0.076103,3.470150,5.550500,5.550500
ML-KEM-1024,2097152,2 MB,60,265.399998,141.500001,4.516800,1.036900,5.960600,335.536691,2.842236,0.076103,4.452572,5.959300,5.959300
ML-KEM-1024,2097152,2 MB,61,447.800005,103.699997,3.587400,1.064500,5.203400,384.364070,2.481174,0.076103,8.605912,7.154100,7.154100
ML-KEM-1024,2097152,2 MB,62,290.600001,79.400001,3.415600,0.536600,4.322200,462.727315,2.060986,0.076103,6.723428,7.268900,7.268900
ML-KEM-1024,2097152,2 MB,63,300.000000,91.400005,3.175700,0.575600,4.142700,482.776933,1.975393,0.076103,7.241654,7.603700,7.603700
ML-KEM-1024,2097152,2 MB,64,259.799999,71.200004,2.919700,0.537600,3.788300,527.941292,1.806402,0.076103,6.857957,8.345400,8.345400
ML-KEM-1024,2097152,2 MB,66,466.500001,163.600002,3.324600,0.390600,4.345300,460.267415,2.072001,0.076103,10.735737,6.727900,6.727900
ML-KEM-1024,2097152,2 MB,68,2483.500000,340.700004,3.257100,0.653000,6.734300,296.987066,3.211164,0.076103,36.878369,5.861400,5.861400
ML-KEM-1024,2097152,2 MB,69,762.099997,94.700001,4.033500,0.601900,5.492200,364.152799,2.618885,0.076103,13.876042,8.697900,8.697900
ML-KEM-1024,2097152,2 MB,70,331.600000,114.300004,3.981000,0.608200,5.035100,397.211575,2.400923,0.076103,6.585768,9.970400,9.970400
ML-KEM-1024,2097152,2 MB,71,311.700001,111.100002,4.178200,0.538300,5.139300,389.158056,2.450609,0.076103,6.065028,8.719900,8.719900
ML-KEM-1024,2097152,2 MB,72,303.000001,77.999997,3.125000,0.582600,4.088600,489.164995,1.949596,0.076103,7.410850,8.756200,8.756200
ML-KEM-1024,2097152,2 MB,73,299.200001,80.500002,2.854400,0.576900,3.811000,524.796641,1.817226,0.076103,7.850958,7.555300,7.555300
ML-KEM-1024,2097152,2 MB,74,578.899999,146.999999,3.377400,0.737400,4.840700,413.163386,2.308226,0.076103,11.959014,5.852000,5.852000
ML-KEM-1024,2097152,2 MB,75,539.400004,122.899997,3.782200,0.555900,5.000400,399.968003,2.384377,0.076103,10.787137,8.370100,8.370100
ML-KEM-1024,2097152,2 MB,76,618.800004,165.099998,4.265400,0.660100,5.709400,350.299506,2.722454,0.076103,10.838267,8.808900,8.808900
ML-KEM-1024,2097152,2 MB,77,455.800000,79.800004,3.514200,0.699500,4.749300,421.114690,2.264643,0.076103,9.597204,10.174900,10.174900
ML-KEM-1024,2097152,2 MB,78,263.800001,79.200006,3.841300,0.608200,4.792500,417.318727,2.285242,0.076103,5.504434,9.409900,9.409900
ML-KEM-1024,2097152,2 MB,79,263.000002,77.800003,3.104300,0.573700,4.018800,497.660994,1.916313,0.076103,6.544242,8.167300,8.167300
ML-KEM-1024,2097152,2 MB,80,267.899995,75.300006,3.322200,0.710700,4.376100,457.027947,2.086687,0.076103,6.121889,5.447800,5.447800
ML-KEM-1024,2097152,2 MB,81,423.400001,208.899997,3.175900,0.489900,4.298100,465.321886,2.049494,0.076103,9.850864,5.623000,5.623000
ML-KEM-1024,2097152,2 MB,82,349.900001,109.399996,3.649200,0.572600,4.681100,427.250005,2.232122,0.076103,7.474739,4.976000,4.976000
ML-KEM-1024,2097152,2 MB,83,246.600001,61.699997,4.575200,0.709800,5.593300,357.570665,2.667093,0.076103,4.408846,6.765200,6.765200
ML-KEM-1024,2097152,2 MB,84,451.100001,93.099996,2.803500,0.523500,3.871200,516.635668,1.845932,0.076103,11.652718,6.475700,6.475700
ML-KEM-1024,2097152,2 MB,85,269.800003,79.999998,2.963700,2.347900,5.661400,353.269509,2.699566,0.076103,4.765606,6.342100,6.342100
ML-KEM-1024,2097152,2 MB,86,287.299998,78.199999,2.883300,0.527100,3.775900,529.675045,1.800489,0.076103,7.608782,9.342400,9.342400
ML-KEM-1024,2097152,2 MB,87,419.999997,91.499998,2.833700,0.502800,3.848000,519.750520,1.834869,0.076103,10.914761,8.994900,8.994900
ML-KEM-1024,2097152,2 MB,88,333.700002,72.600000,2.829600,0.552100,3.788000,527.983104,1.806259,0.076103,8.809398,9.358800,9.358800
ML-KEM-1024,2097152,2 MB,89,261.900001,74.999996,2.860500,0.537900,3.735300,535.432228,1.781130,0.076103,7.011485,8.338300,8.338300
ML-KEM-1024,2097152,2 MB,91,270.099998,78.300000,2.997800,0.534600,3.880800,515.357659,1.850510,0.076103,6.959905,9.805800,9.805800
ML-KEM-1024,2097152,2 MB,93,382.999999,130.100001,3.192900,0.514700,4.220700,473.855048,2.012587,0.076103,9.074324,10.550700,10.550700
ML-KEM-1024,2097152,2 MB,94,263.399997,77.000004,3.097300,1.179300,4.617000,433.181720,2.201557,0.076103,5.705003,11.613400,11.613400
ML-KEM-1024,2097152,2 MB,96,270.800003,90.900001,3.186800,0.516000,4.064500,492.065445,1.938105,0.076103,6.662566,7.283000,7.283000
ML-KEM-1024,2097152,2 MB,97,286.899995,116.700001,3.944300,1.522900,5.870800,340.669074,2.799416,0.076103,4.886898,7.326500,7.326500
ML-KEM-1024,2097152,2 MB,98,325.800000,97.400000,2.998900,0.574300,3.996400,500.450405,1.905632,0.076103,8.152337,10.649100,10.649100
ML-KEM-1024,2097152,2 MB,99,338.799997,102.500002,4.477700,0.738700,5.657700,353.500539,2.697802,0.076103,5.988299,6.171200,6.171200
ML-KEM-1024,2097152,2 MB,100,495.100001,169.899999,3.198400,0.538800,4.402200,454.318295,2.099133,0.076103,11.246649,9.091000,9.091000
ML-KEM-1024,2097152,2 MB,101,324.900000,76.200005,2.737900,0.682100,3.821100,523.409490,1.822042,0.076103,8.502787,9.869000,9.869000
ML-KEM-1024,2097152,2 MB,102,368.500005,132.400004,3.636000,1.614300,5.751200,347.753512,2.742386,0.076103,6.407359,6.475700,6.475700
ML-KEM-1024,2097152,2 MB,104,360.600003,110.900000,5.232800,0.506200,6.210500,322.035263,2.961397,0.076103,5.806296,5.636000,5.636000
ML-KEM-1024,2097152,2 MB,105,372.399998,99.899997,3.013000,1.892600,5.377900,371.892374,2.564383,0.076103,6.924636,8.118300,8.118300
ML-KEM-1024,2097152,2 MB,106,481.600000,90.300004,2.961700,1.434200,4.967800,402.592696,2.368832,0.076103,9.694432,6.740000,6.740000
ML-KEM-1024,2097152,2 MB,107,441.799995,97.099997,2.808400,0.520900,3.868200,517.036347,1.844501,0.076103,11.421333,8.270900,8.270900
ML-KEM-1024,2097152,2 MB,108,289.600001,101.199999,3.167100,0.532500,4.090400,488.949736,1.950455,0.076103,7.079992,8.027600,8.027600
ML-KEM-1024,2097152,2 MB,109,369.899994,236.100001,2.767400,0.512500,3.885900,514.681284,1.852942,0.076103,9.519030,8.016300,8.016300
ML-KEM-1024,2097152,2 MB,110,464.000004,126.100000,2.668500,0.675300,3.933900,508.401332,1.875830,0.076103,11.794911,8.486300,8.486300
ML-KEM-1024,2097152,2 MB,111,456.900001,131.199995,3.474800,0.404200,4.467100,447.717759,2.130079,0.076103,10.228112,5.197600,5.197600
ML-KEM-1024,2097152,2 MB,112,397.199998,107.000000,4.158800,0.363200,5.026200,397.914926,2.396679,0.076103,7.902590,5.880600,5.880600
ML-KEM-1024,2097152,2 MB,113,440.600001,91.000002,4.576900,0.462000,5.570500,359.034198,2.656221,0.076103,7.909523,5.114100,5.114100
ML-KEM-1024,2097152,2 MB,114,296.200000,81.799997,2.889700,0.532000,3.799700,526.357345,1.811838,0.076103,7.795352,9.089400,9.089400
ML-KEM-1024,2097152,2 MB,117,357.299999,97.900003,4.459500,0.752500,5.667200,352.907962,2.702332,0.076103,6.304701,10.407700,10.407700
ML-KEM-1024,2097152,2 MB,118,631.800001,114.900002,5.052200,0.491100,6.290000,317.965024,2.999306,0.076103,10.044515,7.127400,7.127400
ML-KEM-1024,2097152,2 MB,119,336.000005,88.500004,4.948500,0.913000,6.286000,318.167356,2.997398,0.076103,5.345212,8.513100,8.513100
ML-KEM-1024,2097152,2 MB,120,390.300003,82.799997,4.224300,0.595400,5.292800,377.871826,2.523804,0.076103,7.374169,7.411100,7.411100
ML-KEM-1024,2097152,2 MB,121,398.000004,75.500000,4.122600,1.214800,5.810900,344.180764,2.770853,0.076103,6.849197,8.462800,8.462800
ML-KEM-1024,2097152,2 MB,122,321.300002,79.099998,3.048800,0.478100,3.927300,509.255723,1.872683,0.076103,8.181193,6.276600,6.276600
ML-KEM-1024,2097152,2 MB,123,250.300000,71.800001,2.811500,0.511300,3.644900,548.711898,1.738024,0.076103,6.867129,15.411300,15.411300
ML-KEM-1024,2097152,2 MB,124,479.800001,156.000002,4.991100,0.468600,6.095500,328.110901,2.906561,0.076103,7.871381,6.246000,6.246000
ML-KEM-1024,2097152,2 MB,125,281.699999,77.999997,3.072000,0.858200,4.289900,466.211333,2.045584,0.076103,6.566587,7.929500,7.929500
ML-KEM-1024,2097152,2 MB,126,479.800001,98.899996,3.886900,0.622300,5.087900,393.089486,2.426100,0.076103,9.430217,6.497400,6.497400
ML-KEM-1024,2097152,2 MB,127,295.400001,69.199996,2.816600,0.532100,3.713300,538.604476,1.770639,0.076103,7.955188,7.693000,7.693000
ML-KEM-1024,2097152,2 MB,128,346.400004,117.299998,3.149900,0.530100,4.143700,482.660425,1.975870,0.076103,8.359679,6.703900,6.703900
ML-KEM-1024,2097152,2 MB,129,497.000001,145.099999,3.222500,0.614200,4.478800,446.548182,2.135658,0.076103,11.096722,5.950000,5.950000
ML-KEM-1024,2097152,2 MB,130,329.999995,95.299998,3.954800,0.408400,4.788500,417.667328,2.283335,0.076103,6.891511,5.485800,5.485800
ML-KEM-1024,2097152,2 MB,131,255.999999,62.699997,3.787600,0.420500,4.526800,441.813201,2.158546,0.076103,5.655209,6.181100,6.181100
ML-KEM-1024,2097152,2 MB,132,280.399996,78.999998,3.401200,0.455000,4.215600,474.428314,2.010155,0.076103,6.651485,6.180800,6.180800
ML-KEM-1024,2097152,2 MB,133,404.899998,132.299996,3.882000,0.577700,4.996900,400.248154,2.382708,0.076103,8.103024,7.286000,7.286000
ML-KEM-1024,2097152,2 MB,134,382.300001,148.600004,3.869400,0.695100,5.095400,392.510892,2.429676,0.076103,7.502846,6.994700,6.994700
ML-KEM-1024,2097152,2 MB,135,409.000000,86.300002,2.840800,0.367300,3.703400,540.044283,1.765919,0.076103,11.043906,6.421500,6.421500
ML-KEM-1024,2097152,2 MB,136,444.400001,97.400000,3.335100,0.563700,4.440600,450.389587,2.117443,0.076103,10.007657,6.189300,6.189300
ML-KEM-1024,2097152,2 MB,137,419.800002,101.300000,3.584200,0.752400,4.857700,411.717479,2.316332,0.076103,8.641950,6.246200,6.246200
ML-KEM-1024,2097152,2 MB,138,233.899998,72.000003,2.879600,0.568500,3.754000,532.765051,1.790047,0.076103,6.230687,6.837200,6.837200
ML-KEM-1024,2097152,2 MB,139,254.400002,73.600000,3.728400,0.650300,4.706700,424.926169,2.244329,0.076103,5.405061,6.703200,6.703200
ML-KEM-1024,2097152,2 MB,140,264.000002,76.400000,2.708200,0.691000,3.739600,534.816557,1.783180,0.076103,7.059579,5.399500,5.399500
ML-KEM-1024,2097152,2 MB,141,396.300005,99.899997,5.005900,0.495200,5.997300,333.483401,2.859735,0.076103,6.607974,5.908200,5.908200
ML-KEM-1024,2097152,2 MB,142,274.200007,73.700001,4.950300,0.411700,5.709900,350.268831,2.722692,0.076103,4.802186,5.803100,5.803100
ML-KEM-1024,2097152,2 MB,143,273.300000,71.800001,3.143100,0.886700,4.374900,457.153306,2.086115,0.076103,6.247000,6.724600,6.724600
ML-KEM-1024,2097152,2 MB,144,387.400003,125.699997,3.746400,0.549300,4.808800,415.904176,2.293015,0.076103,8.056064,7.478000,7.478000
ML-KEM-1024,2097152,2 MB,145,380.400001,151.900000,3.760400,0.609200,4.901900,408.005059,2.337408,0.076103,7.760256,7.125800,7.125800
ML-KEM-1024,2097152,2 MB,146,410.700006,73.299998,2.626700,0.541400,3.652100,547.630131,1.741457,0.076103,11.245585,9.180800,9.180800
ML-KEM-1024,2097152,2 MB,147,511.599996,139.099997,2.793000,0.538800,3.982500,502.197113,1.899004,0.076103,12.846202,7.119500,7.119500
ML-KEM-1024,2097152,2 MB,148,433.300003,141.400000,3.353300,0.548000,4.476000,446.827524,2.134323,0.076103,9.680518,9.919500,9.919500
ML-KEM-1024,2097152,2 MB,149,359.400001,78.999998,2.710400,0.574900,3.723700,537.100196,1.775599,0.076103,9.651691,10.059000,10.059000
ML-KEM-1024,2097152,2 MB,150,514.400002,117.299998,3.978000,0.546500,5.156200,387.882549,2.458668,0.076103,9.976339,10.195700,10.195700
ML-KEM-1024,2097152,2 MB,151,264.200004,78.199999,3.409800,0.786400,4.538600,440.664522,2.164173,0.076103,5.821178,8.265300,8.265300
ML-KEM-1024,2097152,2 MB,152,419.700002,135.399998,3.153500,0.510700,4.219300,474.012276,2.011919,0.076103,9.947148,7.091200,7.091200
ML-KEM-1024,2097152,2 MB,153,344.100001,119.400000,3.826300,0.589800,4.879600,409.869661,2.326775,0.076103,7.051808,7.166400,7.166400
ML-KEM-1024,2097152,2 MB,154,461.700001,109.700006,3.201900,0.491700,4.265000,468.933177,2.033710,0.076103,10.825322,5.955400,5.955400
ML-KEM-1024,2097152,2 MB,155,494.000000,156.700000,3.652200,0.402700,4.705600,425.025502,2.243805,0.076103,10.498130,6.054200,6.054200
ML-KEM-1024,2097152,2 MB,156,742.699995,169.699997,4.535500,0.521200,5.969100,335.058887,2.846289,0.076103,12.442412,6.423400,6.423400
ML-KEM-1024,2097152,2 MB,157,276.599996,85.699998,6.351600,0.684000,7.397900,270.346990,3.527594,0.076103,3.738899,5.347400,5.347400
ML-KEM-1024,2097152,2 MB,158,285.299997,69.100002,4.157500,0.685100,5.197000,384.837406,2.478123,0.076103,5.489706,7.568400,7.568400
ML-KEM-1024,2097152,2 MB,159,346.499997,101.600002,4.790000,0.807500,6.045600,330.819108,2.882767,0.076103,5.731441,5.876000,5.876000
ML-KEM-1024,2097152,2 MB,160,304.699999,100.300000,3.264800,0.800800,4.470600,447.367243,2.131748,0.076103,6.815640,7.592300,7.592300
ML-KEM-1024,2097152,2 MB,161,461.299998,100.400001,3.624700,0.589600,4.776000,418.760469,2.277374,0.076103,9.658710,7.890100,7.890100
ML-KEM-1024,2097152,2 MB,162,310.500000,101.999998,2.937300,0.998700,4.348500,459.928711,2.073526,0.076103,7.140393,8.268000,8.268000
ML-KEM-1024,2097152,2 MB,163,384.199993,126.700004,3.326400,0.535400,4.372700,457.383310,2.085066,0.076103,8.786333,8.196600,8.196600
ML-KEM-1024,2097152,2 MB,164,259.200002,70.700000,2.913900,0.543600,3.787400,528.066748,1.805973,0.076103,6.843745,7.499100,7.499100
ML-KEM-1024,2097152,2 MB,165,426.899998,138.299998,3.309700,0.539500,4.414400,453.062704,2.104950,0.076103,9.670623,8.014300,8.014300
ML-KEM-1024,2097152,2 MB,166,577.999999,124.899998,3.004700,0.574900,4.282500,467.016929,2.042055,0.076103,13.496789,6.909500,6.909500
ML-KEM-1024,2097152,2 MB,167,397.600001,241.900001,3.671700,0.496800,4.808000,415.973378,2.292633,0.076103,8.269551,6.342000,6.342000
ML-KEM-1024,2097152,2 MB,168,746.600002,204.299999,3.675900,0.452600,5.079400,393.747293,2.422047,0.076103,14.698587,6.139100,6.139100
ML-KEM-1024,2097152,2 MB,169,508.199999,239.399997,4.648600,0.384800,5.781000,345.960906,2.756596,0.076103,8.790867,5.326700,5.326700
ML-KEM-1024,2097152,2 MB,170,258.599997,46.000001,5.738400,0.695700,6.738700,296.793150,3.213263,0.076103,3.837535,6.253800,6.253800
ML-KEM-1024,2097152,2 MB,171,296.599996,81.899998,4.524600,0.625500,5.528600,361.755236,2.636242,0.076103,5.364830,5.918500,5.918500
ML-KEM-1024,2097152,2 MB,172,382.300001,77.799996,2.737400,1.126300,4.323800,462.556085,2.061749,0.076103,8.841760,6.956700,6.956700
ML-KEM-1024,2097152,2 MB,173,482.600000,74.299998,2.818100,0.528200,3.903200,512.400082,1.861191,0.076103,12.364214,9.517300,9.517300
ML-KEM-1024,2097152,2 MB,174,316.099999,124.899998,3.128300,0.575600,4.144900,482.520688,1.976442,0.076103,7.626239,8.402100,8.402100
ML-KEM-1024,2097152,2 MB,175,301.200002,92.499999,2.899600,0.531400,3.824700,522.916830,1.823759,0.076103,7.875128,9.929200,9.929200
ML-KEM-1024,2097152,2 MB,176,369.400004,99.899997,3.051200,0.515900,4.036400,495.491031,1.924706,0.076103,9.151719,8.903100,8.903100
ML-KEM-1024,2097152,2 MB,177,294.900005,115.399998,3.506600,0.707300,4.624200,432.507244,2.204990,0.076103,6.377319,8.321100,8.321100
ML-KEM-1024,2097152,2 MB,178,282.399997,342.500003,3.752600,0.438300,4.815800,415.299638,2.296352,0.076103,5.864031,8.068300,8.068300
ML-KEM-1024,2097152,2 MB,179,422.099998,94.800002,3.484500,0.540100,4.541500,440.383133,2.165556,0.076103,9.294286,9.170600,9.170600
ML-KEM-1024,2097152,2 MB,180,257.500003,74.700001,2.743800,0.526700,3.602700,555.139201,1.717901,0.076103,7.147417,8.434800,8.434800
ML-KEM-1024,2097152,2 MB,181,524.099996,155.900001,3.596800,0.483000,4.759800,420.185723,2.269650,0.076103,11.010967,9.655700,9.655700
ML-KEM-1024,2097152,2 MB,182,566.700000,172.399996,2.772000,0.484000,3.995100,500.613251,1.905012,0.076103,14.184876,9.379800,9.379800
ML-KEM-1024,2097152,2 MB,184,312.100005,112.100002,3.545700,0.384500,4.354400,459.305530,2.076340,0.076103,7.167463,5.185500,5.185500
ML-KEM-1024,2097152,2 MB,185,220.099995,49.099996,5.923000,0.694700,6.886900,290.406424,3.283930,0.076103,3.195923,5.540700,5.540700
ML-KEM-1024,2097152,2 MB,186,280.900000,73.499999,4.845200,0.850200,6.049800,330.589441,2.884769,0.076103,4.643129,5.919100,5.919100
ML-KEM-1024,2097152,2 MB,187,283.100002,87.599998,4.059000,0.953500,5.383200,371.526229,2.566910,0.076103,5.258954,6.434100,6.434100
ML-KEM-1024,2097152,2 MB,188,426.800005,92.300004,2.851700,0.507100,3.877900,515.743056,1.849127,0.076103,11.005957,8.550000,8.550000
ML-KEM-1024,2097152,2 MB,189,247.199998,67.400004,2.833100,0.501300,3.649000,548.095369,1.739979,0.076103,6.774459,7.357700,7.357700
ML-KEM-1024,2097152,2 MB,190,292.600002,76.299999,3.354000,0.581100,4.304000,464.684015,2.052307,0.076103,6.798327,12.524000,12.524000
ML-KEM-1024,2097152,2 MB,191,308.200004,117.599993,2.908400,0.518600,3.852800,519.102990,1.837158,0.076103,7.999377,11.203100,11.203100
ML-KEM-1024,2097152,2 MB,193,247.600001,69.700000,2.883800,0.555600,3.756700,532.382143,1.791334,0.076103,6.590891,12.598300,12.598300
ML-KEM-1024,2097152,2 MB,194,299.499996,101.699996,2.819900,0.959800,4.180900,478.365902,1.993608,0.076103,7.163529,7.197200,7.197200
ML-KEM-1024,2097152,2 MB,196,356.400000,217.200002,4.928400,0.941600,6.443600,310.385499,3.072548,0.076103,5.531070,6.377400,6.377400
ML-KEM-1024,2097152,2 MB,197,264.499999,92.999995,5.053700,0.590400,6.001600,333.244468,2.861786,0.076103,4.407158,5.683000,5.683000
ML-KEM-1024,2097152,2 MB,198,281.600005,83.400002,5.601100,0.802300,6.768400,295.490810,3.227425,0.076103,4.160511,6.532700,6.532700
ML-KEM-1024,2097152,2 MB,199,267.299998,74.800002,2.922700,1.248300,4.513100,443.154373,2.152014,0.076103,5.922758,7.005700,7.005700
ML-KEM-1024,2097152,2 MB,200,294.899997,94.999996,3.041900,0.588500,4.020300,497.475312,1.917028,0.076103,7.335273,8.597500,8.597500
ML-KEM-1024,2097152,2 MB,201,470.800005,101.799997,2.868800,0.543200,3.984600,501.932440,1.900005,0.076103,11.815490,9.031100,9.031100
ML-KEM-1024,2097152,2 MB,203,534.499995,126.200001,2.787900,0.553500,4.002100,499.737638,1.908350,0.076103,13.355488,9.116200,9.116200
ML-KEM-1024,2097152,2 MB,207,316.799997,82.200000,3.014900,0.835000,4.248900,470.710066,2.026033,0.076103,7.456047,5.553400,5.553400
ML-KEM-1024,2097152,2 MB,208,495.000000,140.199998,3.827700,0.545300,5.008200,399.345074,2.388096,0.076103,9.883791,5.406300,5.406300
ML-KEM-1024,2097152,2 MB,209,352.399999,102.600003,3.213200,0.388100,4.056300,493.060178,1.934195,0.076103,8.687720,6.200000,6.200000
ML-KEM-1024,2097152,2 MB,210,253.799997,65.900007,4.881200,0.673200,5.874100,340.477690,2.800989,0.076103,4.320662,5.839900,5.839900
ML-KEM-1024,2097152,2 MB,211,250.700003,72.199997,2.841000,0.511900,3.675800,544.099244,1.752758,0.076103,6.820284,9.225500,9.225500
ML-KEM-1024,2097152,2 MB,212,471.700005,103.399994,2.968200,0.523900,4.067200,491.738789,1.939392,0.076103,11.597659,9.346800,9.346800
ML-KEM-1024,2097152,2 MB,213,295.300000,95.500000,2.873300,0.538300,3.802400,525.983590,1.813126,0.076103,7.766148,8.840900,8.840900
ML-KEM-1024,2097152,2 MB,214,295.099999,86.100001,2.783200,0.530900,3.695300,541.228046,1.762056,0.076103,7.985820,9.855200,9.855200
ML-KEM-1024,2097152,2 MB,215,264.900002,80.399994,2.817800,0.519600,3.682700,543.079806,1.756048,0.076103,7.193092,8.004700,8.004700
ML-KEM-1024,2097152,2 MB,216,460.900003,94.300005,2.735000,0.678400,3.968600,503.956055,1.892376,0.076103,11.613667,6.271200,6.271200
ML-KEM-1024,2097152,2 MB,217,401.799996,198.700000,3.262600,0.553000,4.416100,452.888295,2.105761,0.076103,9.098526,5.843500,5.843500
ML-KEM-1024,2097152,2 MB,218,382.800004,185.799996,4.500300,0.411500,5.480400,364.936866,2.613258,0.076103,6.984892,5.373000,5.373000
ML-KEM-1024,2097152,2 MB,219,275.400002,71.999995,5.376800,0.618800,6.343000,315.308214,3.024578,0.076103,4.341794,5.310900,5.310900
ML-KEM-1024,2097152,2 MB,220,404.899998,87.000000,4.903100,0.683400,6.078400,329.033956,2.898407,0.076103,6.661292,5.516700,5.516700
ML-KEM-1024,2097152,2 MB,221,265.700000,72.300005,2.851500,0.522400,3.711900,538.807619,1.769972,0.076103,7.158059,8.799300,8.799300
ML-KEM-1024,2097152,2 MB,222,304.200003,77.899997,3.461700,0.550200,4.394000,455.166135,2.095222,0.076103,6.923077,8.619700,8.619700
ML-KEM-1024,2097152,2 MB,223,299.700005,90.499998,2.822200,0.526900,3.739300,534.859465,1.783037,0.076103,8.014869,8.055900,8.055900
ML-KEM-1024,2097152,2 MB,224,274.200000,76.000004,3.098700,0.562700,4.011600,498.554193,1.912880,0.076103,6.835178,7.852700,7.852700
ML-KEM-1024,2097152,2 MB,225,650.399998,244.999996,2.731100,0.701300,4.327800,462.128564,2.063656,0.076103,15.028421,7.962500,7.962500
ML-KEM-1024,2097152,2 MB,226,568.000003,117.000003,2.742700,0.452100,3.879800,515.490489,1.850033,0.076103,14.639930,5.991100,5.991100
ML-KEM-1024,2097152,2 MB,227,698.800002,154.599998,3.500800,0.567200,4.921400,406.388426,2.346706,0.076103,14.199212,5.454500,5.454500
ML-KEM-1024,2097152,2 MB,228,334.800003,89.199995,3.943300,0.524100,4.891400,408.880893,2.332401,0.076103,6.844666,5.914400,5.914400
ML-KEM-1024,2097152,2 MB,229,265.300005,66.399996,5.140100,0.647400,6.119200,326.840110,2.917862,0.076103,4.335534,5.699100,5.699100
ML-KEM-1024,2097152,2 MB,230,509.099998,117.300006,4.962000,0.595300,6.183700,323.430955,2.948618,0.076103,8.232935,6.162400,6.162400
ML-KEM-1024,2097152,2 MB,231,298.799998,86.300002,2.855400,0.528800,3.769300,530.602498,1.797342,0.076103,7.927201,7.439900,7.439900
ML-KEM-1024,2097152,2 MB,232,356.100005,116.399999,3.577500,0.421000,4.471000,447.327220,2.131939,0.076103,7.964661,6.859500,6.859500
ML-KEM-1024,2097152,2 MB,233,247.100004,92.700000,3.122800,0.771500,4.234100,472.355400,2.018976,0.076103,5.835951,8.415800,8.415800
ML-KEM-1024,2097152,2 MB,234,617.499994,321.799998,3.205800,0.433700,4.578800,436.795667,2.183342,0.076103,13.486066,7.817200,7.817200
ML-KEM-1024,2097152,2 MB,235,499.499998,272.700003,3.281700,0.626300,4.680200,427.332165,2.231693,0.076103,10.672621,8.351200,8.351200
ML-KEM-1024,2097152,2 MB,236,362.999999,74.900003,3.225800,0.601100,4.264800,468.955168,2.033615,0.076103,8.511536,10.043300,10.043300
ML-KEM-1024,2097152,2 MB,237,324.200002,103.099999,2.904600,0.516000,3.847900,519.764027,1.834822,0.076103,8.425375,9.520900,9.520900
ML-KEM-1024,2097152,2 MB,238,236.300002,66.400004,3.342500,0.582000,4.227200,473.126419,2.015686,0.076103,5.589989,7.912300,7.912300
ML-KEM-1024,2097152,2 MB,241,344.100001,125.200000,3.840800,0.487000,4.797100,416.918555,2.287436,0.076103,7.173084,5.770200,5.770200
ML-KEM-1024,2097152,2 MB,242,446.899998,749.300001,3.836600,0.524600,5.557400,359.880520,2.649975,0.076103,8.041530,5.551800,5.551800
ML-KEM-1024,2097152,2 MB,243,270.899996,67.000001,5.113300,0.830400,6.281600,318.390219,2.995300,0.076103,4.312595,5.859900,5.859900
ML-KEM-1024,2097152,2 MB,244,267.999996,79.799996,2.884600,0.519200,3.751600,533.105875,1.788902,0.076103,7.143619,7.170500,7.170500
ML-KEM-1024,2097152,2 MB,245,415.200004,91.100002,2.853000,0.505000,3.864300,517.558161,1.842642,0.076103,10.744508,7.028300,7.028300
ML-KEM-1024,2097152,2 MB,246,306.300004,95.000003,2.896100,0.529000,3.826400,522.684507,1.824570,0.076103,8.004913,8.074600,8.074600
ML-KEM-1024,2097152,2 MB,247,427.100000,157.399998,3.019700,0.526800,4.131000,484.144275,1.969814,0.076103,10.338901,7.650400,7.650400
ML-KEM-1024,2097152,2 MB,248,472.200001,84.100000,3.328300,0.599500,4.484100,446.020383,2.138186,0.076103,10.530541,8.124900,8.124900
ML-KEM-1024,2097152,2 MB,250,570.000004,136.000002,4.395400,0.754300,5.855700,341.547552,2.792215,0.076103,9.734105,5.547300,5.547300
ML-KEM-1024,2097152,2 MB,251,515.199994,159.499999,3.055900,0.452600,4.183200,478.102887,1.994705,0.076103,12.315930,5.879800,5.879800
ML-KEM-1024,2097152,2 MB,252,402.199999,81.600003,4.999400,0.408500,5.891700,339.460597,2.809381,0.076103,6.826553,5.738200,5.738200
ML-KEM-1024,2097152,2 MB,253,246.600001,61.999999,4.319500,0.699800,5.327900,375.382420,2.540541,0.076103,4.628465,6.314100,6.314100
ML-KEM-1024,2097152,2 MB,254,277.600004,85.499996,3.018600,0.517800,3.899500,512.886268,1.859426,0.076103,7.118861,6.938100,6.938100
ML-KEM-1024,2097152,2 MB,255,519.800000,104.200000,2.940300,0.534700,4.099000,487.923884,1.954556,0.076103,12.681142,8.505300,8.505300
ML-KEM-1024,2097152,2 MB,256,358.199999,72.900002,3.030000,0.528600,3.989700,501.290824,1.902437,0.076103,8.978119,10.777400,10.777400
ML-KEM-1024,2097152,2 MB,257,383.599996,159.000003,3.188200,0.577300,4.308100,464.241777,2.054262,0.076103,8.904157,10.480500,10.480500
ML-KEM-1024,2097152,2 MB,258,359.699996,108.799999,3.056600,0.546200,4.071300,491.243583,1.941347,0.076103,8.835016,12.033200,12.033200
ML-KEM-1024,2097152,2 MB,261,484.999997,126.400002,3.691300,0.398700,4.701400,425.405198,2.241802,0.076103,10.316076,5.873200,5.873200
ML-KEM-1024,2097152,2 MB,262,368.499997,64.300002,4.588800,0.504800,5.526400,361.899247,2.635193,0.076103,6.667994,6.548900,6.548900
ML-KEM-1024,2097152,2 MB,263,300.799999,101.700003,4.364000,2.391900,7.158400,279.392043,3.413391,0.076103,4.202056,5.943100,5.943100
ML-KEM-1024,2097152,2 MB,264,280.699998,88.800000,3.330900,0.687700,4.388100,455.778127,2.092409,0.076103,6.396846,7.484500,7.484500
ML-KEM-1024,2097152,2 MB,265,416.100003,95.200005,2.835400,0.646700,3.993400,500.826364,1.904202,0.076103,10.419693,8.073700,8.073700
ML-KEM-1024,2097152,2 MB,266,543.599999,202.499999,3.048600,0.523900,4.318600,463.113045,2.059269,0.076103,12.587413,8.799000,8.799000
ML-KEM-1024,2097152,2 MB,267,405.300001,73.199997,3.064600,0.554800,4.097900,488.054857,1.954031,0.076103,9.890432,9.030500,9.030500
ML-KEM-1024,2097152,2 MB,269,258.099994,72.800001,3.104800,0.563300,3.999000,500.125031,1.906872,0.076103,6.454113,10.252500,10.252500
ML-KEM-1024,2097152,2 MB,270,267.999996,76.899996,2.916800,0.507000,3.768700,530.686974,1.797056,0.076103,7.111205,11.755300,11.755300
ML-KEM-1024,2097152,2 MB,271,347.599998,124.500002,2.926700,0.502400,3.901200,512.662771,1.860237,0.076103,8.910079,8.135000,8.135000
ML-KEM-1024,2097152,2 MB,272,257.599997,75.000004,3.324500,0.620000,4.277100,467.606556,2.039480,0.076103,6.022772,9.154100,9.154100
ML-KEM-1024,2097152,2 MB,273,330.999996,115.899995,2.983000,0.515800,3.945700,506.880909,1.881456,0.076103,8.388879,5.695900,5.695900
ML-KEM-1024,2097152,2 MB,274,523.100003,101.300000,3.704600,0.469000,4.798000,416.840350,2.287865,0.076103,10.902459,5.369200,5.369200
ML-KEM-1024,2097152,2 MB,275,520.300004,123.600003,3.633500,0.456300,4.733700,422.502482,2.257204,0.076103,10.991402,5.788800,5.788800
ML-KEM-1024,2097152,2 MB,276,249.000004,63.799998,6.144700,0.462900,6.920400,289.000636,3.299904,0.076103,3.598058,5.064700,5.064700
ML-KEM-1024,2097152,2 MB,277,468.600003,99.099998,3.889600,0.792000,5.249300,381.003181,2.503061,0.076103,8.926905,5.800800,5.800800
ML-KEM-1024,2097152,2 MB,278,306.299997,68.900001,2.931600,0.489800,3.796600,526.787126,1.810360,0.076103,8.067745,8.803700,8.803700
ML-KEM-1024,2097152,2 MB,279,272.199999,70.299997,2.806100,0.500700,3.649300,548.050311,1.740122,0.076103,7.458965,8.299500,8.299500
ML-KEM-1024,2097152,2 MB,280,520.900001,78.800003,2.949700,0.533900,4.083300,489.799916,1.947069,0.076103,12.756839,11.080700,11.080700
ML-KEM-1024,2097152,2 MB,281,309.099996,134.800001,4.327600,0.759500,5.531000,361.598264,2.637386,0.076103,5.588501,10.521700,10.521700
ML-KEM-1024,2097152,2 MB,282,249.899997,70.499998,3.988600,0.564000,4.873000,410.424790,2.323627,0.076103,5.128258,11.107300,11.107300
ML-KEM-1024,2097152,2 MB,284,524.299998,110.000001,5.900200,0.637300,7.171800,278.870019,3.419781,0.076103,7.310578,5.821800,5.821800
ML-KEM-1024,2097152,2 MB,285,339.699996,98.299999,6.464400,0.423300,7.325700,273.011453,3.493166,0.076103,4.637099,7.309100,7.309100
ML-KEM-1024,2097152,2 MB,286,281.600005,75.299999,6.429500,0.582200,7.368600,271.421980,3.513622,0.076103,3.821622,5.425600,5.425600
ML-KEM-1024,2097152,2 MB,287,379.300000,105.800005,6.575100,0.473100,7.533300,265.487900,3.592157,0.076103,5.034978,5.405000,5.405000
ML-KEM-1024,2097152,2 MB,288,243.199996,63.100000,5.687100,0.462100,6.455500,309.813338,3.078222,0.076103,3.767330,6.018800,6.018800
ML-KEM-1024,2097152,2 MB,289,747.600003,98.400000,5.419800,0.835800,7.101600,281.626676,3.386307,0.076103,10.527205,6.007100,6.007100
ML-KEM-1024,2097152,2 MB,290,499.900001,108.799999,4.648000,0.859600,6.116300,326.995079,2.916479,0.076103,8.173242,7.563400,7.563400
ML-KEM-1024,2097152,2 MB,291,307.800001,94.700001,4.210400,0.963000,5.575900,358.686490,2.658796,0.076103,5.520185,6.332100,6.332100
ML-KEM-1024,2097152,2 MB,292,295.900005,90.099995,3.620100,1.369500,5.375600,372.051492,2.563286,0.076103,5.504502,6.492600,6.492600
ML-KEM-1024,2097152,2 MB,293,314.199999,83.799998,3.557000,0.827900,4.782900,418.156348,2.280664,0.076103,6.569236,8.300800,8.300800
ML-KEM-1024,2097152,2 MB,294,310.999996,102.500002,3.051100,0.671800,4.136400,483.512233,1.972389,0.076103,7.518615,8.572200,8.572200
ML-KEM-1024,2097152,2 MB,295,326.300004,106.200001,3.220300,0.586500,4.239300,471.776000,2.021456,0.076103,7.697026,8.619500,8.619500
ML-KEM-1024,2097152,2 MB,296,308.499999,83.699997,2.752100,0.524800,3.669100,545.092802,1.749563,0.076103,8.408056,8.158100,8.158100
ML-KEM-1024,2097152,2 MB,297,273.300000,77.099998,2.978100,0.711400,4.039900,495.061759,1.926374,0.076103,6.765019,7.926400,7.926400
ML-KEM-1024,2097152,2 MB,298,383.700004,98.999997,3.057600,0.371800,3.912100,511.234375,1.865435,0.076103,9.808032,6.117200,6.117200
ML-KEM-1024,2097152,2 MB,299,417.499999,102.500002,3.664400,0.453000,4.637400,431.276146,2.211285,0.076103,9.002890,5.451100,5.451100
ML-KEM-1024,4194304,4 MB,1,295.799997,81.999999,8.867800,1.067500,10.313100,387.856222,2.458835,0.038052,2.868197,12.721700,12.721700
ML-KEM-1024,4194304,4 MB,2,428.799998,194.000000,6.406500,1.169700,8.199000,487.864374,1.954794,0.038052,5.229906,16.108700,16.108700
ML-KEM-1024,4194304,4 MB,3,361.400002,123.999998,7.428800,0.883200,8.797400,454.679792,2.097464,0.038052,4.108032,23.588900,23.588900
ML-KEM-1024,4194304,4 MB,4,278.499996,81.600003,8.569800,1.794700,10.724600,372.974284,2.556944,0.038052,2.596833,16.096300,16.096300
ML-KEM-1024,4194304,4 MB,5,469.400002,129.699998,7.768600,0.993900,9.361600,427.277389,2.231979,0.038052,5.014100,10.184400,10.184400
ML-KEM-1024,4194304,4 MB,6,400.299999,101.899997,7.763200,2.071200,10.336600,386.974440,2.464437,0.038052,3.872647,10.645600,10.645600
ML-KEM-1024,4194304,4 MB,7,366.499997,102.600003,8.603000,1.790900,10.863000,368.222406,2.589941,0.038052,3.373838,10.718500,10.718500
ML-KEM-1024,4194304,4 MB,8,338.599995,76.799995,6.553800,1.016700,7.985900,500.882806,1.903987,0.038052,4.239973,11.152800,11.152800
ML-KEM-1024,4194304,4 MB,9,338.400001,115.600000,6.270200,1.587000,8.311200,481.278275,1.981544,0.038052,4.071614,10.036000,10.036000
ML-KEM-1024,4194304,4 MB,10,561.299996,154.499998,8.097900,1.183100,9.996800,400.128041,2.383423,0.038052,5.614797,12.477800,12.477800
ML-KEM-1024,4194304,4 MB,11,425.200000,129.300002,9.545800,1.239100,11.339400,352.752350,2.703524,0.038052,3.749757,12.903400,12.903400
ML-KEM-1024,4194304,4 MB,12,413.199996,131.700006,9.018800,1.412200,10.975900,364.434807,2.616858,0.038052,3.764612,11.595900,11.595900
ML-KEM-1024,4194304,4 MB,13,434.499998,139.100004,7.633400,1.141800,9.348800,427.862399,2.228928,0.038052,4.647655,11.389600,11.389600
ML-KEM-1024,4194304,4 MB,14,456.400005,172.300002,7.146600,1.046000,8.821300,453.447905,2.103162,0.038052,5.173841,12.905000,12.905000
ML-KEM-1024,4194304,4 MB,15,422.400000,150.200001,9.476300,1.405700,11.454600,349.204686,2.730989,0.038052,3.687601,13.028800,13.028800
ML-KEM-1024,4194304,4 MB,16,517.199995,143.600002,8.541400,1.673000,10.875200,367.809328,2.592850,0.038052,4.755775,12.272800,12.272800
ML-KEM-1024,4194304,4 MB,19,625.299996,133.699999,6.652500,1.052800,8.464300,472.573042,2.018046,0.038052,7.387498,13.901800,13.901800
ML-KEM-1024,4194304,4 MB,20,450.299995,209.500002,9.986700,1.338700,11.985200,333.744952,2.857494,0.038052,3.757134,12.199800,12.199800
ML-KEM-1024,4194304,4 MB,21,270.400000,78.900004,6.979200,1.572300,8.900800,449.397807,2.122116,0.038052,3.037929,10.952500,10.952500
ML-KEM-1024,4194304,4 MB,22,334.999997,100.999998,6.670700,1.097300,8.204000,487.567040,1.955986,0.038052,4.083374,14.891600,14.891600
ML-KEM-1024,4194304,4 MB,23,341.999999,95.299998,8.579700,0.675600,9.692600,412.685966,2.310896,0.038052,3.528465,19.211400,19.211400
ML-KEM-1024,4194304,4 MB,25,507.700002,122.199999,6.708500,1.735600,9.074000,440.819925,2.163410,0.038052,5.595107,9.843100,9.843100
ML-KEM-1024,4194304,4 MB,26,407.699998,247.500000,5.981800,1.103100,7.740100,516.789189,1.845384,0.038052,5.267374,12.414600,12.414600
ML-KEM-1024,4194304,4 MB,27,269.900003,79.099998,5.698500,2.202900,8.250400,484.824978,1.967049,0.038052,3.271357,10.361600,10.361600
ML-KEM-1024,4194304,4 MB,28,465.400000,174.599998,6.711300,1.048700,8.400000,476.190476,2.002716,0.038052,5.540476,11.738800,11.738800
ML-KEM-1024,4194304,4 MB,29,321.700005,193.399996,6.481100,1.747900,8.744100,457.451310,2.084756,0.038052,3.679052,11.486000,11.486000
ML-KEM-1024,4194304,4 MB,30,328.700000,94.000003,6.377500,0.986200,7.786400,513.716223,1.856422,0.038052,4.221463,11.276000,11.276000
ML-KEM-1024,4194304,4 MB,31,297.300001,139.099997,5.716300,2.021200,8.173900,489.362483,1.948810,0.038052,3.637187,10.308100,10.308100
ML-KEM-1024,4194304,4 MB,32,464.500001,147.100000,6.341200,0.808100,7.760900,515.404141,1.850343,0.038052,5.985131,11.754700,11.754700
ML-KEM-1024,4194304,4 MB,33,265.300005,143.700003,5.808600,1.124600,7.342200,544.795838,1.750517,0.038052,3.613358,11.654400,11.654400
ML-KEM-1024,4194304,4 MB,34,418.000003,133.999994,8.724300,0.941000,10.217300,391.492860,2.435994,0.038052,4.091100,10.773400,10.773400
ML-KEM-1024,4194304,4 MB,35,270.000004,80.699996,5.892000,1.294100,7.536800,530.729222,1.796913,0.038052,3.582422,12.419300,12.419300
ML-KEM-1024,4194304,4 MB,36,333.000004,118.900003,9.179100,0.909800,10.540800,379.477838,2.513123,0.038052,3.159153,22.141400,22.141400
ML-KEM-1024,4194304,4 MB,39,540.900000,118.800002,7.376000,1.146900,9.182600,435.606473,2.189302,0.038052,5.890489,15.931900,15.931900
ML-KEM-1024,4194304,4 MB,40,268.199998,80.799997,6.353300,3.421900,10.124200,395.092946,2.413797,0.038052,2.649098,12.868700,12.868700
ML-KEM-1024,4194304,4 MB,41,445.799997,95.099997,7.752800,1.173700,9.467400,422.502482,2.257204,0.038052,4.708790,12.884400,12.884400
ML-KEM-1024,4194304,4 MB,42,499.400005,155.800000,8.399500,1.217700,10.272400,389.392936,2.449131,0.038052,4.861571,15.381900,15.381900
ML-KEM-1024,4194304,4 MB,43,521.499998,166.599995,8.192200,2.729100,11.609400,344.548383,2.767897,0.038052,4.492050,13.822800,13.822800
ML-KEM-1024,4194304,4 MB,44,441.299999,132.900001,7.534800,3.506200,11.615200,344.376335,2.769279,0.038052,3.799332,15.125300,15.125300
ML-KEM-1024,4194304,4 MB,45,519.599998,117.900003,10.234000,1.778300,12.649800,316.210533,3.015947,0.038052,4.107575,19.227000,19.227000
ML-KEM-1024,4194304,4 MB,46,435.200003,145.799997,10.614300,1.514400,12.709700,314.720253,3.030229,0.038052,3.424156,15.185300,15.185300
ML-KEM-1024,4194304,4 MB,48,542.500005,368.100002,10.069300,1.102500,12.082400,331.060054,2.880669,0.038052,4.490002,13.438500,13.438500
ML-KEM-1024,4194304,4 MB,49,446.700004,90.599999,8.096600,1.393500,10.027400,398.906995,2.390718,0.038052,4.454794,14.256800,14.256800
ML-KEM-1024,4194304,4 MB,51,384.999999,98.699995,7.461800,1.481300,9.426800,424.322145,2.247524,0.038052,4.084101,15.656500,15.656500
ML-KEM-1024,4194304,4 MB,52,439.500000,103.799997,8.342700,1.612300,10.498300,381.014069,2.502990,0.038052,4.186392,11.679500,11.679500
ML-KEM-1024,4194304,4 MB,53,721.500001,147.300001,6.883200,0.981300,8.733300,458.017015,2.082181,0.038052,8.261482,11.601900,11.601900
ML-KEM-1024,4194304,4 MB,54,340.200000,122.800004,8.452800,1.235800,10.151600,394.026557,2.420330,0.038052,3.351196,11.164100,11.164100
ML-KEM-1024,4194304,4 MB,55,659.999998,154.000001,6.866600,1.081500,8.762100,456.511567,2.089047,0.038052,7.532441,13.163600,13.163600
ML-KEM-1024,4194304,4 MB,56,634.799995,139.900003,6.843600,1.019900,8.638200,463.059434,2.059507,0.038052,7.348753,16.171200,16.171200
ML-KEM-1024,4194304,4 MB,57,747.999999,221.199996,6.932300,1.021100,8.922600,448.299823,2.127314,0.038052,8.383207,13.256300,13.256300
ML-KEM-1024,4194304,4 MB,58,347.800000,117.899996,10.376400,1.116100,11.958200,334.498503,2.851057,0.038052,2.908464,12.434100,12.434100
ML-KEM-1024,4194304,4 MB,59,313.899996,103.300001,10.230300,1.234200,11.881700,336.652163,2.832818,0.038052,2.641878,9.653200,9.653200
ML-KEM-1024,4194304,4 MB,60,1725.300004,167.999999,6.472700,2.672600,11.038600,362.364793,2.631807,0.038052,15.629699,11.439000,11.439000
ML-KEM-1024,4194304,4 MB,61,375.399999,102.800004,6.933000,1.098500,8.509700,470.051823,2.028871,0.038052,4.411436,13.035800,13.035800
ML-KEM-1024,4194304,4 MB,62,685.699997,277.199993,8.621700,1.088800,10.673400,374.763431,2.544737,0.038052,6.424382,11.288200,11.288200
ML-KEM-1024,4194304,4 MB,63,382.600003,92.600007,6.090700,1.015700,7.581600,527.593120,1.807594,0.038052,5.046428,13.406500,13.406500
ML-KEM-1024,4194304,4 MB,64,1225.200001,127.700005,6.781500,0.811700,8.946100,447.122210,2.132916,0.038052,13.695353,13.125300,13.125300
ML-KEM-1024,4194304,4 MB,65,528.400000,120.300007,7.628800,1.643000,9.920500,403.205484,2.365232,0.038052,5.326344,10.104900,10.104900
ML-KEM-1024,4194304,4 MB,66,305.999994,107.599997,7.061900,1.058900,8.534400,468.691413,2.034760,0.038052,3.585489,13.536400,13.536400
ML-KEM-1024,4194304,4 MB,67,540.499997,146.500002,8.732400,0.686400,10.105800,395.812306,2.409410,0.038052,5.348414,10.793100,10.793100
ML-KEM-1024,4194304,4 MB,68,270.100005,78.799996,5.543100,1.358700,7.250700,551.670874,1.728702,0.038052,3.725158,12.964800,12.964800
ML-KEM-1024,4194304,4 MB,69,1717.300001,160.200005,6.661600,0.984300,9.523400,420.018061,2.270555,0.038052,18.032425,13.276800,13.276800
ML-KEM-1024,4194304,4 MB,70,392.900001,97.000004,5.616700,2.593100,8.699700,459.785970,2.074170,0.038052,4.516248,11.246100,11.246100
ML-KEM-1024,4194304,4 MB,72,576.800005,118.300006,10.171500,1.264800,12.131400,329.722868,2.892351,0.038052,4.754604,12.741900,12.741900
ML-KEM-1024,4194304,4 MB,73,377.700002,124.099999,5.812600,2.523100,8.837500,452.616690,2.107024,0.038052,4.273833,12.010300,12.010300
ML-KEM-1024,4194304,4 MB,74,284.399997,79.899997,6.693900,1.040600,8.098800,493.900331,1.930904,0.038052,3.511631,15.931400,15.931400
ML-KEM-1024,4194304,4 MB,75,378.799996,110.499997,6.296800,0.981800,7.767900,514.939688,1.852012,0.038052,4.876479,12.878400,12.878400
ML-KEM-1024,4194304,4 MB,76,577.699997,1542.799997,7.109800,1.081800,10.312100,387.893833,2.458596,0.038052,5.602157,13.349800,13.349800
ML-KEM-1024,4194304,4 MB,77,632.499999,147.999999,8.728000,1.129300,10.637800,376.017597,2.536249,0.038052,5.945778,9.292500,9.292500
ML-KEM-1024,4194304,4 MB,78,439.699994,123.400001,5.877700,1.199800,7.640600,523.519095,1.821661,0.038052,5.754784,14.371200,14.371200
ML-KEM-1024,4194304,4 MB,79,655.299998,154.000001,6.915200,1.043600,8.768100,456.199177,2.090478,0.038052,7.473683,11.784500,11.784500
ML-KEM-1024,4194304,4 MB,80,281.200002,79.600002,5.616800,1.824700,7.802300,512.669341,1.860213,0.038052,3.604065,13.006200,13.006200
ML-KEM-1024,4194304,4 MB,81,309.199997,85.199994,6.838800,0.769200,8.002400,499.850045,1.907921,0.038052,3.863841,12.965700,12.965700
ML-KEM-1024,4194304,4 MB,82,616.000005,138.500000,7.888300,0.803100,9.445900,423.464148,2.252078,0.038052,6.521348,8.983400,8.983400
ML-KEM-1024,4194304,4 MB,83,397.500000,141.800003,6.339500,0.969400,7.848200,509.671007,1.871157,0.038052,5.064856,12.893600,12.893600
ML-KEM-1024,4194304,4 MB,84,336.500001,118.700002,8.365800,1.264400,10.085400,396.612926,2.404547,0.038052,3.336506,9.976400,9.976400
ML-KEM-1024,4194304,4 MB,85,329.299997,81.799997,6.098100,0.996900,7.506100,532.899908,1.789594,0.038052,4.387098,10.579400,10.579400
ML-KEM-1024,4194304,4 MB,86,269.600001,91.599999,7.885600,0.909400,9.156200,436.862454,2.183008,0.038052,2.944453,10.139200,10.139200
ML-KEM-1024,4194304,4 MB,88,348.199996,96.200005,5.206800,3.965000,9.616200,415.964726,2.292681,0.038052,3.620973,11.907200,11.907200
ML-KEM-1024,4194304,4 MB,89,345.599998,94.000003,7.787900,1.076500,9.304000,429.922614,2.218246,0.038052,3.714531,11.943300,11.943300
ML-KEM-1024,4194304,4 MB,90,528.100005,180.600000,8.316200,1.475200,10.500100,380.948753,2.503419,0.038052,5.029476,12.508700,12.508700
ML-KEM-1024,4194304,4 MB,91,426.300001,97.500000,8.022200,1.002300,9.548300,418.922740,2.276492,0.038052,4.464669,9.013100,9.013100
ML-KEM-1024,4194304,4 MB,92,476.699999,119.999997,7.147700,1.077500,8.821900,453.417064,2.103305,0.038052,5.403598,12.654500,12.654500
ML-KEM-1024,4194304,4 MB,93,604.200002,161.500000,8.206500,0.833700,9.805900,407.917682,2.337909,0.038052,6.161597,11.465500,11.465500
ML-KEM-1024,4194304,4 MB,94,268.600001,77.699995,6.076700,1.790500,8.213500,487.003105,1.958251,0.038052,3.270226,11.917600,11.917600
ML-KEM-1024,4194304,4 MB,95,293.600002,112.100002,7.660800,0.982200,9.048700,442.052449,2.157378,0.038052,3.244665,12.069100,12.069100
ML-KEM-1024,4194304,4 MB,96,262.299996,77.500001,7.214200,1.599800,9.153800,436.976993,2.182436,0.038052,2.865477,10.502000,10.502000
ML-KEM-1024,4194304,4 MB,97,293.300000,86.100001,5.744100,0.974300,7.097800,563.554904,1.692247,0.038052,4.132266,20.725900,20.725900
ML-KEM-1024,4194304,4 MB,98,389.499997,97.999997,7.814100,0.958600,9.260200,431.956113,2.207804,0.038052,4.206173,14.227500,14.227500
ML-KEM-1024,4194304,4 MB,99,367.900000,116.900002,9.074500,1.655000,11.214300,356.687444,2.673697,0.038052,3.280633,12.002200,12.002200
ML-KEM-1024,4194304,4 MB,100,369.100002,177.900001,7.808700,0.871700,9.227400,433.491558,2.199984,0.038052,4.000043,10.054300,10.054300
ML-KEM-1024,4194304,4 MB,102,617.499994,128.000007,7.768400,1.196200,9.710100,411.942205,2.315068,0.038052,6.359358,11.047500,11.047500
ML-KEM-1024,4194304,4 MB,103,368.400004,91.300004,8.408200,1.575500,10.443400,383.017025,2.489901,0.038052,3.527587,12.774000,12.774000
ML-KEM-1024,4194304,4 MB,104,303.800000,79.099998,6.785900,1.198000,8.366800,478.080031,1.994801,0.038052,3.631018,11.648200,11.648200
ML-KEM-1024,4194304,4 MB,105,736.199996,158.900002,9.834900,1.226100,11.956100,334.557255,2.850556,0.038052,6.157526,13.923800,13.923800
ML-KEM-1024,4194304,4 MB,106,423.099998,127.499996,7.743300,1.518900,9.812800,407.630849,2.339554,0.038052,4.311715,12.886500,12.886500
ML-KEM-1024,4194304,4 MB,107,406.600004,131.100001,8.860900,1.506700,10.905300,366.794127,2.600026,0.038052,3.728462,13.033600,13.033600
ML-KEM-1024,4194304,4 MB,108,414.100003,124.100006,8.866000,1.138000,10.542200,379.427444,2.513456,0.038052,3.928023,12.830200,12.830200
ML-KEM-1024,4194304,4 MB,109,447.700004,321.200001,9.670000,1.228200,11.667100,342.844409,2.781653,0.038052,3.837286,13.656000,13.656000
ML-KEM-1024,4194304,4 MB,110,454.800000,98.800003,5.712800,1.044100,7.310500,547.158197,1.742959,0.038052,6.221189,11.653000,11.653000
ML-KEM-1024,4194304,4 MB,111,546.499999,280.300002,8.128700,1.005400,9.960900,401.570139,2.374864,0.038052,5.486452,9.611200,9.611200
ML-KEM-1024,4194304,4 MB,112,356.899996,94.799994,6.425800,1.076400,7.953900,502.897949,1.896358,0.038052,4.487107,13.314300,13.314300
ML-KEM-1024,4194304,4 MB,113,328.900001,118.900003,9.299700,0.694600,10.442100,383.064709,2.489591,0.038052,3.149750,12.533100,12.533100
ML-KEM-1024,4194304,4 MB,114,269.500000,78.200006,5.924000,3.827300,10.099000,396.078820,2.407789,0.038052,2.668581,13.956600,13.956600
ML-KEM-1024,4194304,4 MB,115,443.500001,99.099998,6.427000,1.112100,8.081700,494.945370,1.926827,0.038052,5.487707,12.977100,12.977100
ML-KEM-1024,4194304,4 MB,116,389.300003,96.099997,7.565600,0.706000,8.757000,456.777435,2.087831,0.038052,4.445586,11.404700,11.404700
ML-KEM-1024,4194304,4 MB,118,299.200001,77.999997,9.062900,0.704900,10.145000,394.282898,2.418756,0.038052,2.949236,11.998500,11.998500
ML-KEM-1024,4194304,4 MB,119,386.000000,90.100002,7.534100,1.112400,9.122600,438.471488,2.174997,0.038052,4.231250,10.485800,10.485800
ML-KEM-1024,4194304,4 MB,120,631.700001,290.500000,7.233900,1.041300,9.197400,434.905517,2.192831,0.038052,6.868245,12.368200,12.368200
ML-KEM-1024,4194304,4 MB,121,573.700003,369.699999,7.814900,1.492700,10.251000,390.205834,2.444029,0.038052,5.596527,11.293700,11.293700
ML-KEM-1024,4194304,4 MB,122,446.799997,113.199996,5.975100,1.395000,7.930100,504.407258,1.890683,0.038052,5.634229,11.756500,11.756500
ML-KEM-1024,4194304,4 MB,123,331.000003,115.799994,6.768100,1.044400,8.259300,484.302544,1.969171,0.038052,4.007604,9.179000,9.179000
ML-KEM-1024,4194304,4 MB,124,437.100003,132.699999,6.977600,1.168400,8.715800,458.936644,2.078009,0.038052,5.015030,9.511500,9.511500
ML-KEM-1024,4194304,4 MB,125,521.899994,141.899996,7.189200,0.887900,8.740900,457.618781,2.083993,0.038052,5.970781,8.879700,8.879700
ML-KEM-1024,4194304,4 MB,126,441.800003,147.999999,7.358500,0.704700,8.653000,462.267422,2.063036,0.038052,5.105744,15.143800,15.143800
ML-KEM-1024,4194304,4 MB,127,408.900007,140.700002,10.426800,1.047100,12.023500,332.681831,2.866626,0.038052,3.400840,18.635300,18.635300
ML-KEM-1024,4194304,4 MB,128,360.600003,93.399998,6.713100,1.820200,8.987300,445.072491,2.142739,0.038052,4.012329,16.922100,16.922100
ML-KEM-1024,4194304,4 MB,129,274.700004,75.399999,6.969800,0.996000,8.315900,481.006265,1.982665,0.038052,3.303311,15.421400,15.421400
ML-KEM-1024,4194304,4 MB,130,634.800002,291.600001,6.920700,1.166100,9.013200,443.793547,2.148914,0.038052,7.043004,11.684400,11.684400
ML-KEM-1024,4194304,4 MB,131,328.499998,114.200004,7.610900,1.643700,9.697300,412.485950,2.312016,0.038052,3.387541,9.220200,9.220200
ML-KEM-1024,4194304,4 MB,132,710.400003,132.499998,6.645900,0.703400,8.192200,488.269329,1.953173,0.038052,8.671663,11.625700,11.625700
ML-KEM-1024,4194304,4 MB,133,443.799996,106.199994,7.626000,1.412300,9.588300,417.175099,2.286029,0.038052,4.628558,9.451800,9.451800
ML-KEM-1024,4194304,4 MB,134,480.200004,169.699997,6.376700,1.141600,8.168200,489.703974,1.947451,0.038052,5.878896,12.252200,12.252200
ML-KEM-1024,4194304,4 MB,135,250.199999,71.100003,7.638500,1.365900,9.325700,428.922225,2.223420,0.038052,2.682909,10.279100,10.279100
ML-KEM-1024,4194304,4 MB,136,367.900000,96.199998,5.771000,1.013500,7.248600,551.830698,1.728201,0.038052,5.075463,12.693900,12.693900
ML-KEM-1024,4194304,4 MB,137,579.300002,319.799998,9.697800,1.340700,11.937600,335.075727,2.846146,0.038052,4.852734,13.648200,13.648200
ML-KEM-1024,4194304,4 MB,138,559.000000,225.500000,7.533300,1.652700,9.970500,401.183491,2.377152,0.038052,5.606539,11.839100,11.839100
ML-KEM-1024,4194304,4 MB,139,378.899997,139.000003,6.119100,1.222000,7.859000,508.970607,1.873732,0.038052,4.821224,11.775900,11.775900
ML-KEM-1024,4194304,4 MB,140,301.300002,99.800003,9.844600,0.948500,11.194200,357.327902,2.668905,0.038052,2.691572,12.352300,12.352300
ML-KEM-1024,4194304,4 MB,141,305.400004,80.999998,5.574400,1.318300,7.279100,549.518485,1.735473,0.038052,4.195574,10.599300,10.599300
ML-KEM-1024,4194304,4 MB,142,407.100000,119.800003,7.966300,0.761500,9.254700,432.212821,2.206492,0.038052,4.398846,10.272800,10.272800
ML-KEM-1024,4194304,4 MB,143,396.500000,166.999998,6.112100,0.972400,7.648000,523.012552,1.823425,0.038052,5.184362,11.506400,11.506400
ML-KEM-1024,4194304,4 MB,144,694.099996,142.500001,6.827400,0.807900,8.471900,472.149105,2.019858,0.038052,8.192967,9.263300,9.263300
ML-KEM-1024,4194304,4 MB,145,480.800001,138.199997,6.825600,0.974500,8.419100,475.110166,2.007270,0.038052,5.710824,11.214700,11.214700
ML-KEM-1024,4194304,4 MB,146,336.799996,119.700002,7.036600,1.287600,8.780700,455.544547,2.093482,0.038052,3.835685,9.325100,9.325100
ML-KEM-1024,4194304,4 MB,147,366.100001,114.499999,6.203000,0.801400,7.485000,534.402137,1.784563,0.038052,4.891116,12.044100,12.044100
ML-KEM-1024,4194304,4 MB,148,403.999999,93.799994,5.919400,0.968600,7.385800,541.579788,1.760912,0.038052,5.469956,10.326000,10.326000
ML-KEM-1024,4194304,4 MB,149,328.299997,116.899995,7.410200,0.702100,8.557500,467.426234,2.040267,0.038052,3.836401,9.682500,9.682500
ML-KEM-1024,4194304,4 MB,150,450.000000,133.199996,6.457800,1.083500,8.124500,492.337990,1.937032,0.038052,5.538802,14.868500,14.868500
ML-KEM-1024,4194304,4 MB,151,386.899999,104.999999,8.045200,1.084500,9.621600,415.731271,2.293968,0.038052,4.021161,14.309200,14.309200
ML-KEM-1024,4194304,4 MB,152,338.000005,120.899997,11.016000,1.061600,12.536500,319.068321,2.988935,0.038052,2.696127,16.232100,16.232100
ML-KEM-1024,4194304,4 MB,153,321.600004,114.999995,9.043000,0.740900,10.220500,391.370285,2.436757,0.038052,3.146617,11.925700,11.925700
ML-KEM-1024,4194304,4 MB,154,342.399995,120.599994,8.414400,1.471600,10.349000,386.510774,2.467394,0.038052,3.308532,9.759100,9.759100
ML-KEM-1024,4194304,4 MB,155,319.999999,83.599996,7.096800,1.823400,9.323800,429.009631,2.222967,0.038052,3.432077,13.190200,13.190200
ML-KEM-1024,4194304,4 MB,156,1596.599999,298.000006,8.807200,1.069100,11.770900,339.821084,2.806401,0.038052,13.563959,11.956700,11.956700
ML-KEM-1024,4194304,4 MB,157,567.399999,245.800002,9.220800,1.245300,11.279300,354.631936,2.689195,0.038052,5.030454,11.222500,11.222500
ML-KEM-1024,4194304,4 MB,158,355.799995,95.300005,6.138100,1.015300,7.604500,526.004339,1.813054,0.038052,4.678809,13.996300,13.996300
ML-KEM-1024,4194304,4 MB,159,841.399997,122.300000,5.680000,1.093200,7.736900,517.002934,1.844621,0.038052,10.875157,13.092600,13.092600
ML-KEM-1024,4194304,4 MB,160,595.899997,174.100001,8.175600,1.412900,10.358500,386.156297,2.469659,0.038052,5.752763,11.003900,11.003900
ML-KEM-1024,4194304,4 MB,161,445.599995,247.600001,5.735700,0.959100,7.388000,541.418517,1.761436,0.038052,6.031402,12.298000,12.298000
ML-KEM-1024,4194304,4 MB,162,337.599995,120.400000,9.188500,0.879300,10.525800,380.018621,2.509546,0.038052,3.207357,12.437300,12.437300
ML-KEM-1024,4194304,4 MB,163,272.199999,79.599995,6.615200,2.854500,9.821500,407.269765,2.341628,0.038052,2.771471,11.679000,11.679000
ML-KEM-1024,4194304,4 MB,164,514.599997,98.899996,5.976200,0.940400,7.530100,531.201445,1.795316,0.038052,6.833907,15.334600,15.334600
ML-KEM-1024,4194304,4 MB,165,325.399997,93.900002,7.325800,1.065800,8.810900,453.983135,2.100682,0.038052,3.693153,15.670700,15.670700
ML-KEM-1024,4194304,4 MB,166,1956.799999,222.000002,7.432800,0.753200,10.364800,385.921581,2.471161,0.038052,18.879284,14.887700,14.887700
ML-KEM-1024,4194304,4 MB,167,266.700001,78.799996,7.493200,1.344600,9.183300,435.573269,2.189469,0.038052,2.904185,12.284900,12.284900
ML-KEM-1024,4194304,4 MB,168,582.699999,125.699997,6.606500,1.075500,8.390400,476.735316,2.000427,0.038052,6.944842,14.634200,14.634200
ML-KEM-1024,4194304,4 MB,169,966.100000,137.000003,6.854500,0.838100,8.795700,454.767671,2.097058,0.038052,10.983776,13.026700,13.026700
ML-KEM-1024,4194304,4 MB,170,340.599996,119.000004,8.296000,1.777800,10.533400,379.744432,2.511358,0.038052,3.233524,12.019900,12.019900
ML-KEM-1024,4194304,4 MB,171,356.299999,98.400000,6.361400,1.127100,7.943200,503.575385,1.893806,0.038052,4.485598,12.170300,12.170300
ML-KEM-1024,4194304,4 MB,172,631.499999,331.000003,10.378000,1.319400,12.659900,315.958262,3.018355,0.038052,4.988191,12.292300,12.292300
ML-KEM-1024,4194304,4 MB,173,417.499999,135.399998,8.991800,1.323800,10.868500,368.036067,2.591252,0.038052,3.841376,12.898600,12.898600
ML-KEM-1024,4194304,4 MB,174,528.899996,111.900001,7.292100,3.254000,11.186900,357.561076,2.667165,0.038052,4.727851,10.542600,10.542600
ML-KEM-1024,4194304,4 MB,175,456.200003,100.800004,6.565700,0.833200,7.955900,502.771528,1.896834,0.038052,5.734109,11.846100,11.846100
ML-KEM-1024,4194304,4 MB,176,589.900003,167.499995,6.951200,1.706800,9.415400,424.835907,2.244806,0.038052,6.265268,9.585800,9.585800
ML-KEM-1024,4194304,4 MB,177,584.299996,116.399999,6.189000,1.340600,8.230300,486.009015,1.962256,0.038052,7.099377,12.586700,12.586700
ML-KEM-1024,4194304,4 MB,178,594.099998,157.600000,9.352500,0.930900,11.035100,362.479724,2.630973,0.038052,5.383730,18.281800,18.281800
ML-KEM-1024,4194304,4 MB,182,266.100004,78.700003,8.796500,1.911200,11.052500,361.909070,2.635121,0.038052,2.407600,13.640400,13.640400
ML-KEM-1024,4194304,4 MB,183,506.100005,110.400004,9.642700,1.236400,11.495600,347.959219,2.740765,0.038052,4.402554,11.340300,11.340300
ML-KEM-1024,4194304,4 MB,184,360.400001,93.200004,7.129300,0.859500,8.442400,473.798920,2.012825,0.038052,4.268928,9.886000,9.886000
ML-KEM-1024,4194304,4 MB,185,332.600001,133.200003,9.241600,0.974600,10.682000,374.461711,2.546787,0.038052,3.113649,9.421200,9.421200
ML-KEM-1024,4194304,4 MB,186,377.899996,122.200006,5.755900,0.980700,7.236700,552.738126,1.725364,0.038052,5.221993,11.386800,11.386800
ML-KEM-1024,4194304,4 MB,188,333.700002,120.299999,8.349500,0.712300,9.515800,420.353517,2.268744,0.038052,3.506799,16.493200,16.493200
ML-KEM-1024,4194304,4 MB,189,360.300000,99.000004,8.083700,0.901800,9.444800,423.513468,2.251816,0.038052,3.814798,22.092200,22.092200
ML-KEM-1024,4194304,4 MB,190,436.299997,100.899997,9.792100,1.127100,11.456400,349.149820,2.731419,0.038052,3.808352,12.928100,12.928100
ML-KEM-1024,4194304,4 MB,191,278.000000,84.100000,9.064900,1.031100,10.458100,382.478653,2.493405,0.038052,2.658227,12.837500,12.837500
ML-KEM-1024,4194304,4 MB,192,407.400003,104.900006,9.238400,2.014600,11.765300,339.982831,2.805066,0.038052,3.462725,10.287400,10.287400
ML-KEM-1024,4194304,4 MB,193,551.999998,125.300001,8.947000,1.124800,10.749100,372.124178,2.562785,0.038052,5.135314,11.965800,11.965800
ML-KEM-1024,4194304,4 MB,194,402.999998,133.699999,9.771200,1.757800,12.065700,331.518271,2.876687,0.038052,3.340047,14.055600,14.055600
ML-KEM-1024,4194304,4 MB,195,416.300005,135.000002,8.652400,1.507600,10.711300,373.437398,2.553773,0.038052,3.886550,11.913000,11.913000
ML-KEM-1024,4194304,4 MB,196,359.400001,93.499999,8.802900,2.339100,11.594900,344.979258,2.764440,0.038052,3.099639,14.245400,14.245400
ML-KEM-1024,4194304,4 MB,197,290.799995,85.200001,10.016300,1.429200,11.821500,338.366536,2.818465,0.038052,2.459925,12.607500,12.607500
ML-KEM-1024,4194304,4 MB,198,443.199999,170.400002,9.080000,1.227900,10.921500,366.250057,2.603889,0.038052,4.058051,10.887400,10.887400
ML-KEM-1024,4194304,4 MB,199,371.399998,133.699999,10.455100,1.013400,11.973600,334.068283,2.854729,0.038052,3.101824,15.616600,15.616600
ML-KEM-1024,4194304,4 MB,201,439.000003,131.900000,7.779800,3.826600,12.177300,328.480041,2.903295,0.038052,3.605068,11.374800,11.374800
ML-KEM-1024,4194304,4 MB,202,299.400002,90.200003,6.311600,3.650800,10.352000,386.398764,2.468109,0.038052,2.892195,13.483900,13.483900
ML-KEM-1024,4194304,4 MB,203,678.600001,140.899996,8.241600,1.798800,10.859900,368.327517,2.589202,0.038052,6.248676,15.565600,15.565600
ML-KEM-1024,4194304,4 MB,204,429.400003,136.499999,7.726000,3.128100,11.420000,350.262697,2.722740,0.038052,3.760070,11.196200,11.196200
ML-KEM-1024,4194304,4 MB,205,406.100000,94.700001,6.017900,0.991000,7.509700,532.644446,1.790452,0.038052,5.407673,12.169300,12.169300
ML-KEM-1024,4194304,4 MB,206,344.400003,121.099998,8.454600,2.130500,11.050600,361.971296,2.634668,0.038052,3.116573,8.822900,8.822900
ML-KEM-1024,4194304,4 MB,208,345.599998,78.300000,8.772200,0.726200,9.922300,403.132338,2.365661,0.038052,3.483063,10.359800,10.359800
ML-KEM-1024,4194304,4 MB,209,466.899997,160.799995,6.637300,0.978400,8.243400,485.236674,1.965380,0.038052,5.663925,10.827000,10.827000
ML-KEM-1024,4194304,4 MB,210,364.200001,120.500001,8.435900,0.810800,9.731400,411.040549,2.320147,0.038052,3.742524,11.455800,11.455800
ML-KEM-1024,4194304,4 MB,211,275.799997,80.900005,5.984600,1.085500,7.426800,538.589972,1.770687,0.038052,3.713578,12.340700,12.340700
ML-KEM-1024,4194304,4 MB,212,333.899996,121.600002,9.729300,0.796300,10.981100,364.262232,2.618098,0.038052,3.040679,11.831600,11.831600
ML-KEM-1024,4194304,4 MB,215,299.100000,88.599998,10.408600,0.797400,11.593700,345.014965,2.764153,0.038052,2.579849,15.328900,15.328900
ML-KEM-1024,4194304,4 MB,216,458.399998,115.099996,10.491200,0.711400,11.776100,339.671029,2.807641,0.038052,3.892630,13.634400,13.634400
ML-KEM-1024,4194304,4 MB,218,298.600004,120.799996,6.039500,1.001800,7.460700,536.142721,1.778769,0.038052,4.002305,12.642200,12.642200
ML-KEM-1024,4194304,4 MB,219,2274.300001,140.500000,6.641600,0.946500,10.002900,399.884034,2.384877,0.038052,22.736406,12.931200,12.931200
ML-KEM-1024,4194304,4 MB,220,268.399999,81.300001,5.974300,2.889300,9.213300,434.154972,2.196622,0.038052,2.913180,10.692200,10.692200
ML-KEM-1024,4194304,4 MB,222,272.900004,94.700001,6.976500,1.575700,8.919800,448.440548,2.126646,0.038052,3.059486,10.377300,10.377300
ML-KEM-1024,4194304,4 MB,223,322.100001,124.300001,6.029700,0.713200,7.189300,556.382402,1.714063,0.038052,4.480269,13.143600,13.143600
ML-KEM-1024,4194304,4 MB,224,530.199999,125.400002,8.726500,0.794100,10.176200,393.074035,2.426195,0.038052,5.210196,8.504500,8.504500
ML-KEM-1024,4194304,4 MB,225,376.099997,122.899997,7.091000,1.082300,8.672300,461.238656,2.067637,0.038052,4.336796,10.068700,10.068700
ML-KEM-1024,4194304,4 MB,226,579.800006,195.200002,9.453700,0.837900,11.066600,361.447961,2.638483,0.038052,5.239188,12.669400,12.669400
ML-KEM-1024,4194304,4 MB,227,268.399999,77.299999,6.115700,1.069500,7.530900,531.145016,1.795506,0.038052,3.563983,11.049600,11.049600
ML-KEM-1024,4194304,4 MB,228,701.500001,83.500003,6.213700,0.853500,7.852200,509.411375,1.872110,0.038052,8.933802,13.821800,13.821800
ML-KEM-1024,4194304,4 MB,229,276.799998,78.400000,10.086900,0.999200,11.441300,349.610621,2.727818,0.038052,2.419305,7.847700,7.847700
ML-KEM-1024,4194304,4 MB,230,535.199993,324.500004,6.680300,0.979100,8.519100,469.533167,2.031112,0.038052,6.282354,12.391000,12.391000
ML-KEM-1024,4194304,4 MB,231,575.099999,169.799998,6.950800,1.010900,8.706600,459.421588,2.075815,0.038052,6.605334,9.150300,9.150300
ML-KEM-1024,4194304,4 MB,232,635.799996,141.099998,6.066300,1.071100,7.914300,505.414250,1.886916,0.038052,8.033559,13.337400,13.337400
ML-KEM-1024,4194304,4 MB,233,336.999998,119.299999,8.671300,1.360400,10.488000,381.388253,2.500534,0.038052,3.213196,9.804300,9.804300
ML-KEM-1024,4194304,4 MB,235,339.300001,120.199998,9.160800,0.944100,10.564400,378.630116,2.518749,0.038052,3.211730,9.019000,9.019000
ML-KEM-1024,4194304,4 MB,236,324.699999,92.899994,6.107900,1.023700,7.549200,529.857469,1.799870,0.038052,4.301118,13.155300,13.155300
ML-KEM-1024,4194304,4 MB,237,578.699997,166.600003,8.065100,1.355800,10.166200,393.460683,2.423811,0.038052,5.692392,9.085100,9.085100
ML-KEM-1024,4194304,4 MB,238,278.200001,80.499995,6.211400,0.748900,7.319000,546.522749,1.744986,0.038052,3.801066,11.347900,11.347900
ML-KEM-1024,4194304,4 MB,239,651.200004,127.899999,10.741700,0.809800,12.330600,324.396217,2.939844,0.038052,5.281170,14.438000,14.438000
ML-KEM-1024,4194304,4 MB,240,263.500006,78.799996,6.677400,3.348000,10.367700,385.813633,2.471852,0.038052,2.541547,15.687000,15.687000
ML-KEM-1024,4194304,4 MB,241,268.000003,78.799996,6.584900,5.794200,12.725900,314.319616,3.034091,0.038052,2.105941,16.979300,16.979300
ML-KEM-1024,4194304,4 MB,242,599.800005,215.300002,7.846500,1.998800,10.660400,375.220442,2.541637,0.038052,5.626431,12.447600,12.447600
ML-KEM-1024,4194304,4 MB,243,494.600004,137.800002,8.697200,2.305200,11.634800,343.796198,2.773952,0.038052,4.251040,9.095000,9.095000
ML-KEM-1024,4194304,4 MB,244,445.400001,188.800004,5.953300,1.043400,7.630900,524.184565,1.819348,0.038052,5.836795,13.184000,13.184000
ML-KEM-1024,4194304,4 MB,245,303.600005,76.299999,9.344400,0.990000,10.714300,373.332836,2.554488,0.038052,2.833596,10.985500,10.985500
ML-KEM-1024,4194304,4 MB,247,356.000004,93.900002,5.694100,3.079300,9.223300,433.684256,2.199006,0.038052,3.859790,10.632800,10.632800
ML-KEM-1024,4194304,4 MB,248,609.000002,217.800000,6.162800,1.040900,8.030500,498.100990,1.914620,0.038052,7.583588,12.524600,12.524600
ML-KEM-1024,4194304,4 MB,249,597.500002,91.100002,5.702300,1.783200,8.174100,489.350509,1.948857,0.038052,7.309673,9.538900,9.538900
ML-KEM-1024,4194304,4 MB,250,1286.399995,134.400005,6.468300,1.055500,8.944600,447.197191,2.132559,0.038052,14.381862,12.578600,12.578600
ML-KEM-1024,4194304,4 MB,251,330.500006,116.799994,8.930400,1.010900,10.388600,385.037445,2.476835,0.038052,3.181372,12.344300,12.344300
ML-KEM-1024,4194304,4 MB,253,259.499997,75.399999,7.187000,0.762000,8.283900,482.864351,1.975036,0.038052,3.132582,9.522000,9.522000
ML-KEM-1024,4194304,4 MB,254,643.600004,355.700002,5.651700,1.046500,7.697500,519.649237,1.835227,0.038052,8.361156,18.453200,18.453200
ML-KEM-1024,4194304,4 MB,255,642.799998,296.800004,5.968100,1.004400,7.912100,505.554784,1.886392,0.038052,8.124265,15.799400,15.799400
ML-KEM-1024,4194304,4 MB,256,385.299994,119.500000,6.354700,1.189800,8.049300,496.937622,1.919103,0.038052,4.786752,19.178100,19.178100
ML-KEM-1024,4194304,4 MB,257,432.000001,99.199999,7.020900,1.138900,8.691000,460.246232,2.072096,0.038052,4.970659,13.979400,13.979400
ML-KEM-1024,4194304,4 MB,258,1462.600005,380.599995,6.786700,0.989400,9.619300,415.830674,2.293420,0.038052,15.204849,12.370700,12.370700
ML-KEM-1024,4194304,4 MB,259,305.800000,118.999997,5.757100,2.137700,8.319600,480.792346,1.983547,0.038052,3.675657,10.566500,10.566500
ML-KEM-1024,4194304,4 MB,260,652.800001,137.600000,5.292400,1.275200,7.358000,543.625986,1.754284,0.038052,8.871976,11.364600,11.364600
ML-KEM-1024,4194304,4 MB,261,501.099996,114.800001,5.532700,3.545000,9.693600,412.643394,2.311134,0.038052,5.169390,10.391300,10.391300
ML-KEM-1024,4194304,4 MB,263,418.200005,137.099996,10.473900,0.900300,11.929500,335.303240,2.844214,0.038052,3.505595,13.759600,13.759600
ML-KEM-1024,4194304,4 MB,265,446.400001,1608.899998,6.649500,1.247500,9.952300,401.917145,2.372813,0.038052,4.485395,12.762000,12.762000
ML-KEM-1024,4194304,4 MB,267,871.900003,82.999999,5.513100,1.189000,7.657000,522.397806,1.825571,0.038052,11.386966,12.202100,12.202100
ML-KEM-1024,4194304,4 MB,268,351.399998,138.299998,11.455400,0.743800,12.688900,315.236151,3.025270,0.038052,2.769350,15.376000,15.376000
ML-KEM-1024,4194304,4 MB,269,267.899995,91.800001,9.799400,1.351600,11.510700,347.502758,2.744365,0.038052,2.327400,15.158000,15.158000
ML-KEM-1024,4194304,4 MB,271,399.599994,101.099999,9.589000,1.780200,11.869900,336.986832,2.830005,0.038052,3.366498,14.208000,14.208000
ML-KEM-1024,4194304,4 MB,272,268.399999,79.099998,6.645700,1.494400,8.487600,471.275743,2.023602,0.038052,3.162260,9.931900,9.931900
ML-KEM-1024,4194304,4 MB,273,1097.499997,135.700000,7.432600,0.781900,9.447700,423.383469,2.252507,0.038052,11.616584,12.087200,12.087200
ML-KEM-1024,4194304,4 MB,274,357.599994,116.100004,8.524200,1.087100,10.085000,396.628656,2.404451,0.038052,3.545860,8.641600,8.641600
ML-KEM-1024,4194304,4 MB,275,445.299993,130.600005,6.863700,0.858100,8.297700,482.061294,1.978326,0.038052,5.366547,11.581000,11.581000
ML-KEM-1024,4194304,4 MB,276,321.699998,104.800005,5.895200,1.024800,7.346500,544.476962,1.751542,0.038052,4.378956,12.864400,12.864400
ML-KEM-1024,4194304,4 MB,277,1199.600003,91.599999,6.111300,0.970900,8.373400,477.703203,1.996374,0.038052,14.326319,12.575900,12.575900
ML-KEM-1024,4194304,4 MB,278,268.600001,79.999998,6.264700,0.975900,7.589200,527.064776,1.809406,0.038052,3.539240,9.412100,9.412100
ML-KEM-1024,4194304,4 MB,279,600.200001,161.299999,7.703700,0.792100,9.257300,432.091431,2.207112,0.038052,6.483532,11.122600,11.122600
ML-KEM-1024,4194304,4 MB,280,260.599998,76.299999,6.039300,0.969200,7.345400,544.558499,1.751280,0.038052,3.547799,12.322900,12.322900
ML-KEM-1024,4194304,4 MB,281,434.399997,99.600002,5.592900,1.030000,7.156900,558.901200,1.706338,0.038052,6.069667,13.576900,13.576900
ML-KEM-1024,4194304,4 MB,283,554.099999,112.100002,7.172200,1.021200,8.859600,451.487652,2.112293,0.038052,6.254233,13.785800,13.785800
ML-KEM-1024,4194304,4 MB,284,386.299995,120.199998,7.369800,1.770800,9.647100,414.632377,2.300048,0.038052,4.004312,13.974400,13.974400
ML-KEM-1024,4194304,4 MB,285,359.600002,97.899996,7.133100,1.005600,8.596200,465.321887,2.049494,0.038052,4.183244,10.545800,10.545800
ML-KEM-1024,4194304,4 MB,286,572.600002,120.500001,6.475700,0.830200,7.999000,500.062508,1.907110,0.038052,7.158395,12.739100,12.739100
ML-KEM-1024,4194304,4 MB,288,568.400006,239.800000,6.920700,1.043600,8.772500,455.970362,2.091527,0.038052,6.479339,12.137000,12.137000
ML-KEM-1024,4194304,4 MB,289,443.900004,133.100002,7.966900,1.608600,10.152500,393.991628,2.420545,0.038052,4.372322,12.311200,12.311200
ML-KEM-1024,4194304,4 MB,290,339.499995,120.500001,7.420000,1.130500,9.010500,443.926530,2.148271,0.038052,3.767826,12.975000,12.975000
ML-KEM-1024,4194304,4 MB,291,417.299998,126.700004,8.158300,1.144000,9.846300,406.243970,2.347541,0.038052,4.238140,13.904800,13.904800
ML-KEM-1024,4194304,4 MB,292,508.500001,129.900000,7.979200,1.259300,9.876900,404.985370,2.354836,0.038052,5.148377,11.775500,11.775500
ML-KEM-1024,4194304,4 MB,293,361.600003,122.500001,7.970600,1.225200,9.679900,413.227409,2.307868,0.038052,3.735576,12.494200,12.494200
ML-KEM-1024,4194304,4 MB,294,1625.700002,277.200001,8.814700,1.275300,11.992900,333.530672,2.859330,0.038052,13.555520,14.113000,14.113000
ML-KEM-1024,4194304,4 MB,295,509.699996,132.599998,9.045200,1.257200,10.944700,365.473700,2.609420,0.038052,4.657049,14.289800,14.289800
ML-KEM-1024,4194304,4 MB,296,306.900001,122.800004,10.463900,1.020200,11.913800,335.745102,2.840471,0.038052,2.576004,13.214900,13.214900
ML-KEM-1024,4194304,4 MB,297,324.499997,80.500002,5.572100,5.274000,11.251100,355.520794,2.682471,0.038052,2.884162,14.359000,14.359000
ML-KEM-1024,4194304,4 MB,298,292.799996,81.200000,6.578700,2.796700,9.749400,410.281658,2.324438,0.038052,3.003262,11.814700,11.814700
ML-KEM-1024,4194304,4 MB,299,383.999999,115.700001,9.097000,1.703100,11.299800,353.988566,2.694082,0.038052,3.398290,10.252100,10.252100
ML-KEM-1024,8388608,8 MB,1,774.999993,233.999999,12.902700,5.491400,19.403100,412.305250,2.313030,0.019026,3.994207,19.177100,19.177100
ML-KEM-1024,8388608,8 MB,2,401.199999,124.200000,14.491000,1.902500,16.918900,472.843979,2.016890,0.019026,2.371313,23.515200,23.515200
ML-KEM-1024,8388608,8 MB,3,460.600000,156.099995,12.761500,1.951200,15.329400,521.873002,1.827407,0.019026,3.004684,22.388300,22.388300
ML-KEM-1024,8388608,8 MB,4,501.000002,127.400002,13.583500,1.355600,15.567500,513.891119,1.855791,0.019026,3.218243,19.341500,19.341500
ML-KEM-1024,8388608,8 MB,5,451.700005,121.400000,13.761700,2.058100,16.392900,488.016153,1.954186,0.019026,2.755461,55.747100,55.747100
ML-KEM-1024,8388608,8 MB,7,329.800001,112.800000,13.885800,2.258800,16.587200,482.299605,1.977348,0.019026,1.988280,28.179100,28.179100
ML-KEM-1024,8388608,8 MB,8,311.800002,108.500004,17.463300,3.894900,21.778500,367.334757,2.596200,0.019026,1.431687,22.934100,22.934100
ML-KEM-1024,8388608,8 MB,9,465.499994,102.099999,11.185100,5.288000,17.040700,469.464283,2.031410,0.019026,2.731695,21.741300,21.741300
ML-KEM-1024,8388608,8 MB,10,403.799997,100.400001,14.181800,1.793700,16.479700,485.445730,1.964533,0.019026,2.450287,21.444800,21.444800
ML-KEM-1024,8388608,8 MB,12,534.100000,130.300003,13.673000,1.980400,16.317800,490.262168,1.945233,0.019026,3.273113,18.741600,18.741600
ML-KEM-1024,8388608,8 MB,14,411.500005,134.999995,13.983900,2.142400,16.672800,479.823425,1.987553,0.019026,2.468092,20.871300,20.871300
ML-KEM-1024,8388608,8 MB,15,293.600002,82.099999,13.120700,1.787100,15.283500,523.440312,1.821935,0.019026,1.921026,19.726500,19.726500
ML-KEM-1024,8388608,8 MB,16,314.700002,81.700004,13.550700,1.504500,15.451600,517.745735,1.841974,0.019026,2.036682,18.206800,18.206800
ML-KEM-1024,8388608,8 MB,17,474.699998,127.100000,13.534500,1.676100,15.812400,505.932053,1.884985,0.019026,3.002074,20.169400,20.169400
ML-KEM-1024,8388608,8 MB,18,530.800004,156.100003,15.601400,2.413000,18.701300,427.777748,2.229369,0.019026,2.838305,24.778700,24.778700
ML-KEM-1024,8388608,8 MB,21,449.499996,124.399994,12.642000,2.698400,15.914300,502.692547,1.897132,0.019026,2.824504,18.438300,18.438300
ML-KEM-1024,8388608,8 MB,22,309.999996,82.399994,12.434100,2.763100,15.589600,513.162621,1.858425,0.019026,1.988505,18.815400,18.815400
ML-KEM-1024,8388608,8 MB,23,433.900001,123.000005,13.662200,2.617100,16.836200,475.166605,2.007031,0.019026,2.577185,20.753300,20.753300
ML-KEM-1024,8388608,8 MB,26,1085.900003,134.300004,12.938000,3.584300,17.742500,450.894744,2.115071,0.019026,6.120333,21.851500,21.851500
ML-KEM-1024,8388608,8 MB,27,423.199999,135.000002,13.981400,2.171600,16.711200,478.720858,1.992130,0.019026,2.532433,22.201000,22.201000
ML-KEM-1024,8388608,8 MB,28,353.399999,122.799996,13.720200,2.002000,16.198400,493.875938,1.931000,0.019026,2.181697,22.245700,22.245700
ML-KEM-1024,8388608,8 MB,29,529.999998,130.499997,14.256000,1.576500,16.493000,485.054265,1.966119,0.019026,3.213484,22.939800,22.939800
ML-KEM-1024,8388608,8 MB,30,514.200001,332.000003,14.121100,2.066600,17.033900,469.651695,2.030599,0.019026,3.018686,19.544900,19.544900
ML-KEM-1024,8388608,8 MB,31,635.700002,116.299998,13.307300,2.195600,16.254900,492.159288,1.937735,0.019026,3.910821,20.380600,20.380600
ML-KEM-1024,8388608,8 MB,32,306.700000,81.500002,10.797400,12.170700,23.356300,342.520005,2.784288,0.019026,1.313136,35.428200,35.428200
ML-KEM-1024,8388608,8 MB,33,347.900001,85.399995,17.774500,2.091200,20.299000,394.108084,2.419829,0.019026,1.713878,26.904000,26.904000
ML-KEM-1024,8388608,8 MB,34,444.099998,139.399999,14.924200,2.962300,18.470000,433.134813,2.201796,0.019026,2.404440,21.688800,21.688800
ML-KEM-1024,8388608,8 MB,35,788.000005,315.700003,16.584800,2.307300,19.995800,400.084018,2.383685,0.019026,3.940828,26.266200,26.266200
ML-KEM-1024,8388608,8 MB,36,413.599999,116.299998,16.742000,3.791700,21.063600,379.802123,2.510977,0.019026,1.963577,22.123900,22.123900
ML-KEM-1024,8388608,8 MB,37,460.199997,1553.199996,13.556700,1.407200,16.977300,471.217449,2.023852,0.019026,2.710678,21.211000,21.211000
ML-KEM-1024,8388608,8 MB,38,442.700002,125.799997,13.338300,2.196600,16.103400,496.789498,1.919675,0.019026,2.749109,21.243200,21.243200
ML-KEM-1024,8388608,8 MB,39,549.400000,126.100000,13.871900,2.242100,16.789500,476.488281,2.001464,0.019026,3.272283,18.736200,18.736200
ML-KEM-1024,8388608,8 MB,40,556.700004,189.800005,11.895600,3.786000,16.428100,486.970496,1.958382,0.019026,3.388706,18.440100,18.440100
ML-KEM-1024,8388608,8 MB,41,382.999999,115.299998,13.280000,1.914500,15.692800,509.787928,1.870728,0.019026,2.440610,21.815800,21.815800
ML-KEM-1024,8388608,8 MB,42,428.899999,120.799996,14.465900,2.830500,17.846100,448.277215,2.127421,0.019026,2.403326,26.792700,26.792700
ML-KEM-1024,8388608,8 MB,43,293.999998,81.000006,18.846600,4.412600,23.634200,338.492523,2.817416,0.019026,1.243960,22.149000,22.149000
ML-KEM-1024,8388608,8 MB,44,350.199996,123.099999,17.739200,2.527300,20.739800,385.731781,2.472377,0.019026,1.688541,25.170900,25.170900
ML-KEM-1024,8388608,8 MB,45,516.000000,156.700000,19.037200,4.311100,24.021000,333.041922,2.863526,0.019026,2.148120,21.134100,21.134100
ML-KEM-1024,8388608,8 MB,46,478.000002,135.200004,13.268100,3.158200,17.039500,469.497344,2.031267,0.019026,2.805247,20.235800,20.235800
ML-KEM-1024,8388608,8 MB,47,441.000004,125.500002,13.676700,3.476500,17.719700,451.474912,2.112353,0.019026,2.488755,21.707300,21.707300
ML-KEM-1024,8388608,8 MB,48,443.899997,116.800002,13.170600,1.613000,15.344300,521.366240,1.829183,0.019026,2.892931,21.684800,21.684800
ML-KEM-1024,8388608,8 MB,49,301.500004,77.899997,14.318900,1.651000,16.349300,489.317585,1.948988,0.019026,1.844116,18.466200,18.466200
ML-KEM-1024,8388608,8 MB,52,346.300003,119.800003,17.254100,3.420000,21.140200,378.425937,2.520108,0.019026,1.638111,23.207700,23.207700
ML-KEM-1024,8388608,8 MB,53,504.100004,239.199995,16.038500,2.995800,19.777600,404.498018,2.357674,0.019026,2.548843,21.545500,21.545500
ML-KEM-1024,8388608,8 MB,54,704.299993,127.399995,13.593500,1.564600,15.989800,500.318953,1.906133,0.019026,4.404683,19.915100,19.915100
ML-KEM-1024,8388608,8 MB,55,1337.099995,147.200000,15.506600,1.955200,18.946100,422.250490,2.258551,0.019026,7.057389,19.367700,19.367700
ML-KEM-1024,8388608,8 MB,56,390.000001,117.800002,14.791100,1.423800,16.722700,478.391647,1.993501,0.019026,2.332159,19.671400,19.671400
ML-KEM-1024,8388608,8 MB,57,601.200001,130.799999,14.808400,1.645700,17.186100,465.492462,2.048743,0.019026,3.498176,21.750400,21.750400
ML-KEM-1024,8388608,8 MB,59,383.699997,122.700003,14.421300,1.967500,16.895200,473.507268,2.014065,0.019026,2.271059,23.931700,23.931700
ML-KEM-1024,8388608,8 MB,60,340.799998,122.599995,22.418100,1.938600,24.820100,322.319410,2.958786,0.019026,1.373081,21.041700,21.041700
ML-KEM-1024,8388608,8 MB,61,453.999994,124.200000,15.372900,2.331100,18.282200,437.584098,2.179408,0.019026,2.483290,22.420900,22.420900
ML-KEM-1024,8388608,8 MB,62,906.900001,99.600002,16.440900,3.087000,20.534400,389.590151,2.447891,0.019026,4.416491,25.675700,25.675700
ML-KEM-1024,8388608,8 MB,63,460.000003,149.399995,16.875400,2.954300,20.439100,391.406667,2.436531,0.019026,2.250588,23.631100,23.631100
ML-KEM-1024,8388608,8 MB,64,377.099997,100.300000,17.306900,2.200200,19.984500,400.310240,2.382338,0.019026,1.886962,20.809100,20.809100
ML-KEM-1024,8388608,8 MB,65,733.400004,403.100006,14.804400,2.695400,18.636300,429.269758,2.221620,0.019026,3.935331,21.519800,21.519800
ML-KEM-1024,8388608,8 MB,66,363.400002,96.999996,15.883500,2.819500,19.163400,417.462454,2.284455,0.019026,1.896323,22.091600,22.091600
ML-KEM-1024,8388608,8 MB,67,456.599999,140.800003,16.665300,2.285000,19.547700,409.255309,2.330267,0.019026,2.335825,23.739300,23.739300
ML-KEM-1024,8388608,8 MB,68,439.199997,135.800001,17.582700,2.903400,21.061100,379.847206,2.510679,0.019026,2.085361,24.853900,24.853900
ML-KEM-1024,8388608,8 MB,69,472.599997,137.600000,18.162300,2.513200,21.285700,375.839178,2.537453,0.019026,2.220270,26.017700,26.017700
ML-KEM-1024,8388608,8 MB,70,291.800003,111.200003,16.330600,2.103700,18.837300,424.689313,2.245581,0.019026,1.549054,26.277200,26.277200
ML-KEM-1024,8388608,8 MB,71,896.699996,238.100001,17.076800,2.029400,20.241000,395.237389,2.412915,0.019026,4.430117,21.779000,21.779000
ML-KEM-1024,8388608,8 MB,72,546.199997,146.000006,16.566300,1.631300,18.889800,423.508984,2.251840,0.019026,2.891508,21.868900,21.868900
ML-KEM-1024,8388608,8 MB,73,489.499995,97.500000,13.508100,1.666900,15.762000,507.549803,1.878977,0.019026,3.105570,19.599800,19.599800
ML-KEM-1024,8388608,8 MB,74,541.199995,207.800003,13.176700,3.661400,17.587100,454.878860,2.096546,0.019026,3.077255,21.143700,21.143700
ML-KEM-1024,8388608,8 MB,75,431.400003,115.700001,13.965300,1.888600,16.401000,487.775136,1.955152,0.019026,2.630327,21.972200,21.972200
ML-KEM-1024,8388608,8 MB,77,465.600002,145.300000,16.328100,2.162600,19.101600,418.813084,2.277088,0.019026,2.437492,24.822500,24.822500
ML-KEM-1024,8388608,8 MB,78,458.900002,122.199999,15.223100,2.277500,18.081700,442.436275,2.155507,0.019026,2.537925,25.794700,25.794700
ML-KEM-1024,8388608,8 MB,79,493.400003,139.500000,17.228500,3.844500,21.705900,368.563386,2.587545,0.019026,2.273115,22.966700,22.966700
ML-KEM-1024,8388608,8 MB,80,443.099998,121.099998,15.965500,1.878900,18.408600,434.579490,2.194476,0.019026,2.407027,17.953900,17.953900
ML-KEM-1024,8388608,8 MB,81,608.900002,235.499996,15.285600,2.646000,18.776000,426.075842,2.238274,0.019026,3.242970,18.969500,18.969500
ML-KEM-1024,8388608,8 MB,82,304.699999,77.400000,13.583100,2.160500,16.125700,496.102495,1.922333,0.019026,1.889530,19.126100,19.126100
ML-KEM-1024,8388608,8 MB,83,392.299997,84.300002,13.240800,2.195800,15.913200,502.727295,1.897001,0.019026,2.465249,19.876800,19.876800
ML-KEM-1024,8388608,8 MB,84,405.400002,166.999998,14.416200,1.870900,16.859500,474.509920,2.009809,0.019026,2.404579,19.747000,19.747000
ML-KEM-1024,8388608,8 MB,85,365.700005,120.799996,14.994500,3.314200,18.795200,425.640589,2.240562,0.019026,1.945710,23.833300,23.833300
ML-KEM-1024,8388608,8 MB,86,365.300002,118.899996,15.167200,1.874700,17.526100,456.462077,2.089274,0.019026,2.084320,23.372600,23.372600
ML-KEM-1024,8388608,8 MB,87,963.899998,96.399999,14.617700,2.066400,17.744400,450.846464,2.115297,0.019026,5.432136,23.483200,23.483200
ML-KEM-1024,8388608,8 MB,88,342.500003,125.899998,14.018100,2.107700,16.594200,482.096154,1.978183,0.019026,2.063974,18.754200,18.754200
ML-KEM-1024,8388608,8 MB,89,443.299999,123.799997,12.961400,1.919200,15.447700,517.876448,1.841509,0.019026,2.869683,21.686200,21.686200
ML-KEM-1024,8388608,8 MB,90,426.200000,115.900002,13.431000,1.429500,15.402600,519.392830,1.836133,0.019026,2.767065,19.315700,19.315700
ML-KEM-1024,8388608,8 MB,91,381.500002,126.699997,13.971000,2.162400,16.641600,480.723007,1.983833,0.019026,2.292448,20.895500,20.895500
ML-KEM-1024,8388608,8 MB,92,659.099998,217.200002,16.934400,2.434800,20.245500,395.149539,2.413452,0.019026,3.255538,18.890300,18.890300
ML-KEM-1024,8388608,8 MB,93,561.499997,361.899998,13.442900,2.821600,17.187900,465.443713,2.048957,0.019026,3.266833,22.831700,22.831700
ML-KEM-1024,8388608,8 MB,94,472.100000,161.100004,15.441100,1.564100,17.638400,453.555878,2.102661,0.019026,2.676547,27.193800,27.193800
ML-KEM-1024,8388608,8 MB,97,452.000000,126.200001,13.567200,2.076600,16.222000,493.157440,1.933813,0.019026,2.786340,22.389500,22.389500
ML-KEM-1024,8388608,8 MB,98,551.099998,195.799999,13.025900,3.302000,17.074800,468.526718,2.035475,0.019026,3.227563,19.111300,19.111300
ML-KEM-1024,8388608,8 MB,99,441.100005,126.699997,14.172000,2.196800,16.936600,472.349822,2.019000,0.019026,2.604419,20.852600,20.852600
ML-KEM-1024,8388608,8 MB,100,452.299995,120.799996,14.159700,1.858000,16.590800,482.194951,1.977777,0.019026,2.726210,19.194900,19.194900
ML-KEM-1024,8388608,8 MB,101,438.900002,206.199999,15.732000,2.305200,18.682300,428.212800,2.227104,0.019026,2.349282,24.096300,24.096300
ML-KEM-1024,8388608,8 MB,102,303.100001,122.700003,15.310100,1.941500,17.677400,452.555240,2.107310,0.019026,1.714619,27.015500,27.015500
ML-KEM-1024,8388608,8 MB,103,388.599998,132.599998,19.738900,2.545700,22.805800,350.787957,2.718663,0.019026,1.703952,20.039600,20.039600
ML-KEM-1024,8388608,8 MB,104,456.700000,121.899997,13.436000,2.179400,16.194000,494.010127,1.930475,0.019026,2.820180,20.042700,20.042700
ML-KEM-1024,8388608,8 MB,105,471.100000,120.000004,13.049900,2.347600,15.988600,500.356504,1.905990,0.019026,2.946474,17.578100,17.578100
ML-KEM-1024,8388608,8 MB,106,541.900001,170.100000,12.153400,2.920100,15.785500,506.794210,1.881778,0.019026,3.432897,19.706100,19.706100
ML-KEM-1024,8388608,8 MB,107,452.100001,126.600004,13.682500,1.971400,16.232600,492.835405,1.935077,0.019026,2.785136,20.721500,20.721500
ML-KEM-1024,8388608,8 MB,108,788.599995,332.099997,15.340800,1.614200,18.075700,442.583137,2.154791,0.019026,4.362763,18.697100,18.697100
ML-KEM-1024,8388608,8 MB,109,352.699994,98.500001,14.977100,2.614600,18.042900,443.387704,2.150881,0.019026,1.954786,28.872800,28.872800
ML-KEM-1024,8388608,8 MB,110,364.100000,121.600002,15.724800,2.083300,18.293800,437.306628,2.180791,0.019026,1.990292,24.929400,24.929400
ML-KEM-1024,8388608,8 MB,111,411.900000,126.200001,16.296700,2.956500,19.791300,404.218015,2.359307,0.019026,2.081218,23.610100,23.610100
ML-KEM-1024,8388608,8 MB,113,421.899997,125.700004,13.992400,2.182000,16.722000,478.411673,1.993418,0.019026,2.523024,18.581500,18.581500
ML-KEM-1024,8388608,8 MB,114,461.199998,123.000005,13.110700,1.725000,15.419900,518.810109,1.838195,0.019026,2.990940,19.308700,19.308700
ML-KEM-1024,8388608,8 MB,115,424.400001,115.400006,13.704700,1.834400,16.078900,497.546474,1.916754,0.019026,2.639484,21.832900,21.832900
ML-KEM-1024,8388608,8 MB,117,596.900005,127.899999,12.876500,1.751400,15.352700,521.080982,1.830184,0.019026,3.887916,21.732700,21.732700
ML-KEM-1024,8388608,8 MB,118,569.199998,143.300000,15.279000,3.658000,19.649500,407.135041,2.342403,0.019026,2.896766,23.224100,23.224100
ML-KEM-1024,8388608,8 MB,119,558.400003,129.000000,19.468900,4.925200,25.081500,318.960190,2.989948,0.019026,2.226342,23.100500,23.100500
ML-KEM-1024,8388608,8 MB,120,545.399998,161.299999,13.957200,3.004700,17.668600,452.780639,2.106261,0.019026,3.086832,19.384400,19.384400
ML-KEM-1024,8388608,8 MB,121,440.300006,145.700003,15.017600,2.074800,17.678400,452.529641,2.107430,0.019026,2.490610,23.336900,23.336900
ML-KEM-1024,8388608,8 MB,122,424.899998,129.599997,15.058600,4.583000,20.196100,396.116082,2.407563,0.019026,2.103872,19.454900,19.454900
ML-KEM-1024,8388608,8 MB,123,419.900003,119.700002,13.654000,2.133100,16.326700,489.994916,1.946294,0.019026,2.571861,21.095900,21.095900
ML-KEM-1024,8388608,8 MB,124,457.199996,121.400000,13.615500,2.319400,16.513500,484.452115,1.968563,0.019026,2.768644,19.436500,19.436500
ML-KEM-1024,8388608,8 MB,125,359.599995,139.600001,11.783600,6.125600,18.408400,434.584212,2.194452,0.019026,1.953456,21.840200,21.840200
ML-KEM-1024,8388608,8 MB,126,628.300004,636.800003,16.196600,2.302100,19.763800,404.780457,2.356029,0.019026,3.179045,33.027800,33.027800
ML-KEM-1024,8388608,8 MB,127,399.500001,102.999998,17.377300,2.860300,20.740100,385.726202,2.472413,0.019026,1.926220,20.161400,20.161400
ML-KEM-1024,8388608,8 MB,128,267.700001,79.400001,14.656600,1.870000,16.873700,474.110598,2.011502,0.019026,1.586493,20.853000,20.853000
ML-KEM-1024,8388608,8 MB,129,444.099998,143.899997,12.614400,2.488900,15.691300,509.836661,1.870549,0.019026,2.830231,19.174600,19.174600
ML-KEM-1024,8388608,8 MB,130,552.999998,121.999998,15.141600,3.412800,19.229400,416.029621,2.292323,0.019026,2.875805,19.517600,19.517600
ML-KEM-1024,8388608,8 MB,131,366.400003,138.800002,14.018400,1.684800,16.208400,493.571235,1.932192,0.019026,2.260556,21.820000,21.820000
ML-KEM-1024,8388608,8 MB,132,650.300004,296.600003,14.712300,1.404600,17.063800,468.828749,2.034163,0.019026,3.810992,20.209100,20.209100
ML-KEM-1024,8388608,8 MB,133,354.799995,122.799996,14.317700,1.585700,16.381000,488.370673,1.952767,0.019026,2.165924,18.643700,18.643700
ML-KEM-1024,8388608,8 MB,134,500.400005,136.800001,13.075900,3.589400,17.302500,462.360931,2.062619,0.019026,2.892068,18.312500,18.312500
ML-KEM-1024,8388608,8 MB,136,483.500000,117.600001,16.042600,2.468400,19.112100,418.582992,2.278340,0.019026,2.529811,22.723300,22.723300
ML-KEM-1024,8388608,8 MB,137,388.499997,106.000000,15.442300,1.756700,17.693500,452.143443,2.109230,0.019026,2.195722,19.727100,19.727100
ML-KEM-1024,8388608,8 MB,138,614.999997,163.899997,17.348200,3.134500,21.261600,376.265192,2.534580,0.019026,2.892539,22.532900,22.532900
ML-KEM-1024,8388608,8 MB,139,434.200003,132.200003,17.616300,2.732600,20.915300,382.495111,2.493298,0.019026,2.075992,22.568100,22.568100
ML-KEM-1024,8388608,8 MB,140,448.999999,136.000002,16.222100,2.963900,19.771000,404.633048,2.356887,0.019026,2.271003,22.912100,22.912100
ML-KEM-1024,8388608,8 MB,141,671.500005,100.400001,16.941400,2.210000,19.923300,401.539906,2.375042,0.019026,3.370426,20.718500,20.718500
ML-KEM-1024,8388608,8 MB,142,324.099994,115.199997,14.648600,1.572600,16.660500,480.177666,1.986086,0.019026,1.945320,21.269900,21.269900
ML-KEM-1024,8388608,8 MB,143,316.099999,82.400002,14.682400,2.077200,17.158100,466.252091,2.045405,0.019026,1.842279,17.845400,17.845400
ML-KEM-1024,8388608,8 MB,144,472.000000,258.200002,13.782500,2.332500,16.845200,474.912735,2.008104,0.019026,2.801985,21.421500,21.421500
ML-KEM-1024,8388608,8 MB,145,437.000002,118.500000,14.434900,1.932600,16.923000,472.729421,2.017379,0.019026,2.582284,24.443300,24.443300
ML-KEM-1024,8388608,8 MB,146,643.400002,184.800003,15.710400,2.000800,18.539400,431.513425,2.210069,0.019026,3.470447,21.813200,21.813200
ML-KEM-1024,8388608,8 MB,147,465.200006,125.300001,15.538800,1.846400,17.975700,445.045256,2.142870,0.019026,2.587938,19.773100,19.773100
ML-KEM-1024,8388608,8 MB,148,343.899999,116.200004,15.623600,1.956300,18.040000,443.458980,2.150536,0.019026,1.906319,26.685800,26.685800
ML-KEM-1024,8388608,8 MB,149,359.500002,124.899998,17.458400,3.979600,21.922400,364.923548,2.613354,0.019026,1.639875,23.776700,23.776700
ML-KEM-1024,8388608,8 MB,150,325.600005,81.200000,13.029600,2.419200,15.855600,504.553596,1.890135,0.019026,2.053533,20.125400,20.125400
ML-KEM-1024,8388608,8 MB,151,1629.499995,211.400002,14.444100,4.313600,20.598600,388.375909,2.455544,0.019026,7.910732,18.402200,18.402200
ML-KEM-1024,8388608,8 MB,152,422.700003,117.200005,14.173900,1.910500,16.624300,481.223270,1.981771,0.019026,2.542663,24.053500,24.053500
ML-KEM-1024,8388608,8 MB,153,476.400004,125.200000,15.113100,2.027300,17.742000,450.907451,2.115011,0.019026,2.685154,21.948600,21.948600
ML-KEM-1024,8388608,8 MB,154,352.200004,115.899995,15.277200,1.847200,17.592500,454.739235,2.097189,0.019026,2.001990,20.316600,20.316600
ML-KEM-1024,8388608,8 MB,155,422.500001,125.800005,13.362600,1.678000,15.588900,513.185664,1.858342,0.019026,2.710262,21.995500,21.995500
ML-KEM-1024,8388608,8 MB,156,584.000001,244.300005,15.272700,2.450100,18.551100,431.241274,2.211463,0.019026,3.148061,26.437900,26.437900
ML-KEM-1024,8388608,8 MB,157,342.100000,117.500000,17.348500,2.765800,20.573900,388.842174,2.452600,0.019026,1.662786,25.682400,25.682400
ML-KEM-1024,8388608,8 MB,158,624.000000,155.800000,17.162600,1.655300,19.597700,408.211168,2.336228,0.019026,3.184047,22.999800,22.999800
ML-KEM-1024,8388608,8 MB,159,340.699997,82.699997,14.426000,2.564000,17.413400,459.416312,2.075839,0.019026,1.956539,18.100900,18.100900
ML-KEM-1024,8388608,8 MB,160,1886.999999,208.500001,13.806100,3.942400,19.844000,403.144527,2.365589,0.019026,9.509172,19.597500,19.597500
ML-KEM-1024,8388608,8 MB,161,411.400004,123.099999,14.816800,2.165800,17.517100,456.696599,2.088201,0.019026,2.348562,21.436700,21.436700
ML-KEM-1024,8388608,8 MB,162,447.299994,230.400001,13.973900,1.961000,16.612600,481.562188,1.980376,0.019026,2.692535,22.101700,22.101700
ML-KEM-1024,8388608,8 MB,163,405.999999,134.400005,15.000200,2.684200,18.224800,438.962293,2.172565,0.019026,2.227734,29.868600,29.868600
ML-KEM-1024,8388608,8 MB,164,346.900000,123.000005,17.121000,6.119300,23.710200,337.407529,2.826476,0.019026,1.463083,20.412500,20.412500
ML-KEM-1024,8388608,8 MB,165,335.099998,149.699998,15.587700,2.929300,19.001800,421.012746,2.265191,0.019026,1.763517,24.485900,24.485900
ML-KEM-1024,8388608,8 MB,166,449.799998,125.600003,13.250300,1.698800,15.524500,515.314503,1.850665,0.019026,2.897356,20.479000,20.479000
ML-KEM-1024,8388608,8 MB,168,454.100002,123.200000,15.333600,1.926400,17.837300,448.498371,2.126372,0.019026,2.545789,20.976900,20.976900
ML-KEM-1024,8388608,8 MB,169,349.499998,118.199998,15.072000,1.680500,17.220200,464.570679,2.052808,0.019026,2.029593,22.413800,22.413800
ML-KEM-1024,8388608,8 MB,170,426.300001,122.900004,14.260600,2.005200,16.815000,475.765686,2.004504,0.019026,2.535236,22.990700,22.990700
ML-KEM-1024,8388608,8 MB,172,558.100000,159.499999,18.814800,5.474500,25.006900,319.911704,2.981055,0.019026,2.231784,24.801600,24.801600
ML-KEM-1024,8388608,8 MB,173,359.099999,121.199999,15.876000,1.852500,18.208800,439.348008,2.170658,0.019026,1.972123,24.291100,24.291100
ML-KEM-1024,8388608,8 MB,174,371.800001,126.100000,16.769800,2.393700,19.661400,406.888624,2.343822,0.019026,1.891015,26.696800,26.696800
ML-KEM-1024,8388608,8 MB,175,616.899997,160.600001,15.026900,3.625100,19.429500,411.745027,2.316177,0.019026,3.175069,20.489500,20.489500
ML-KEM-1024,8388608,8 MB,176,684.099999,148.000006,12.163100,2.704200,15.699400,509.573614,1.871514,0.019026,4.357491,19.912700,19.912700
ML-KEM-1024,8388608,8 MB,177,403.700004,119.800003,13.489300,2.554000,16.566800,482.893498,1.974916,0.019026,2.436801,20.961300,20.961300
ML-KEM-1024,8388608,8 MB,178,542.999995,319.700004,15.552100,2.544800,18.959600,421.949830,2.260160,0.019026,2.863984,23.527400,23.527400
ML-KEM-1024,8388608,8 MB,179,369.800000,116.099996,15.213600,1.573300,17.272800,463.155945,2.059078,0.019026,2.140938,24.738000,24.738000
ML-KEM-1024,8388608,8 MB,180,361.300001,91.300004,15.049000,2.036800,17.538400,456.141951,2.090740,0.019026,2.060051,21.100200,21.100200
ML-KEM-1024,8388608,8 MB,184,420.900004,122.300000,13.327200,2.161200,16.031600,499.014447,1.911116,0.019026,2.625440,19.732100,19.732100
ML-KEM-1024,8388608,8 MB,185,451.200001,123.400001,13.157500,2.099500,15.831600,505.318477,1.887274,0.019026,2.849996,18.721700,18.721700
ML-KEM-1024,8388608,8 MB,186,458.200004,122.999998,15.669600,2.395200,18.646000,429.046444,2.222776,0.019026,2.457364,24.237900,24.237900
ML-KEM-1024,8388608,8 MB,187,344.100001,115.399998,15.824100,2.004700,18.288300,437.438144,2.180135,0.019026,1.881531,26.339000,26.339000
ML-KEM-1024,8388608,8 MB,188,371.000002,131.699999,16.163300,5.654700,22.320700,358.411699,2.660835,0.019026,1.662134,26.533800,26.533800
ML-KEM-1024,8388608,8 MB,189,368.399997,143.800004,14.279000,1.456300,16.247500,492.383444,1.936853,0.019026,2.267426,20.326700,20.326700
ML-KEM-1024,8388608,8 MB,190,349.800001,85.000000,13.369000,2.194800,15.998600,500.043754,1.907182,0.019026,2.186441,19.257800,19.257800
ML-KEM-1024,8388608,8 MB,191,424.700003,127.299994,14.939600,1.909800,17.401400,459.733125,2.074409,0.019026,2.440608,22.148500,22.148500
ML-KEM-1024,8388608,8 MB,192,396.000003,120.799996,13.501300,2.135000,16.153100,495.260972,1.925600,0.019026,2.451542,18.751600,18.751600
ML-KEM-1024,8388608,8 MB,193,450.799998,117.600001,13.986200,2.145200,16.699800,479.047653,1.990771,0.019026,2.699434,20.097400,20.097400
ML-KEM-1024,8388608,8 MB,194,318.599996,89.099995,16.387500,1.629400,18.424600,434.202099,2.196383,0.019026,1.729210,22.901400,22.901400
ML-KEM-1024,8388608,8 MB,195,574.699996,130.100001,15.597600,2.002800,18.305200,437.034285,2.182150,0.019026,3.139545,31.151300,31.151300
ML-KEM-1024,8388608,8 MB,196,500.000002,157.600000,19.568700,2.505700,22.732000,351.926799,2.709866,0.019026,2.199543,27.374700,27.374700
ML-KEM-1024,8388608,8 MB,197,588.099996,203.100004,16.494100,2.669600,19.954900,400.904039,2.378809,0.019026,2.947146,20.160200,20.160200
ML-KEM-1024,8388608,8 MB,198,644.699998,127.200001,15.161600,2.833500,18.767000,426.280173,2.237201,0.019026,3.435285,18.898900,18.898900
ML-KEM-1024,8388608,8 MB,199,429.200001,121.000005,13.788100,1.919500,16.257800,492.071498,1.938081,0.019026,2.639964,22.093500,22.093500
ML-KEM-1024,8388608,8 MB,200,435.499998,115.800001,14.312600,1.979300,16.843200,474.969127,2.007866,0.019026,2.585613,19.058800,19.058800
ML-KEM-1024,8388608,8 MB,201,387.700005,124.800004,12.655900,3.376000,16.544400,483.547303,1.972246,0.019026,2.343391,24.501900,24.501900
ML-KEM-1024,8388608,8 MB,204,444.199999,150.400003,20.453600,3.382100,24.430300,327.462209,2.912319,0.019026,1.818234,24.558300,24.558300
ML-KEM-1024,8388608,8 MB,206,869.399999,156.700000,13.924300,2.192900,17.143300,466.654611,2.043641,0.019026,5.071369,19.273600,19.273600
ML-KEM-1024,8388608,8 MB,208,342.500003,118.199998,14.076400,2.273400,16.810500,475.893043,2.003968,0.019026,2.037417,20.030700,20.030700
ML-KEM-1024,8388608,8 MB,209,454.200002,374.600000,14.239200,2.126100,17.194100,465.275879,2.049696,0.019026,2.641604,21.772900,21.772900
ML-KEM-1024,8388608,8 MB,210,427.699997,202.499999,17.294900,2.411500,20.336600,393.379424,2.424312,0.019026,2.103105,22.041100,22.041100
ML-KEM-1024,8388608,8 MB,211,685.700004,155.900001,21.270300,3.027700,25.139600,318.223043,2.996874,0.019026,2.727569,21.164400,21.164400
ML-KEM-1024,8388608,8 MB,212,409.599998,114.200004,14.234300,2.251500,17.009600,470.322641,2.027702,0.019026,2.408052,19.250100,19.250100
ML-KEM-1024,8388608,8 MB,213,491.699997,122.700003,16.535800,1.967600,19.117800,418.458191,2.279019,0.019026,2.571949,21.441800,21.441800
ML-KEM-1024,8388608,8 MB,214,476.999994,137.800002,16.812700,3.013300,20.440800,391.374115,2.436733,0.019026,2.333568,23.535500,23.535500
ML-KEM-1024,8388608,8 MB,215,676.999996,159.399999,16.031100,3.015700,19.883200,402.349722,2.370262,0.019026,3.404885,24.987800,24.987800
ML-KEM-1024,8388608,8 MB,216,443.599994,137.299998,16.412300,2.746100,19.739300,405.282862,2.353108,0.019026,2.247293,23.840400,23.840400
ML-KEM-1024,8388608,8 MB,217,437.900002,137.700001,16.908200,2.240400,19.724200,405.593129,2.351308,0.019026,2.220115,24.987600,24.987600
ML-KEM-1024,8388608,8 MB,218,563.399997,168.300001,16.304600,2.851200,19.887500,402.262728,2.370775,0.019026,2.832935,26.685000,26.685000
ML-KEM-1024,8388608,8 MB,219,375.999996,125.899998,19.056000,2.542700,22.100600,361.981123,2.634597,0.019026,1.701311,27.478700,27.478700
ML-KEM-1024,8388608,8 MB,220,573.500001,159.299998,19.730000,2.722500,23.185300,345.046215,2.763903,0.019026,2.473550,28.537800,28.537800
ML-KEM-1024,8388608,8 MB,221,623.799999,170.899999,16.987700,2.776300,20.558700,389.129663,2.450788,0.019026,3.034239,23.765100,23.765100
ML-KEM-1024,8388608,8 MB,222,432.900000,138.899995,17.911900,2.965800,21.449500,372.969067,2.556980,0.019026,2.018229,28.711200,28.711200
ML-KEM-1024,8388608,8 MB,223,706.200000,167.500002,18.365500,2.342300,21.581500,370.687858,2.572715,0.019026,3.272247,28.973800,28.973800
ML-KEM-1024,8388608,8 MB,224,401.700003,98.500001,19.108700,2.380300,21.989200,363.814964,2.621317,0.019026,1.826806,28.144500,28.144500
ML-KEM-1024,8388608,8 MB,225,364.400003,98.500001,17.839300,2.344000,20.646200,387.480505,2.461219,0.019026,1.764974,32.119900,32.119900
ML-KEM-1024,8388608,8 MB,226,703.700003,157.500006,20.478300,3.784000,25.123500,318.426971,2.994955,0.019026,2.800963,35.358500,35.358500
ML-KEM-1024,8388608,8 MB,227,580.300002,182.100004,17.094500,2.624200,20.481100,390.604020,2.441537,0.019026,2.833344,34.952300,34.952300
ML-KEM-1024,8388608,8 MB,228,447.500002,139.799995,16.739000,3.003700,20.330000,393.507132,2.423525,0.019026,2.201181,27.246400,27.246400
ML-KEM-1024,8388608,8 MB,229,1791.900002,311.199998,17.714000,3.022500,22.839600,350.268831,2.722692,0.019026,7.845584,25.064900,25.064900
ML-KEM-1024,8388608,8 MB,230,368.699999,95.299998,18.471300,3.561700,22.497000,355.602969,2.681851,0.019026,1.638885,27.567000,27.567000
ML-KEM-1024,8388608,8 MB,231,858.899999,169.100000,17.905100,2.404900,21.338000,374.917987,2.543688,0.019026,4.025213,26.171600,26.171600
ML-KEM-1024,8388608,8 MB,232,462.700002,175.800000,16.735100,2.938300,20.311900,393.857788,2.421367,0.019026,2.277975,24.270600,24.270600
ML-KEM-1024,8388608,8 MB,236,1108.099998,130.599998,15.288500,3.974900,20.502100,390.203930,2.444041,0.019026,5.404812,27.800300,27.800300
ML-KEM-1024,8388608,8 MB,237,434.699999,135.000002,18.308700,3.692600,22.571000,354.437110,2.690673,0.019026,1.925923,26.015900,26.015900
ML-KEM-1024,8388608,8 MB,238,439.500000,139.700001,18.056300,2.569600,21.205100,377.267733,2.527845,0.019026,2.072615,28.911300,28.911300
ML-KEM-1024,8388608,8 MB,239,899.500003,199.100003,17.534100,2.689100,21.321800,375.202844,2.541757,0.019026,4.218687,26.647400,26.647400
ML-KEM-1024,8388608,8 MB,241,446.099999,136.999995,19.002100,4.106600,23.691800,337.669573,2.824283,0.019026,1.882930,27.800200,27.800200
ML-KEM-1024,8388608,8 MB,242,582.100001,159.700001,19.046900,3.818700,23.607400,338.876793,2.814221,0.019026,2.465752,23.548100,23.548100
ML-KEM-1024,8388608,8 MB,243,423.600002,146.099999,18.273400,1.906100,20.749200,385.557034,2.473497,0.019026,2.041525,25.483100,25.483100
ML-KEM-1024,8388608,8 MB,244,349.900001,85.200001,16.202600,1.671100,18.308800,436.948353,2.182579,0.019026,1.911103,19.431200,19.431200
ML-KEM-1024,8388608,8 MB,245,331.700001,82.899998,14.227600,1.955100,16.597300,482.006109,1.978552,0.019026,1.998518,18.488800,18.488800
ML-KEM-1024,8388608,8 MB,246,349.199996,94.999996,12.939600,3.435400,16.819200,475.646880,2.005005,0.019026,2.076199,19.289000,19.289000
ML-KEM-1024,8388608,8 MB,247,480.800001,117.900003,14.236300,1.924100,16.759100,477.352602,1.997840,0.019026,2.868889,21.645700,21.645700
ML-KEM-1024,8388608,8 MB,248,443.999998,126.600004,13.934600,2.050700,16.555900,483.211423,1.973617,0.019026,2.681823,19.389600,19.389600
ML-KEM-1024,8388608,8 MB,249,611.299998,366.599998,13.864400,1.452100,16.294400,490.966221,1.942444,0.019026,3.751596,18.581000,18.581000
ML-KEM-1024,8388608,8 MB,250,783.900003,160.100004,17.655000,3.333900,21.932900,364.748848,2.614605,0.019026,3.574083,34.570500,34.570500
ML-KEM-1024,8388608,8 MB,251,475.399997,170.400002,15.368500,4.084000,20.098300,398.043616,2.395904,0.019026,2.365374,22.520100,22.520100
ML-KEM-1024,8388608,8 MB,252,464.400000,138.000003,17.523300,3.063300,21.189000,377.554391,2.525926,0.019026,2.191703,26.444400,26.444400
ML-KEM-1024,8388608,8 MB,253,415.600007,129.100001,16.841900,3.911600,21.298200,375.618597,2.538943,0.019026,1.951339,19.772700,19.772700
ML-KEM-1024,8388608,8 MB,254,403.999999,126.799998,14.215200,2.099500,16.845500,474.904277,2.008140,0.019026,2.398267,22.996400,22.996400
ML-KEM-1024,8388608,8 MB,255,438.399999,117.100004,13.834500,1.632300,16.022300,499.304095,1.910007,0.019026,2.736186,23.610400,23.610400
ML-KEM-1024,8388608,8 MB,256,422.300000,118.500000,14.997900,2.232900,17.771600,450.156429,2.118540,0.019026,2.376263,21.180100,21.180100
ML-KEM-1024,8388608,8 MB,257,354.700001,115.800001,14.552400,1.423200,16.446100,486.437514,1.960528,0.019026,2.156742,27.822700,27.822700
ML-KEM-1024,8388608,8 MB,258,559.200002,123.800004,18.738300,2.425400,21.846700,366.188028,2.604330,0.019026,2.559654,23.472400,23.472400
ML-KEM-1024,8388608,8 MB,259,1040.400006,665.799998,18.197500,2.743300,22.647000,353.247671,2.699733,0.019026,4.593986,26.050800,26.050800
ML-KEM-1024,8388608,8 MB,260,430.200002,504.400006,14.178800,2.245800,17.359200,460.850730,2.069378,0.019026,2.478225,28.403200,28.403200
ML-KEM-1024,8388608,8 MB,261,2126.599997,154.000001,17.563000,2.506000,22.349600,357.948241,2.664280,0.019026,9.515159,26.118400,26.118400
ML-KEM-1024,8388608,8 MB,262,470.100000,136.000002,19.650600,3.342600,23.599300,338.993106,2.813256,0.019026,1.992008,23.550700,23.550700
ML-KEM-1024,8388608,8 MB,263,441.500000,141.199998,20.046400,3.666600,24.295700,329.276374,2.896273,0.019026,1.817194,23.500200,23.500200
ML-KEM-1024,8388608,8 MB,264,540.999994,102.899998,15.149100,2.579500,18.372500,435.433392,2.190173,0.019026,2.944618,20.545300,20.545300
ML-KEM-1024,8388608,8 MB,265,692.499998,150.800006,12.809700,3.666200,17.319200,461.915100,2.064610,0.019026,3.998453,20.031700,20.031700
ML-KEM-1024,8388608,8 MB,266,872.700002,130.400003,13.708800,3.816600,18.528500,431.767277,2.208769,0.019026,4.710041,19.679500,19.679500
ML-KEM-1024,8388608,8 MB,267,498.400004,128.599997,13.979400,1.917500,16.523900,484.147205,1.969802,0.019026,3.016237,21.609200,21.609200
ML-KEM-1024,8388608,8 MB,268,373.900002,117.100004,14.182900,1.696600,16.370500,488.683913,1.951516,0.019026,2.283986,19.253500,19.253500
ML-KEM-1024,8388608,8 MB,269,288.199997,83.000006,13.626700,2.239600,16.237500,492.686682,1.935661,0.019026,1.774904,18.192100,18.192100
ML-KEM-1024,8388608,8 MB,270,453.799999,122.800004,14.303800,1.982300,16.862700,474.419874,2.010190,0.019026,2.691147,23.712800,23.712800
ML-KEM-1024,8388608,8 MB,272,342.899999,103.400002,16.195100,1.824200,18.465600,433.238021,2.201271,0.019026,1.856966,24.523600,24.523600
ML-KEM-1024,8388608,8 MB,273,364.799998,122.099998,16.141300,1.488300,18.116500,441.586399,2.159655,0.019026,2.013634,25.342800,25.342800
ML-KEM-1024,8388608,8 MB,274,412.900001,1144.000002,18.551700,3.692200,23.800800,336.123156,2.837276,0.019026,1.734816,23.011300,23.011300
ML-KEM-1024,8388608,8 MB,275,344.299995,112.100002,13.182100,1.725700,15.364200,520.690957,1.831555,0.019026,2.240924,19.879100,19.879100
ML-KEM-1024,8388608,8 MB,276,389.099994,100.199999,16.450100,1.821800,18.761200,426.411957,2.236509,0.019026,2.073961,21.873900,21.873900
ML-KEM-1024,8388608,8 MB,277,483.800002,152.599998,13.499600,2.030900,16.166900,494.838219,1.927245,0.019026,2.992534,19.057100,19.057100
ML-KEM-1024,8388608,8 MB,278,423.800004,102.300000,13.508200,2.372700,16.407000,487.596757,1.955867,0.019026,2.583044,18.291400,18.291400
ML-KEM-1024,8388608,8 MB,279,372.700000,201.600000,12.671100,2.117300,15.362700,520.741797,1.831377,0.019026,2.426006,21.860200,21.860200
ML-KEM-1024,8388608,8 MB,280,435.599999,145.300000,17.329800,2.386100,20.296800,394.150802,2.419567,0.019026,2.146151,23.651200,23.651200
ML-KEM-1024,8388608,8 MB,281,832.899997,166.200000,16.046100,3.210300,20.255500,394.954457,2.414644,0.019026,4.111970,23.877900,23.877900
ML-KEM-1024,8388608,8 MB,282,372.800001,129.200002,16.278700,2.551600,19.332300,413.815221,2.304590,0.019026,1.928379,20.628400,20.628400
ML-KEM-1024,8388608,8 MB,283,371.800001,123.499995,19.150000,2.310200,21.955500,364.373392,2.617300,0.019026,1.693425,23.550900,23.550900
ML-KEM-1024,8388608,8 MB,284,351.300005,83.400002,16.211600,1.534200,18.180500,440.031902,2.167284,0.019026,1.932290,22.998500,22.998500
ML-KEM-1024,8388608,8 MB,285,486.500001,140.100005,17.272400,2.003600,19.902600,401.957533,2.372575,0.019026,2.444404,23.201300,23.201300
ML-KEM-1024,8388608,8 MB,286,397.099997,123.600003,14.421100,2.006600,16.948400,472.020958,2.020407,0.019026,2.342994,21.887600,21.887600
ML-KEM-1024,8388608,8 MB,287,477.499998,122.699996,13.670300,1.757900,16.028400,499.114072,1.910734,0.019026,2.979087,20.748600,20.748600
ML-KEM-1024,8388608,8 MB,288,320.400002,83.200001,14.029600,2.210200,16.643400,480.671017,1.984048,0.019026,1.925087,19.379300,19.379300
ML-KEM-1024,8388608,8 MB,289,627.900001,149.300002,14.964400,2.444500,18.186100,439.896405,2.167952,0.019026,3.452637,20.028200,20.028200
ML-KEM-1024,8388608,8 MB,290,450.200001,127.800005,13.101200,2.325900,16.005100,499.840676,1.907957,0.019026,2.812853,28.096900,28.096900
ML-KEM-1024,8388608,8 MB,291,579.800006,121.000005,14.876500,2.277400,17.854700,448.061295,2.128446,0.019026,3.247324,23.166500,23.166500
ML-KEM-1024,8388608,8 MB,292,501.200004,88.699999,14.661100,1.757800,17.008800,470.344763,2.027607,0.019026,2.946710,21.736600,21.736600
ML-KEM-1024,8388608,8 MB,293,363.100000,96.199998,16.076400,2.651100,19.186800,416.953322,2.287245,0.019026,1.892447,27.365400,27.365400
ML-KEM-1024,8388608,8 MB,294,363.600004,123.999998,16.394700,3.569900,20.452200,391.155964,2.438092,0.019026,1.777804,23.676300,23.676300
ML-KEM-1024,8388608,8 MB,295,563.499998,392.199996,16.190400,3.069700,20.215800,395.730072,2.409911,0.019026,2.787424,21.964100,21.964100
ML-KEM-1024,8388608,8 MB,296,407.799998,100.799996,15.186800,1.826500,17.521900,456.571491,2.088773,0.019026,2.327373,27.031000,27.031000
ML-KEM-1024,8388608,8 MB,297,698.500000,356.400000,14.023800,1.902700,16.981400,471.103678,2.024341,0.019026,4.113324,20.030600,20.030600
ML-KEM-1024,8388608,8 MB,298,313.599994,84.199994,13.307600,1.600300,15.305700,522.681093,1.824582,0.019026,2.048910,18.807900,18.807900
ML-KEM-1024,8388608,8 MB,299,629.800001,2295.999999,12.506200,4.084000,19.516000,409.920066,2.326488,0.019026,3.227096,20.286500,20.286500
